{
  "section_num": "11.",
  "title": "3 电路噪声",
  "start_line": 9131,
  "end_line": 9448,
  "content": "### 11.3 电路噪声\n电路噪声对有效信号的处理产生重要影响。由于噪声存在,即使电路的输入信号为零, 即输入交流短路,输出端同样存在噪声功率信号。输出噪声由电路中各相关元件的热噪声和 $1/f$ 噪声组成。采用与 MOS 管噪声分析相类似的方式,将电路输出端电压噪声功率除以电路电压增益的平方,使输出噪声功率等效到输入端,此时电路可视为无噪声电路,从而在电路输入端得到一个等价的噪声源。输入噪声电压的高低, 表明在保持电路特定信噪比 SNR 的条件下, 电路所能分辨有效输入信号的最低值, 否则输入噪声大于输入信号的作用将导致 SNR 的大幅度降低。实际噪声电路与无噪声电路的等价关系如图 11-12 所示。\n很明显,电路的输入噪声只是一种等价方式, 无法通过实际测量得到, 只能通过对输出噪声的测试并折算到输入端后才能等价得到。正是由于这种等价方式, 使得输入等效噪声可以采用电压噪声与电流噪声两种等价模型。需要指出的是,这两种等效虽然代表同时存在两种类型的噪声源,但其作用域并不相同。当电压噪声很大时,电流噪声通常很小并可忽略；同样,当电流噪声很大时,电压噪声很小并可忽略。\n![0196aaa2-bbe2-70ee-823d-d4abf5c67805_313_164_243_1213_254_0.jpg](images/0196aaa2-bbe2-70ee-823d-d4abf5c67805_313_164_243_1213_254_0.jpg)\n图 11-12 电路系统的等效输入噪声模型\n当输入短路时,原始的输入和输出噪声都已存在,则等效输入噪声主要表现为电压噪声。 激励,同时这种电压噪声在输入端可转化为电流噪声的形式,即采用电流噪声激励可以得到相同的噪声输出,以保证输入一输出的等效关系不变,噪声模型的等效关系如图 11-13(a) 所示。同样,当输入开路时,原始的输入和输出噪声均已存在,并且与输入短路时的噪声特性相同。由于开路,输入等效电流噪声源全部用于驱动电路,形成原有的噪声输出,因此该电流噪声可在输入端转化为与之对应的等效电压噪声,如图 11-13(b) 所示。\n![0196aaa2-bbe2-70ee-823d-d4abf5c67805_313_375_1023_796_402_0.jpg](images/0196aaa2-bbe2-70ee-823d-d4abf5c67805_313_375_1023_796_402_0.jpg)\n图 11-13 等效输入噪声功率的计算\n当电路接入输入信号后,从电压激励的角度出发,当输入信号为电压信号时,则总的输入应为原始信号输入加上电压噪声输入,两者为串联关系; 从电流激励的角度出发, 当输入信号为电流信号时,则总的输入为原始输入信号加上电流噪声输入信号,两者为并联关系。 为保证对电压或电流激励信号都有效,则电压噪声应串接在输入端,而电流噪声应并接在输入端,最终构成的等效噪声输入结构如图 11-12(b) 所示。由于电压噪声与电流噪声在数量关系上相互关联和等价,但作用上相互独立,故导致无论采用电压激励或电流激励的分析方式, 均能得到相同输出噪声的计算分析结果。\n#### 11.3.1 CS 单级增益的噪声\n首先考虑电阻负载 ${R}_{\\mathrm{D}}$ 的 $\\mathrm{{CS}}$ 增益结构噪声。设输入电容为 ${C}_{\\mathrm{{in}}}$ ,在忽略 $1/f$ 噪声和相关寄生电阻 ${R}_{\\mathrm{G}}$ 和 ${R}_{\\mathrm{S}}$ 的条件下,等效电压输入噪声主要由沟道热噪声决定,并为\n$$\n\\overline{\\mathrm{d}{V}_{\\text{req }}^{2}} = {4kT}\\frac{\\gamma }{{g}_{\\mathrm{m}}} + \\frac{{4kT}{R}_{\\mathrm{D}}}{{\\left( {g}_{\\mathrm{m}}{R}_{\\mathrm{D}}\\right) }^{2}} = {4kT}\\left( {\\frac{\\gamma }{{g}_{\\mathrm{m}}} + \\frac{1}{{g}_{\\mathrm{m}}^{2}{R}_{\\mathrm{D}}}}\\right)  = \\frac{4kT}{{g}_{\\mathrm{m}}}\\left( {\\gamma  + \\frac{1}{{g}_{\\mathrm{m}}{R}_{\\mathrm{D}}}}\\right) \\;\\left( {{11} - {23}}\\right)  \\tag{11 - 23}\n$$\n由于低频直流增益 ${g}_{\\mathrm{m}}{R}_{\\mathrm{D}} \\gg  1$ ,则以上负载电阻 ${R}_{\\mathrm{D}}$ 对电路输入电压噪声功率密度的贡献可以忽略。根据 ${I}_{\\mathrm{o}} = {g}_{\\mathrm{m}}{V}_{\\mathrm{i}}$ 的关系,该输入电压噪声转化后得到的等价输出电流噪声功率密度为\n$$\n\\overline{\\mathrm{d}{I}_{\\mathrm{{oeq}}}^{2}} = {g}_{\\mathrm{m}}^{2}\\overline{\\mathrm{d}{V}_{\\mathrm{{ieq}}}^{2}} = {4kT}\\left( {\\gamma {g}_{\\mathrm{m}} + \\frac{1}{{R}_{\\mathrm{D}}}}\\right)  \\tag{11 - 24}\n$$\n$\\mathrm{{CS}}$ 电路在中高频下的电流增益 ${A}_{\\mathrm{I}} = {g}_{\\mathrm{m}}{V}_{\\mathrm{i}}/\\left( {s{C}_{\\mathrm{{in}}}{V}_{\\mathrm{i}}}\\right)  = {g}_{\\mathrm{m}}/\\left( {s{C}_{\\mathrm{{in}}}}\\right)$ ,则以上输出电流噪声等效到输入端的电流噪声功率密度为\n$$\n\\overline{\\mathrm{d}{I}_{\\mathrm{{ieq}}}^{2}} = \\overline{\\mathrm{d}{I}_{\\mathrm{{oeq}}}^{2}}/{A}_{\\mathrm{I}}^{2} = {\\left( \\omega {C}_{\\mathrm{{in}}}\\right) }^{2}\\frac{4kT}{{g}_{\\mathrm{m}}^{2}}\\left( {\\gamma {g}_{\\mathrm{m}} + \\frac{1}{{R}_{\\mathrm{D}}}}\\right)  \\tag{11 - 25}\n$$\n当CS电路采用反馈电阻 ${R}_{\\mathrm{S}}$ 时, ${R}_{\\mathrm{S}}$ 的增加一方面导致 $\\mathrm{{MOS}}$ 管输出噪声的增加,另一方面使电压增益和电流增益下降, 从而导致电路输出噪声电流下降。显然, 提高输入级跨导 ${g}_{\\mathrm{m}}$ 、增加 ${R}_{\\mathrm{D}}$ 负载电阻可有效降低输入等效电压或电流噪声。在固定栅压偏置下, ${g}_{\\mathrm{m}}$ 的增加主要依靠静态电流的提高,即增加 $\\mathrm{{CS}}$ 中放大管的 ${\\left( W/L\\right) }_{1}$ 。而静态电流的增加不但导致电路功耗增加、增益下降,还导致输出动态范围的减小。同时,由于负载电阻的增加使极点频率降低,响应速度变慢,输出信号的动态范围减小。当 ${R}_{\\mathrm{D}}$ 采用有源负载后,输出噪声的控制机制将发生相应的变化。\n![0196aaa2-bbe2-70ee-823d-d4abf5c67805_314_398_1047_798_379_0.jpg](images/0196aaa2-bbe2-70ee-823d-d4abf5c67805_314_398_1047_798_379_0.jpg)\n图 11-14 有源负载 CS 电路的噪声计算\n首先分析电路的热噪声,在忽略 PMOS 偏置电压 ${V}_{\\mathrm{B}}$ 噪声的前提下,同时假设放大管和负载管的寄生栅电阻远小于沟道电阻并忽略其影响时,则有\n$$\n\\frac{\\overline{\\mathrm{d}{V}_{2}^{2}}}{\\mathrm{d}{V}_{1}^{2}} \\approx  \\frac{{4kT}\\left( {\\gamma /{g}_{\\mathrm{m}2}}\\right) }{{4kT}\\left( {\\gamma /{g}_{\\mathrm{m}1}}\\right) } = \\frac{{g}_{\\mathrm{m}1}}{{g}_{\\mathrm{m}2}} \\tag{11 - 26}\n$$\n由此得到恒流负载 $\\mathrm{{CS}}$ 电路的等效输入噪声为\n$$\n\\overline{\\mathrm{d}{V}_{\\text{ieq }}^{2}} = \\overline{\\mathrm{d}{i}_{\\text{out }}^{2}}/{g}_{\\mathrm{m}1}^{2} = \\left( {{g}_{\\mathrm{m}1}^{2}\\overline{\\mathrm{d}{V}_{1}^{2}} + {g}_{\\mathrm{m}2}^{2}\\overline{\\mathrm{d}{V}_{2}^{2}}}\\right) /{g}_{\\mathrm{m}1}^{2} = \\overline{\\mathrm{d}{V}_{1}^{2}} + {\\left( \\frac{{g}_{\\mathrm{m}2}}{{g}_{\\mathrm{m}1}}\\right) }^{2}\\overline{\\mathrm{d}{V}_{2}^{2}} \\tag{11 - 27}\n$$\n上式表明 ${\\mathrm{M}}_{2}$ 恒流管输入噪声先经 ${g}_{\\mathrm{m}2}{r}_{\\mathrm{o}}$ 的增益转换到输出,再由 ${\\mathrm{M}}_{1}$ 管 ${g}_{\\mathrm{m}1}{r}_{\\mathrm{o}}$ 的衰减等效到输入。由以上两式化简后得到\n$$\n\\overline{\\mathrm{d}{V}_{\\text{ieq }}^{2}} = \\overline{\\mathrm{d}{V}_{1}^{2}} + {\\left( \\frac{{g}_{\\mathrm{m}2}}{{g}_{\\mathrm{m}1}}\\right) }^{2}\\frac{{g}_{\\mathrm{m}1}}{{g}_{\\mathrm{m}2}}\\overline{\\mathrm{d}{V}_{1}^{2}} = \\overline{\\mathrm{d}{V}_{1}^{2}}\\left( {1 + \\frac{{g}_{\\mathrm{m}2}}{{g}_{\\mathrm{m}1}}}\\right)  = \\overline{\\mathrm{d}{V}_{1}^{2}}\\left( {1 + \\sqrt{\\frac{{k}_{\\mathrm{p}}^{\\prime }{\\left( W/L\\right) }_{2}}{{k}_{\\mathrm{p}}^{\\prime }{\\left( W/L\\right) }_{1}}}}\\right)\n$$\n(11 - 28)\n由于放大管的跨导受负载管静态电流的影响,因此在提供固定电流偏置的条件下,负载管的电压偏置应使 PMOS 管的过驱动电压尽可能提高,以使 PMOS 恒流负载管 ${\\left( W/L\\right) }_{2}$ 和跨导 ${g}_{\\mathrm{m}2}$ 降低,即要求有源负载的过驱动电压尽可能大于放大管的过驱动电压。\n同样,对于 $\\mathrm{{CS}}$ 电路的 $1/f$ 噪声,在忽略偏置电压噪声源的基础上,有\n$$\n\\overline{\\mathrm{d}{V}_{\\mathrm{{if}}}^{2}} \\approx  \\overline{\\mathrm{d}{V}_{\\mathrm{{1f}}}^{2}}\\left\\lbrack  {1 + {\\left( \\frac{{g}_{\\mathrm{m}2}}{{g}_{\\mathrm{{ml}}}}\\right) }^{2}\\frac{\\overline{\\mathrm{d}{V}_{2\\mathrm{f}}^{2}}}{\\overline{\\mathrm{d}{V}_{1\\mathrm{f}}^{2}}}}\\right\\rbrack   = \\overline{\\mathrm{d}{V}_{\\mathrm{{1f}}}^{2}}\\left\\lbrack  {1 + {\\left( \\frac{{L}_{1}}{{L}_{2}}\\right) }^{2}\\frac{{k}_{\\mathrm{f}2}}{{k}_{\\mathrm{f}1}}\\frac{{k}_{\\mathrm{p}2}^{\\prime }}{{k}_{\\mathrm{n}1}^{\\prime }}}\\right\\rbrack   \\tag{11 - 29}\n$$\n考虑到放大管 $1/f$ 噪声电压功率正比于 $1/L$ ,则使电路的等效 $1/f$ 噪声电压最小,输入管的沟道长度 ${L}_{1}$ 的最优值为\n$$\n{L}_{1,\\text{ opt }} = {L}_{2}\\sqrt{\\frac{{k}_{\\mathrm{{fF}}1}}{{k}_{\\mathrm{{fF}}2}}\\frac{{k}_{\\mathrm{n}1}^{\\prime }}{{k}_{\\mathrm{p}2}^{\\prime }}} \\tag{11 - 30}\n$$\n在此条件下, CS电路 $1/f$ 噪声的最小输入电压为 $\\overline{\\mathrm{d}{V}_{\\mathrm{{if}}}^{2}} = 2\\overline{\\mathrm{d}{V}_{\\mathrm{{if}}}^{2}}$ ,即只有放大管与负载管相互配合, 维持 ${L}_{1}/{L}_{2}$ 合理的比例关系,电路才具有最低的等效 $1/f$ 噪声输入电压。\n![0196aaa2-bbe2-70ee-823d-d4abf5c67805_315_864_790_523_221_0.jpg](images/0196aaa2-bbe2-70ee-823d-d4abf5c67805_315_864_790_523_221_0.jpg)\n图 11-15 运放的噪声指数\n运放输入等效噪声指出了运放产生噪声功率的绝对大小如图 11-15 所示, 由于输入信号源的非理想特性,其内阻 ${R}_{\\mathrm{S}}$ 同样产生信号源的噪声功率输出,以上信号源噪声与电路噪声两者之间的相对关系可用噪声指数 $\\mathrm{{NF}}$ 定性描述,即\n$$\n\\mathrm{{NF}} = \\frac{{N}_{\\mathrm{T}}}{{N}_{\\mathrm{S}}} = \\frac{{N}_{\\mathrm{S}} + {N}_{\\mathrm{A}}}{{N}_{\\mathrm{S}}} = 1 + \\frac{{N}_{\\mathrm{A}}}{{N}_{\\mathrm{S}}} = \\frac{{\\left( S/N\\right) }_{\\mathrm{S}} + {\\left( S/N\\right) }_{\\mathrm{A}}}{{\\left( S/N\\right) }_{\\mathrm{A}}} \\tag{11 - 31}\n$$\n代入运放和信号源噪声后,得\n$$\n\\mathrm{{NF}} = 1 + \\frac{\\overline{\\mathrm{d}{V}_{\\mathrm{{ieq}}}^{2}} + {R}_{\\mathrm{S}}^{2}\\overline{\\mathrm{d}{i}_{\\mathrm{{ieq}}}^{2}}}{{4kT}{R}_{\\mathrm{S}}} \\tag{11 - 32}\n$$\n显然,对于电压信号,噪声指数反比于信号源内阻 ${R}_{\\mathrm{S}}$ ；对于电流信号噪声指数正比于 ${R}_{\\mathrm{S}}$ 。 在信号源输出内阻为低阻的条件下,电压噪声起主导作用,并且随着 ${R}_{\\mathrm{S}}$ 的增加而减小；在信号源高 ${R}_{\\mathrm{s}}$ 内阻条件下,电流噪声占主导作用,并随 ${R}_{\\mathrm{s}}$ 的增大而增大。因此,根据电流噪声与电压噪声达到平衡的 $\\partial \\left( \\mathrm{{NF}}\\right) /\\partial {R}_{\\mathrm{S}} = 0$ 的条件,得到 $\\mathrm{{NF}}$ 最小时所对应的信号源内阻为\n$$\n{R}_{\\mathrm{S},\\text{ opt }} = \\sqrt{\\overline{\\mathrm{d}{V}_{\\text{ieq }}^{2}}/\\overline{\\mathrm{d}{i}_{\\text{ieq }}^{2}}} \\tag{11 - 33}\n$$\n噪声指数可用于电路噪声水平的判断。当 ${R}_{\\mathrm{S}\\text{.opt }}$ 越小, $\\mathrm{{NF}} = 3\\mathrm{\\;{dB}}$ 所对应的电压源噪声电阻 ${R}_{\\mathrm{S}}$ 也越小,表明 ${N}_{\\mathrm{A}} = {N}_{\\mathrm{S}}$ 状态下的信号源电压噪声越小,则电路的电压噪声也越小; 同样, ${N}_{\\mathrm{A}} = {N}_{\\mathrm{S}}$ 状态下的信号源电流噪声越大,则电路的电流噪声也越大。\n#### 11.3.2 CG 单级增益的噪声\n对于无源电阻 ${R}_{\\mathrm{D}}$ 负载的 $\\mathrm{{CG}}$ 结构,考虑输入管衬底偏置引起的衬偏跨导 ${g}_{\\mathrm{{mb}}}$ 的作用。 在图 11-16(a) 的输入短路条件下, 其输入端可等效为电压噪声而电路内部噪声为零。根据实际电路与等价电路在输出端噪声相同的等价条件,同时仅考虑热电阻的影响,则有\n$$\n\\left( {\\overline{d{I}_{\\mathrm{{nl}}}^{2}} + \\overline{d{I}_{\\mathrm{{nRD}}}^{2}}}\\right) {R}_{\\mathrm{D}}^{2} = \\left( {{4kT\\gamma }{g}_{\\mathrm{{ml}}} + \\frac{4kT}{{R}_{\\mathrm{D}}}}\\right) {R}_{\\mathrm{D}}^{2} = \\overline{d{V}_{\\mathrm{{req}}}^{2}}{\\left( {g}_{\\mathrm{m}} + {g}_{\\mathrm{{mb}}}\\right) }^{2}{R}_{\\mathrm{D}}^{2} \\tag{11 - 34}\n$$\n由此得到 CG 结构的等效输入噪声电压功率密度为\n$$\n\\overline{\\mathrm{d}{V}_{\\mathrm{{ieq}}}^{2}} = \\frac{1}{{\\left( {g}_{\\mathrm{m}} + {g}_{\\mathrm{{mb}}}\\right) }^{2}}\\left( {{4kT\\gamma }{g}_{\\mathrm{m}1} + \\frac{4kT}{{R}_{\\mathrm{D}}}}\\right)  \\tag{11 - 35}\n$$\n在图 11-16(b) 的输入开路条件下,则输入管电流噪声对输出噪声没有影响,仅有负载电流噪声对输出有贡献,则等效输入电流噪声功率为 ${4kT}/{R}_{\\mathrm{D}}$ 。因此, $\\mathrm{{CG}}$ 结构的缺点之一是将负载的电流噪声直接传递到电路输入, 这是由 CG 电路电流跟随特性所决定的。\n![0196aaa2-bbe2-70ee-823d-d4abf5c67805_316_181_676_1230_326_0.jpg](images/0196aaa2-bbe2-70ee-823d-d4abf5c67805_316_181_676_1230_326_0.jpg)\n图 11-16 电阻负载的 CG 电路噪声\n在图 11-17 中, ${\\mathrm{M}}_{1}$ 管的源串联了 ${\\mathrm{M}}_{2}$ 恒流管,如图 11-17 所示,若输入短路,则 ${\\mathrm{M}}_{2}$ 管噪声电流不会流经 ${\\mathrm{M}}_{1}$ 管和负载,因此 ${\\mathrm{M}}_{2}$ 管电流噪声对电路噪声没有贡献。若输入开路, ${\\mathrm{M}}_{2}$ 管噪声电流通过 ${\\mathrm{M}}_{1}$ 管流过输出负载,其噪声电流直接加到电路的输入和输出端。因此,需要降低 ${\\mathrm{M}}_{2}$ 管的跨导 ${g}_{\\mathrm{m}2}$ 以降低电流镜的噪声电流,这又会使 ${\\mathrm{M}}_{2}$ 管的过驱动电压增大,导致 ${\\mathrm{M}}_{1}$ 管偏置电位 ${V}_{\\mathrm{b}}$ 需相应增加,则输出动态范围减小。\n![0196aaa2-bbe2-70ee-823d-d4abf5c67805_316_365_1389_361_298_0.jpg](images/0196aaa2-bbe2-70ee-823d-d4abf5c67805_316_365_1389_361_298_0.jpg)\n图 11-17 CG 中电流源噪声贡献\n![0196aaa2-bbe2-70ee-823d-d4abf5c67805_316_948_1344_284_344_0.jpg](images/0196aaa2-bbe2-70ee-823d-d4abf5c67805_316_948_1344_284_344_0.jpg)\n图 11-18 CG 中的 $1/f$ 噪声\n对于图 11-18 CG 中的 $1/f$ 噪声,当输入短路时, ${\\mathrm{M}}_{2}$ 管的噪声对电路无贡献,则等效输入电压噪声为\n$$\n\\overline{\\mathrm{d}{V}_{\\mathrm{{ieq}}}^{2}} = \\frac{1}{{\\left( {g}_{\\mathrm{m}1} + {g}_{\\mathrm{{mb}}1}\\right) }^{2}}\\frac{1}{f{C}_{\\mathrm{{ox}}}}\\left\\lbrack  {\\frac{{g}_{\\mathrm{m}1}^{2}{k}_{\\mathrm{{fn}}}}{{\\left( WL\\right) }_{1}} + \\frac{{g}_{\\mathrm{m}3}^{2}{k}_{\\mathrm{{fp}}}}{{\\left( WL\\right) }_{3}}}\\right\\rbrack   \\tag{11 - 36}\n$$\n当输入开路时, ${\\mathrm{M}}_{1}$ 管的噪声对输出无贡献,则等效输入电流噪声为\n$$\n\\overline{\\mathrm{d}{I}_{\\text{ieq }}^{2}} = \\frac{1}{f{C}_{\\mathrm{{ox}}}}\\left\\lbrack  {\\frac{{g}_{\\mathrm{m}2}^{2}{k}_{\\mathrm{{fn}}}}{{\\left( WL\\right) }_{2}} + \\frac{{g}_{\\mathrm{m}3}^{2}{k}_{\\mathrm{{fp}}}}{{\\left( WL\\right) }_{3}}}\\right\\rbrack   \\tag{11 - 37}\n$$\n#### 11.3.3 CS-CG Cascode 单级增益的噪声\n对于套筒型 Cascode 增益结构 (如图 11-19(a) 所示), 其 CG 管等效栅输入噪声, 经过源跟随传输到 ${\\mathrm{M}}_{1}$ 管 $\\mathrm{{CS}}$ 增益级的输出,再经 $\\mathrm{{CS}}$ 的增益作用转换到电路的输入,因此有\n$$\n\\overline{\\mathrm{d}{V}_{\\text{ieq }}^{2}} = \\overline{\\mathrm{d}{V}_{1}^{2}} + \\frac{1}{{\\left( {g}_{\\mathrm{{ml}}}{r}_{\\mathrm{{ol}}}\\right) }^{2}}\\overline{\\mathrm{d}{V}_{2}^{2}} \\approx  \\overline{\\mathrm{d}{V}_{1}^{2}} = {4kT}\\frac{\\gamma }{{g}_{\\mathrm{{ml}}}} \\tag{11 - 38}\n$$\n在低频条件下,若 $\\mathrm{{CS}}$ 结构的单级增益足够高,则 $\\mathrm{{CS}} - \\mathrm{{CG}}$ 的 Cascode 增益级的电压噪声主要由输入管的噪声决定, CG 管的电压噪声贡献可近似忽略。\n![0196aaa2-bbe2-70ee-823d-d4abf5c67805_317_334_671_877_414_0.jpg](images/0196aaa2-bbe2-70ee-823d-d4abf5c67805_317_334_671_877_414_0.jpg)\n图 11-19 套筒型与折叠型 Cascode 增益的噪声\n当 Telescope Cascode 中的 ${\\mathrm{M}}_{1}$ 管进入线性区后,由于阻抗和跨导的变化,导致噪声电压传输特性的改变。设 ${\\mathrm{M}}_{1}$ 管的增益因子和过驱动电压分别为 ${k}_{1}$ 和 ${\\Delta }_{1} = {V}_{\\mathrm{{GSI}}} - {V}_{\\mathrm{{TN}}}$ ,则在深度线性状态下的跨导与输出阻抗为\n$$\n{g}_{\\mathrm{{ml}}} = {k}_{1}{V}_{\\mathrm{{dsl}}},{g}_{\\mathrm{{dsl}}} = {k}_{1}\\left\\lbrack  {\\left( {{V}_{\\mathrm{{GSl}}} - {V}_{\\mathrm{{TN}}}}\\right)  - {V}_{\\mathrm{{ds}}}}\\right\\rbrack   \\approx  {k}_{1}{\\Delta }_{1} \\tag{11 - 39}\n$$\n由于 ${g}_{\\mathrm{m}2} = {k}_{2}{\\Delta }_{2}$ ,在 ${\\Delta }_{1} \\gg  {\\Delta }_{2}$ 的条件下, ${g}_{\\mathrm{{ds}}1} \\gg  {g}_{\\mathrm{m}2}$ ,则 ${\\mathrm{M}}_{2}$ 管的输入阻抗 $1/{g}_{\\mathrm{m}2}$ 对线性 ${\\mathrm{M}}_{1}$ 管构成的 $\\mathrm{{CS}}$ 电路输出阻抗影响可以忽略,此时上述 Cascode 电路中第一级 $\\mathrm{{CS}}$ 的增益及 CS-CG 总增益为\n$$\n{A}_{\\mathrm{{Vl}}} = \\frac{{g}_{\\mathrm{m}1}}{{g}_{\\mathrm{{ds}}1} + {g}_{\\mathrm{m}2}} = \\frac{{g}_{\\mathrm{m}1}}{{g}_{\\mathrm{{ds}}1}} \\approx  \\frac{{V}_{\\mathrm{{ds}}1}}{{V}_{\\mathrm{{GS}}1} - {V}_{\\mathrm{{TN}}}} = \\frac{{V}_{\\mathrm{{ds}}1}}{{\\Delta }_{1}} = {\\alpha }_{1} \\tag{11 - 40}\n$$\n$$\n{A}_{\\mathrm{V}} = {A}_{\\mathrm{V}1}{A}_{\\mathrm{V}2} = {\\alpha }_{1}{g}_{\\mathrm{m}2}{r}_{\\mathrm{o}2} \\tag{11 - 41}\n$$\n在 ${\\mathrm{M}}_{1}$ 管线性工作区,由于 ${V}_{\\mathrm{{ds1}}} < {\\Delta }_{1}$ ,则第一级增益总是小于 1。等效输入噪声电压功率密度同样表示为\n$$\n\\left. \\begin{array}{l} \\overline{\\mathrm{d}{V}_{\\mathrm{{ieq}}}^{2}} = \\overline{\\mathrm{d}{V}_{1}^{2}} + \\frac{1}{{\\left( {g}_{\\mathrm{m}1}{r}_{\\mathrm{o}1}\\right) }^{2}}\\overline{\\mathrm{d}{V}_{2}^{2}} + {\\left( \\frac{{g}_{\\mathrm{m}3}}{{g}_{\\mathrm{m}1}}\\right) }^{2} \\\\  \\overline{\\mathrm{d}{V}_{3}^{2}} \\approx  \\left( {1 + \\frac{{g}_{\\mathrm{m}3}}{{g}_{\\mathrm{m}1}}}\\right) \\overline{\\mathrm{d}{V}_{1}^{2}} \\end{array}\\right\\}   \\tag{11 - 42}\n$$\n对于折叠型 Cascode 增益 (如图 11-19(b) 所示),同样将折叠型 $\\mathrm{{CG}}$ 管 ${\\mathrm{M}}_{2}$ 与电流镜 ${\\mathrm{M}}_{3}$ 管的输入噪声先传输到 ${\\mathrm{M}}_{1}$ 管的输出,再由 $\\mathrm{{CS}}$ 增益等效到电路输入,则有\n$$\n\\left. \\begin{array}{l} \\overline{\\mathrm{d}{V}_{\\mathrm{{ieq}}}^{2}} = \\overline{\\mathrm{d}{V}_{1}^{2}} + \\frac{1}{{\\left( {g}_{\\mathrm{{ml}}}{r}_{\\mathrm{o}1}\\right) }^{2}}\\overline{\\mathrm{d}{V}_{2}^{2}} + {\\left( \\frac{{g}_{\\mathrm{m}3}}{{g}_{\\mathrm{{ml}}}}\\right) }^{2} \\\\  \\overline{\\mathrm{d}{V}_{3}^{2}} \\approx  \\left( {1 + \\frac{{g}_{\\mathrm{m}3}}{{g}_{\\mathrm{{ml}}}}}\\right) \\overline{\\mathrm{d}{V}_{1}^{2}} \\end{array}\\right\\}   \\tag{11 - 43}\n$$\n同样, $\\mathrm{{CG}}$ 管的噪声近似可忽略,而 ${\\mathrm{M}}_{3}$ 管电流镜的噪声传输与普通 $\\mathrm{{CS}}$ 增益中有源负载电流镜噪声的贡献完全相同。\n#### 11.3.4 CD 源跟随器噪声\n对于源跟随器 (如图 11-20 所示),由于输入为高阻,在中低频下输入电流噪声很小,主要考虑 ${\\mathrm{M}}_{1}$ 管电压噪声。 ${\\mathrm{M}}_{2}$ 管的输入噪声通过 ${\\mathrm{M}}_{2}$ 管增益传输到输出,再由 ${\\mathrm{M}}_{1}$ 管增益 ${A}_{\\mathrm{V}} = 1$ 传递到 $\\mathrm{{CD}}$ 的输入,即有\n$$\n\\overline{\\mathrm{d}{V}_{\\text{req }}^{2}} = \\overline{\\mathrm{d}{V}_{1}^{2}} + \\frac{{g}_{\\mathrm{m}2}^{2}\\overline{\\mathrm{d}{V}_{2}^{2}}/{g}_{\\mathrm{m}1}^{2}}{{A}_{\\mathrm{V}}^{2}} \\approx  \\overline{\\mathrm{d}{V}_{1}^{2}}\\left( {1 + \\frac{{g}_{\\mathrm{m}2}^{2}}{{g}_{\\mathrm{m}1}^{2}} \\cdot  \\frac{{g}_{\\mathrm{m}1}}{{g}_{\\mathrm{m}2}}}\\right)  = {4kT}\\frac{\\gamma }{{g}_{\\mathrm{{ml}}}}\\left( {1 + \\frac{{g}_{\\mathrm{m}2}}{{g}_{\\mathrm{m}1}}}\\right) \\left( {{11} - {44}}\\right)  \\tag{11 - 44}\n$$\n对于 $\\mathrm{{CD}}$ 的 $1/f$ 噪声,由于 ${\\mathrm{M}}_{1}$ 和 ${\\mathrm{M}}_{2}$ 为同类型 MOS 管,则\n$$\n\\frac{\\overline{\\mathrm{d}{V}_{2\\mathrm{f}}^{2}}}{\\mathrm{d}{V}_{1\\mathrm{f}}^{2}} = \\frac{{\\left( WL\\right) }_{1}}{{\\left( WL\\right) }_{2}} \\tag{11 - 45}\n$$\n![0196aaa2-bbe2-70ee-823d-d4abf5c67805_318_1066_959_363_335_0.jpg](images/0196aaa2-bbe2-70ee-823d-d4abf5c67805_318_1066_959_363_335_0.jpg)\n图 11-20 源跟随器噪声\n因此有\n$$\n\\overline{\\mathrm{d}{V}_{\\text{ifeq }}^{2}} \\approx  \\overline{\\mathrm{d}{V}_{\\mathrm{{fl}}}^{2}}\\left( {1 + \\frac{{g}_{\\mathrm{m}2}^{2}}{{g}_{\\mathrm{m}1}^{2}}\\frac{{\\left( WL\\right) }_{1}}{{\\left( WL\\right) }_{2}}}\\right)\n$$\n$$\n= \\frac{{k}_{\\mathrm{f}}}{f{C}_{\\mathrm{{ox}}}}\\left( {\\frac{1}{{\\left( WL\\right) }_{1}} + \\frac{{g}_{\\mathrm{m}2}^{2}}{{\\left( WL\\right) }_{2}{g}_{\\mathrm{{ml}}}^{2}}}\\right)  \\tag{11 - 46}\n$$\n#### 11.3.5 差分对噪声\n对于差分输入对, 差分对管均为高阻输入, 因此中低频下的输入电流噪声可以忽略, 此时仅需考虑两差分输入管的电压噪声源,如图 11-21(a) 所示。在一般的条件下,差分对的输入噪声可以等效为输入串联电压噪声与输入电流并联噪声的结构,如图 11-21(b) 所示。\n![0196aaa2-bbe2-70ee-823d-d4abf5c67805_318_227_1577_1156_386_0.jpg](images/0196aaa2-bbe2-70ee-823d-d4abf5c67805_318_227_1577_1156_386_0.jpg)\n图 11-21 全差分对的噪声模型\n假设输入端两 MOS 管的输入电压噪声为共模信号,则噪声电压通过差分对的对称结构可以得到有效抑制,因此对电路输出的影响可以忽略。若输入的两噪声源为差模信号,此时对输出噪声的影响最大。在差模噪声源的假设条件下, 差分对共源点交流接地, 则可将差分对分裂为 2 个并联并以 ${R}_{\\mathrm{D}}$ 为负载的 CS 增益结构,这样可首先得到单支路结构的等效噪声,此时差分对总输入噪声为单支路噪声的 2 倍。由于考虑的是低频下的电压噪声,其输入表现为短路条件,即\n$$\n\\overline{\\mathrm{d}{V}_{\\mathrm{{ieq}}}^{2}} = 2\\overline{\\mathrm{d}{V}_{1}^{2}} = 2 \\times  \\frac{4kT}{{g}_{\\mathrm{m}}}\\left( {\\gamma  + \\frac{1}{{g}_{\\mathrm{m}}{R}_{\\mathrm{D}}}}\\right)  \\tag{11 - 47}\n$$\n当差分对采用 MOS 有源负载,并设负载的跨导为 ${g}_{\\mathrm{m}3}$ ,则输入等效噪声电压为\n$$\n\\overline{\\mathrm{d}{V}_{\\text{req }}^{2}} = \\frac{\\overline{\\mathrm{d}{I}_{\\text{out }}^{2}}}{{g}_{\\text{ml }}^{2}} = 2\\frac{\\overline{\\mathrm{d}{I}_{1}^{2}} + \\overline{\\mathrm{d}{I}_{3}^{2}}}{{g}_{\\text{ml }}^{2}} = 2\\overline{\\mathrm{d}{V}_{1}^{2}}\\left( {1 + \\frac{{g}_{\\mathrm{m}3}}{{g}_{\\mathrm{m}1}}}\\right)  = 2 \\times  {4kT}\\frac{\\gamma }{{g}_{\\mathrm{{ml}}}}\\left( {1 + \\frac{{g}_{\\mathrm{m}3}}{{g}_{\\mathrm{{ml}}}}}\\right)\n$$\n(11 - 48)\n与电阻负载相比,电流镜负载噪声明显增加,因此需要减小 ${g}_{\\mathrm{m}3}$ 跨导以抑制等效输入噪声。\n#### 11.3.6 电流镜噪声\n在以上增益电路中,由于传输的信号主要为电压信号,因此主要分析了各种电压放大器的等效电压噪声特性。而对于另一类以电流信号传输为主的电路,如电流镜或电流放大器等 (如图 11-22 所示), 则主要应考虑电路的电流噪声。在电流镜电路中, 虽然各电流源是相互串联的关系,但电流镜噪声源是相互独立的,对输出噪声均有贡献,因此电流噪声满足线性叠加的原理。\n![0196aaa2-bbe2-70ee-823d-d4abf5c67805_319_288_1239_978_410_0.jpg](images/0196aaa2-bbe2-70ee-823d-d4abf5c67805_319_288_1239_978_410_0.jpg)\n图 11-22 电流镜的输出电流噪声\n在图 11-22(a) 中设线性电流镜的线性比例系数为 $B$ ,同时 $B$ 也成为电流镜的小信号电流增益。电流源输出管的电流噪声, 为电路中各独立恒流源噪声线性叠加的结果, 与 MOS 管电流增益系数 $B$ 的关系为\n$$\n\\overline{\\mathrm{d}{i}_{\\mathrm{{out}}}^{2}} = \\overline{\\mathrm{d}{i}_{2}^{2}} + {B}^{2}\\left( {\\overline{\\mathrm{d}{i}_{\\mathrm{{in}}}^{2}} + \\overline{\\mathrm{d}{i}_{1}^{2}}}\\right)  \\tag{11 - 49}\n$$\n因此, 降低电流镜噪声输出需降低各恒流源的噪声, 即在固定电流偏置的条件下, 通过提高偏置的过驱动电压来降低各 MOS 管的 $W/L$ ,降低跨导。\n当电流镜源端接反馈电阻构成电阻比例恒流源结构时 (如图 11-22(b) 所示),电阻噪声将对输出电流噪声产生影响。此时,电流镜的线性比例系数 $B = {R}_{1}/{R}_{2}$ ,当包含电阻噪声贡献后,则总的噪声电流为\n$$\n\\overline{\\mathrm{d}{i}_{\\text{out }}^{2}} = \\overline{\\mathrm{d}{i}_{2}^{2}} + \\overline{\\mathrm{d}{i}_{\\mathrm{R}2}^{2}} + {\\left( \\frac{{R}_{1}}{{R}_{2}}\\right) }^{2}\\left( {\\overline{\\mathrm{d}{i}_{\\text{in }}^{2}} + \\overline{\\mathrm{d}{i}_{1}^{2}} + \\overline{\\mathrm{d}{i}_{\\mathrm{R}1}^{2}}}\\right)  \\tag{11-50}\n$$\n此时,除了保持低跨导以降低 $\\mathrm{{MOS}}$ 管电流噪声外,还需通过增加电阻 $R$ 以降低电阻的电流噪声。以输入 MOS 管的 $1/{g}_{\\mathrm{m}}$ 为参照,在不同的源电阻 $R$ 下,电阻与 MOS 管对输出电流噪声的贡献是不同的。假设 ${R}_{1} = {R}_{2} = R$ ,电流镜线性传输系数 $B = 1$ 。\n当 $R < 1/{g}_{\\mathrm{m}}$ 时, MOS管电流噪声保持为 $2 \\times  {4kT\\gamma }{g}_{\\mathrm{m}}$ 的常数,此时电阻噪声以电压噪声为主,并随电阻 $R$ 的增加而增加；当 $R = 1/{g}_{\\mathrm{m}}$ 时,电阻噪声近似等于 MOS 管噪声,而当电阻继续增加后,电阻电流噪声起主导作用,噪声电流随电阻增加而减小。如同时考虑 1/ ${g}_{\\mathrm{m}2}$ 对 $\\overline{\\mathrm{d}{i}_{2}^{2}}$ 的分流, ${\\mathrm{M}}_{2}$ 管电流噪声随 $R$ 的增加而下降,见图 11-23。\n对于图 11-24 所示的非线性电流镜,若在相同的栅压偏置下输入与输出电流相同,则 ${\\mathrm{M}}_{2}$ 管的跨导 ${g}_{\\mathrm{m}2}$ 大于 ${g}_{\\mathrm{m}1}$ 。当电阻 $R$ 与 ${g}_{\\mathrm{m}2}$ 串联后,使其等效跨导减小,最低为 $1/R$ 。因此 ${\\mathrm{M}}_{2}$ 管支路噪声功率主要由电阻 $R$ 的电流噪声功率决定,并且与 ${\\mathrm{M}}_{1}$ 管电流噪声功率相同。\n![0196aaa2-bbe2-70ee-823d-d4abf5c67805_320_255_947_673_259_0.jpg](images/0196aaa2-bbe2-70ee-823d-d4abf5c67805_320_255_947_673_259_0.jpg)\n图 11-23 电阻与晶体管噪声\n![0196aaa2-bbe2-70ee-823d-d4abf5c67805_320_992_916_346_291_0.jpg](images/0196aaa2-bbe2-70ee-823d-d4abf5c67805_320_992_916_346_291_0.jpg)\n图 11-24 非线性电流源噪声\n对于图 11-25 所示的电流源,当 ${V}_{\\mathrm{G}2} > {V}_{\\mathrm{G}1}$ 时,电阻噪声可以忽略,则输出噪声电流为\n$$\n\\overline{\\mathrm{d}{I}_{\\mathrm{{out}}}^{2}} = \\overline{\\mathrm{d}{I}_{\\mathrm{{out1}}}^{2}} + \\overline{\\mathrm{d}{I}_{\\mathrm{{out2}}}^{2}} = {4kT\\gamma }\\left( {{g}_{\\mathrm{m}1} + {g}_{\\mathrm{m}2}}\\right)  = {4kT\\gamma }\\frac{2{I}_{\\mathrm{{out}}}}{{\\Delta }_{1}}\\left( {\\frac{1}{4} + \\frac{3{\\Delta }_{1}}{4{\\Delta }_{2}}}\\right)  \\tag{11 - 51}\n$$\n式中: ${g}_{\\mathrm{m}1} = 2{I}_{1}/{\\Delta }_{1},{g}_{\\mathrm{m}2} = 2{I}_{2}/{\\Delta }_{2}$ 。\n![0196aaa2-bbe2-70ee-823d-d4abf5c67805_320_304_1520_395_326_0.jpg](images/0196aaa2-bbe2-70ee-823d-d4abf5c67805_320_304_1520_395_326_0.jpg)\n图 11-25 电流噪声\n![0196aaa2-bbe2-70ee-823d-d4abf5c67805_320_867_1520_427_326_0.jpg](images/0196aaa2-bbe2-70ee-823d-d4abf5c67805_320_867_1520_427_326_0.jpg)\n图 11-26 电容噪声\n对于图 11-26 所示的电路结构,利用电容 ${C}_{\\mathrm{f}}$ 构成系统负反馈,则\n$$\n\\overline{\\mathrm{d}{V}_{\\text{ieq }}^{2}} = {\\left( \\frac{{C}_{\\mathrm{f}} + {C}_{\\mathrm{a}} + {C}_{\\mathrm{{GS}}}}{{C}_{\\mathrm{a}}}\\right) }^{2}\\overline{\\mathrm{d}{V}_{1}^{2}} = {\\left( \\frac{{C}_{\\mathrm{f}} + {C}_{\\mathrm{a}} + {C}_{\\mathrm{{GS}}}}{{C}_{\\mathrm{a}}}\\right) }^{2}{4kT}\\frac{\\gamma }{{g}_{\\mathrm{m}}} \\tag{11 - 52}\n$$\n设单位宽度栅氧化层电容为 ${C}_{\\text{oxw }}$ ,则总的栅电容 ${C}_{\\text{ox }} = W{C}_{\\text{oxw }}$ ,代入 ${g}_{\\mathrm{m}} = {k}^{\\prime }\\left( {W/L}\\right) \\Delta$ 的条件, 则输入的等效电压噪声为\n$$\n\\overline{\\mathrm{d}{V}_{\\mathrm{{ieq}}}^{2}} = {\\left( \\frac{{C}_{\\mathrm{f}} + {C}_{\\mathrm{a}} + W{C}_{\\mathrm{{oxw}}}}{{C}_{\\mathrm{a}}}\\right) }^{2}\\frac{L}{W}\\frac{4kT\\gamma }{{k}^{\\prime }\\Delta } \\tag{11 - 53}\n$$\n显然,输入 MOS 管宽度 $W$ 对输入噪声存在两种不同作用的影响,即 $W$ 增加使电容增加,从而导致噪声增加,同时, $W$ 增加使跨导增加导致噪声减小。因此,存在一最优宽度,使噪声电压最小。由噪声电压对 $W$ 的偏导为零的条件,可得到\n$$\n{W}_{\\text{opt }} = \\frac{{C}_{\\mathrm{f}} + {C}_{\\mathrm{a}}}{{C}_{\\text{oxw }}} \\tag{11 - 54}\n$$\n在此优化的 ${W}_{\\mathrm{{opt}}}$ 下,输入管的栅电容与反馈环路中的电容相匹配,即 ${C}_{\\mathrm{{GS}}} = {W}_{\\mathrm{{opt}}}{C}_{\\mathrm{{oxw}}} =$ ${C}_{\\mathrm{a}} + {C}_{\\mathrm{f}}$ 。\n通过对以上 CMOS 电路图中低频噪声分析, 可以找出降低电路噪声的主要技术路径。 一方面,减小噪声源的数量和噪声功率强度；另一方面,抑制噪声从输入到输出的传输。以上两方面的要求最终都归结为输入等效噪声电压或噪声电流功率的降低。\n在噪声源位置处, 通过减小开关活动几率, 扩展开关的频谱分布, 以及减少由单元产生的衬底噪声等方式,减小输入噪声源在信号带宽内的功率密度；在噪声输出位置,采用特定的电路、版图、工艺等相关设计技术,如全差分电路结构、对称匹配的版图结构、相互隔离的多电源供电方式、数字与模拟衬底的保护隔离环, 以及片内去耦电容等, 抑制噪声在电路输出位置的作用和影响。"
}