{
  "section_num": "6.8",
  "title": "参考文献",
  "start_line": 4625,
  "end_line": 4652,
  "content": "### 6.8 参考文献\n[1] Mistlberger F, Koch R. Class-AB High-Swing CMOS Power Amplifier. IEEE J. Solid-State Circuits, ${1992},\\left( 7\\right)  : {27}$\n[ 2 ] Czarnul Z, Takagi S, Fujii N. Common-Mode Feedback Circuit with Differential-Difference Amplifier. IEEE Trans. Circuits and Systems, ${1994},{41}\\left( 3\\right)  : {243} \\sim  {246}$\n[3] Wu P, Schaumann R, Latham P. Design Considerations for Common-Mode Feedback Circuits in Fully-Differential Operational Transconductance Amplifiers with Tuning. IEEE ISCAS. , 1991, 14 (6):1363 ~1366\n[ 4 ] Nagaraj K. Large-Swing CMOS Buffer Amplifier. IEEE J. Solid-State Circuits, 1989, (1):24\n[ 5 ] Mahattanakul J. Design Procedure for Two-Stage CMOS Operational Amplifiers Employing Current Buffer. IEEE Trans. Circuits and Systems, 2005, (11):52\n[ 6 ] Jaime R A, Ramón G C, Juan A G. A Free But Efficient Low-Voltage Class-AB Two-Stage Operational Amplifier. IEEE Trans. Circuits and Systems,2006,53(7) : ${568} \\sim  {571}$\n[ 7 ] Taherzadeh-Sani M, Lotfi R, Shoaei O. Pseudo-class-AB Telescopic-Cascade Operational Amplifier. Electronics Letters 19th, 2004, (4):40\n[8] Schltigl F, Dietrich H, Zimmermann H. High-gain High-speed Operational Amplifier in Digital 120nm CMOS. SOC Conference. 2004, Proceedings. IEEE International, 2004, 15(9):316-319\n[ 9 ] Mezyad M A, Randall L G. Gain and Bandwidth Boosting Techniques for High-speed Operational Amplifiers. IEEE ISCAS, 2001,9(5): ${232} \\sim  {235}$\n[10] Ramirez-Angulo J, Holmes M. Simple Technique Using Local CMFB to Enhance Slew Rate and Bandwidth of One-stage CMOS Op-amps. Electronic Letters, 2002, 38(23) : 409~1411\n[11] Luh L, Choma J, Jr, Draper J. A Continous-Time Common-Mode Feedback Circuit (CMFB) for High-Impedance Current-Mode Applications. IEEE Trans. Circuits and Systems, 2000, 47(4): 363~369\n[12] Scott T. Dupie and Mohammed Ismail. High Frequency CMOS Transconductors. In: Toumazou, F. J. Lidgty, D. G. Haigh, eds. Analogue IC Design: the Current-Mode approach. England: Short Run Press Itd. , 1993, 181 , 237\n## 第 7 章 闭环负反馈运放系统"
}