{
  "section_num": "3.3",
  "title": "基本电压偏置结构",
  "start_line": 1263,
  "end_line": 1400,
  "content": "### 3.3 基本电压偏置结构\n基本电压偏置仅由单支路构成,支路中 ${V}_{\\mathrm{{CC}}} \\sim  \\mathrm{{GND}}$ 为低阻通路,其最显著的特点表现为结构简单并无需启动。虽然偏置性能不高,但采用局部负反馈可适当改善电路性能,并用于高性能偏置电路的设计。\n#### 3.3.1 电源电压阻抗分压偏置\n基本偏置电路仅由单一支路通常是电阻支路或等效电阻支路构成,即电源到地之间表现为低阻通道。电阻偏置组成结构简单,但偏置的稳定性能较差。已有的几种简单偏置结构如图 3-3 所示, 讨论这些基本电路的目的, 在于引出重点讨论的自偏置及互偏置电路。\n![0196aaa2-bbe2-70ee-823d-d4abf5c67805_46_264_792_1025_409_0.jpg](images/0196aaa2-bbe2-70ee-823d-d4abf5c67805_46_264_792_1025_409_0.jpg)\n图 3-3 简单偏置结构\n## 1)简单电阻分压偏置\n单支路均为低阻串联通路,结构简单,但没有电流恒定性,相对 GND 的电压和支路电流均随电源电压而变化, 即\n$$\n{V}_{\\mathrm{b}} = \\frac{{R}_{2}}{{R}_{1} + {R}_{2}}{V}_{\\mathrm{{cc}}} \\tag{3 - 6}\n$$\n以上结果表明,对于线性电阻,由于 ${R}_{1}\\text{、}{R}_{2}$ 均为固定电阻,且交流阻抗与直流阻抗的阻值相同,因此,当电源直流扫描或电源上叠加小信号高频噪声时,输出电压和支路电流均产生相应的变化,变化的系数由式(3 - 6)中的电阻比决定。当与电源相连的 ${R}_{1}$ 电阻为低阻时,电源变化或电源噪声的传递系数增大,输出跟随电源而改变。因此,增加 ${R}_{1}$ 且减小 ${R}_{2}$ 阻抗,可在一定范围内缓解输出电压跟随电源电压的响应程度。\n电阻偏置还存在另一个问题,由于电阻与 MOS 为不同类型的元件,当电压 ${V}_{\\mathrm{b}}$ 提供 MOS 管的栅压偏置时,两者之间的匹配存在问题。当 ${V}_{\\mathrm{b}}$ 控制不当或存在误差时,所偏置 MOS 管的静态电流将有很大的变化。理想的偏置应是同类型器件之间的自适应偏置, 即 MOS 管提供给同类型 MOS 管的偏置。为此,得到如下 MOS 二极管的偏置结构。\n## 2) $R +$ MOS 二极管偏置\n单支路同样为低阻串联通路,结构简单,电流恒定性同样较差,并且没有解决静态电流的电源无关特性。由图 3-3(b) 结构, 并根据电路静态电流连续性条件, 列出方程为\n$$\n\\frac{1}{2}k{\\left( {V}_{\\mathrm{b}} - {V}_{\\mathrm{{TH}}}\\right) }^{2} = \\frac{{V}_{\\mathrm{{CC}}} - {V}_{\\mathrm{b}}}{{R}_{1}} \\tag{3 - 7}\n$$\n解得\n$$\n{V}_{\\mathrm{b}} = {V}_{\\mathrm{{TH}}} - \\frac{1}{k{R}_{1}} + \\sqrt{{\\left( \\frac{1}{k{R}_{1}} - {V}_{\\mathrm{{TH}}}\\right) }^{2} + \\frac{2{V}_{\\mathrm{{CC}}}}{k{R}_{1}}} = {V}_{\\mathrm{{TH}}} + \\Delta  \\tag{3 - 8}\n$$\n显然,由于 $\\mathrm{{MOS}}$ 二极管的应用,带来了明显的非线性,即过驱动电压 $\\Delta$ 中包含了电源电压 ${V}_{\\mathrm{{CC}}}$ 的作用。只有当过驱动电压 $\\Delta  \\ll  {V}_{\\mathrm{{TH}}}$ ,即在低电流偏置下,偏置电压才近似由 ${V}_{\\mathrm{{TH}}}$ 决定,非线性关系减弱或消失。由于 MOS 管 $I - V$ 特性的平方率关系,即使 $\\Delta$ 的变化很小, 引起的电流变化也很大。\n## 3) 两异性 MOS 二极管串联分压偏置\n如图 3-3(c),对于 PMOS 和 NMOS 二极管,由其饱和电流 ${I}_{\\mathrm{{dsn}}} = {I}_{\\mathrm{{dsp}}}$ 的条件,得\n$$\n{V}_{\\mathrm{b}} = \\frac{{V}_{\\mathrm{{TN}}} + \\sqrt{{k}_{\\mathrm{p}}/{k}_{\\mathrm{n}}}\\left( {{V}_{\\mathrm{{CC}}} - {V}_{\\mathrm{{TP}}}}\\right) }{1 + \\sqrt{{k}_{\\mathrm{p}}/{k}_{\\mathrm{n}}}} \\tag{3 - 9}\n$$\n以上关系与 CMOS 倒相器的临界转折电平是一致的。串联的 NMOS 或 PMOS 管的个数是可以任意改变的,都可等效为两异性 MOS 管的串联,并由 ${V}_{\\mathrm{{cc}}}$ 和开启电压得到 ${V}_{\\mathrm{b}}$ ,根据同类 MOS 管的 $W/L$ 关系及 ${V}_{\\mathrm{{CC}}}\\text{、}{V}_{\\mathrm{b}}$ 的大小,再计算内部具体的分压值。考虑衬偏效应将使 ${V}_{\\mathrm{b}}$ 的计算更为复杂,因此在一般的解析计算中,均忽略衬偏影响以简化分析。\nMOS 二极管与线性电阻分压电路是一种典型的非线性电路结构, 即使是在忽略 MOS 管衬底偏置效应的条件下也是如此。在大信号下, MOS 二极管应取直流电阻,该直流电阻为\n$$\n{R}_{-\\text{极管 }\\_ \\mathrm{{dc}}} = \\frac{{V}_{\\mathrm{{DS}}}}{{I}_{\\mathrm{{DS}}}} = \\frac{{V}_{\\mathrm{{GS}}}}{{I}_{\\mathrm{{DS}}}} = \\frac{\\Delta  + {V}_{\\mathrm{{TH}}}}{{I}_{\\mathrm{{DS}}}} = \\frac{2}{{g}_{\\mathrm{m}}} + \\frac{{V}_{\\mathrm{{TH}}}}{{I}_{\\mathrm{{DS}}}} = 2{R}_{-\\text{极管 }\\_ \\mathrm{{ac}}} + \\frac{{V}_{\\mathrm{{TH}}}}{{I}_{\\mathrm{{DS}}}} \\tag{3 - 10}\n$$\n可见 MOS 二极管的直流导通电阻远大于对应的交流电阻 $1/{g}_{\\mathrm{m}}$ 。当采用恒流源代替电阻 $R$ 时,静态大信号下的直流偏置电压由 MOS 恒流源的直流电阻与 MOS 二极管的直流电阻分压决定。恒流源的直流电阻随 ${V}_{\\mathrm{{DS}}}$ 的增加而近似线性增加,并比相同 ${I}_{\\mathrm{{DS}}}$ 电流条件下的 MOS 二极管直流电阻更大。在恒流源与 MOS 二极管的偏置电流中,只要 ${V}_{\\mathrm{{CC}}} - {V}_{\\mathrm{{GS}}} \\gg$ ${V}_{\\mathrm{{GS}}}$ ,直流电源电压则主要降落在相对高阻的恒流源上,从而确定 MOS 二极管合适的静态工作点。\n当电源存在扰动的交流小信号变化时,该结构的电阻分压应采用交流小信号电阻模型, MOS 二极管的交流电阻明显减小, 且恒流源的交流大电阻急剧增加, 确保了偏置电路具有很高的 PSRR 性能。因此, 在考虑动态稳定性时, 通常采用交流电阻的小信号等效模型。\n## 4) MOS 二极管分裂的偏置\n将前一种结构中的某一 MOS 二极管管分裂成两管串联。已经证明, 在电流导通的条件下, 串联在上的 MOS 管连接成二极管结构, 始终处于饱和工作区; 而串联在下的 MOS 管无论其 $W/L$ 如何,总是处于线性区。图 3-4(b)中,利用分裂 MOS 管在线性电阻区对两 MOS 二极管偏置的反馈控制作用,有效提高了此类电压偏置的稳定性。\n利用 MOS 管分裂结构,还可得到提供 Cascode MOS 管偏置的设计限制条件。图 3-4(a) 从基本的线性电流镜出发,图 3-4(b) 将目标管 ${M}_{2}$ 等效分裂为两个串联的 MOS 管。若将两个MOS管独立看待,因栅压相同则 ${\\mathrm{M}}_{3}$ 一定处于线性电阻区,无法提供 Cascode 偏置。 对原 MOS 裂变串联结构的 ${\\mathrm{M}}_{3}$ 采用自偏置后,构成图 3-4(c) 所示的 Cascode 偏置结构。 理论上看,即使 ${\\mathrm{M}}_{2}$ 仍有可能进入线性电阻区,但同样存在进入并保留在饱和工作区的可能,其代价是 ${\\mathrm{M}}_{3}$ 也有可能进入线性工作区。\n![0196aaa2-bbe2-70ee-823d-d4abf5c67805_48_209_502_1136_379_0.jpg](images/0196aaa2-bbe2-70ee-823d-d4abf5c67805_48_209_502_1136_379_0.jpg)\n图 3-4 固定偏置的 MOS 管分裂结构分析\n假设 ${\\mathrm{M}}_{2}$ 管设置在饱和区,则在固定电流的驱动下其栅压 ${V}_{\\mathrm{{GS}}2}$ 也被恒定,此时若 ${V}_{\\mathrm{{GS}}3}$ 被 ${\\mathrm{M}}_{1}$ 管偏置到合适的范围,使 ${\\mathrm{M}}_{3}$ 饱和且 ${V}_{\\mathrm{y}}$ 电位跟随 ${V}_{\\mathrm{{GS}}3}$ 变化,只要 ${V}_{\\mathrm{y}}$ 不是太低,则 ${\\mathrm{M}}_{2} -$ 定工作于饱和区；另一方面, ${V}_{\\mathrm{y}}$ 也不能过高,使 ${V}_{\\mathrm{{DS}}3}$ 降低而导致 ${\\mathrm{M}}_{3}$ 进入线性电阻区域。因此,根据 ${\\mathrm{M}}_{2}$ 和 ${\\mathrm{M}}_{3}$ 两管的 $W/L$ 而设置合适的 ${V}_{\\mathrm{{GS}}3}$ 偏置,则可确保 ${\\mathrm{M}}_{2}$ 和 ${\\mathrm{M}}_{3}$ 都进入饱和恒流区,形成 Cascode 偏置。\n图 3-4(c) 实际上就是一种宽动态范围的 Cascode 偏置结构,只有 ${\\mathrm{M}}_{1}$ 管的过驱动电压至少为 ${\\mathrm{M}}_{2}$ 、 ${\\mathrm{M}}_{3}$ 两管过驱动电压之和时,两管才有可能均进入饱和工作区。在通常的设计条件下, ${\\mathrm{M}}_{2}$ 和 ${\\mathrm{M}}_{3}$ 的 $W/L$ 相同,忽略衬底偏置作用后两管的过驱动电压近似相同,总和为 ${2\\Delta }$ 。对于流过相同电流的 ${\\mathrm{M}}_{1}$ 和 ${\\mathrm{M}}_{2}$ 饱和管,若取 $4{\\left( W/L\\right) }_{1} = {\\left( W/L\\right) }_{2} = {\\left( W/L\\right) }_{3}$ ,因 ${\\mathrm{M}}_{2}$ 的 $W/L$ 是 ${\\mathrm{M}}_{1}$ 的 4 倍,则 ${\\mathrm{M}}_{1}$ 的过驱动电压为 ${M}_{2}$ 的 2 倍,确保饱和恒流的 Cascode 工作区状态。当 ${\\mathrm{M}}_{2}$ 或 ${\\mathrm{M}}_{3}$ 管其中之一进入线性电阻区后,输出阻抗显著降低, Cascode 偏置的高输出阻抗特性明显退化。\n## 5) ${\\mathbf{V}}_{\\mathrm{{GS}}}$ 倍增偏置\n对于图 3-3(d) 结构,由于 ${R}_{1}$ 电阻的偏压作用, ${\\mathrm{M}}_{1}$ 始终位于饱和恒流区,同时串联电阻上的电流连续, 则有\n$$\n{V}_{\\mathrm{b}} = {V}_{\\mathrm{{GS}}}\\left( {1 + \\frac{{R}_{1}}{{R}_{2}}}\\right)  \\approx  \\left( {{V}_{\\mathrm{{TN}}} + \\Delta }\\right) \\left( {1 + \\frac{{R}_{1}}{{R}_{2}}}\\right)  \\tag{3 - 11}\n$$\n利用 ${V}_{\\mathrm{{GS}}}$ 的钳位作用,并采用电阻串联的倍增效应,提供与 ${V}_{\\mathrm{{GS}}}$ 成比例关系的偏置电压。 提高 ${R}_{1}$ 和 ${R}_{2}$ 电阻,一方面是低功耗的要求,另一方面可减小电阻分流的影响,确保 MOS 管流过相对恒定的电流,使输出偏置的参考源 ${V}_{\\mathrm{{GS}}}$ 自身保持应有的稳定特性。\n## 6)耗尽管 (Depletion) 偏置\n耗尽 MOS 管的重要特点在于当 ${V}_{\\mathrm{{GS}}} = 0$ 时,导电沟道已经存在并参与导电,因此只要 ${\\mathrm{V}}_{\\mathrm{{DS}}} \\neq  0$ 就有导通电流。在偏置电路中,直接将耗尽管的 $\\mathrm{{GS}}$ 端短路连接,并与若干增强型 MOS 二极管及电阻相串联,即可形成 ${V}_{\\mathrm{{cc}}} - \\mathrm{{GND}}$ 的电流通道。考虑到当耗尽管 $\\lambda$ 值减小后, 恒流特性提高,因此耗尽管两端电压 ${V}_{\\mathrm{{DS}}}$ 值的不同,并不会对偏置电流的改变产生很大的影响。\n基于耗尽恒流管的偏置电路结构简单,其栅电位 ${V}_{\\mathrm{G}}$ 取自源极电位, ${V}_{\\mathrm{{GS}}} = 0$ ,成为自偏置结构中的一个特例。由于耗尽管工艺通常为非典型工艺, 工艺成本大。因此, 基于耗尽管的自偏置结构,其实质是以工艺的复杂性为代价来换取偏置电路设计难度大幅度的降低和简化。基于耗尽管结构的偏置电路,可以提供近似稳定的输出电流,通过适当的电流镜转换后,可驱动相应 MOS 管的栅压,形成电流偏置。\n#### 3.3.2 ${V}_{\\mathrm{{TH}}}$ 偏置\n除基于耗尽管的偏置结构外,以上各类单支路基本偏置电路都无法解决静态电流与 ${V}_{\\mathrm{{CC}}}$ 近似线性正比的关系。而基于阈值电压的偏置结构,电路的静态电流仅由 ${V}_{\\mathrm{{GS}}}$ 或 ${V}_{\\mathrm{{TH}}}$ 定义, 其目的就在于减小偏压与电源电压的依存关系, 初步解决输出电流对电源电压敏感的问题。该类型电路如图 3-5 所示, 通过细致分析, 可以引出更高性能自偏值电路设计的核心思路。\n![0196aaa2-bbe2-70ee-823d-d4abf5c67805_49_354_888_859_529_0.jpg](images/0196aaa2-bbe2-70ee-823d-d4abf5c67805_49_354_888_859_529_0.jpg)\n图 3-5 ${V}_{\\mathrm{{BE}}}/{V}_{\\mathrm{{TH}}}$ 偏置电路结构\n首先,利用两个 ${V}_{\\mathrm{{BE}}}$ 或 ${V}_{\\mathrm{{GS}}}$ 串联电压钳位作用,由 ${R}_{1}$ 定义输入电流 ${I}_{\\mathrm{{in}}}$ ,即\n$$\n{I}_{\\text{in }}\\left( \\mathrm{{BJT}}\\right)  = \\frac{{V}_{\\mathrm{{CC}}} - {V}_{\\mathrm{{BE}}1} - {V}_{\\mathrm{{BE}}2}}{{R}_{1}} \\approx  \\frac{{V}_{\\mathrm{{CC}}} - 2{V}_{\\mathrm{{BE}}}}{{R}_{1}} \\tag{3 - 12}\n$$\n$$\n{I}_{\\text{in }}\\left( \\mathrm{{MOS}}\\right)  = \\frac{{V}_{\\mathrm{{CC}}} - {V}_{\\mathrm{{GS1}}} - {V}_{\\mathrm{{GS}}2}}{{R}_{1}} \\approx  \\frac{{V}_{\\mathrm{{CC}}} - 2\\left( {{V}_{\\mathrm{{TH}}} + \\Delta }\\right) }{{R}_{1}} \\tag{3 - 13}\n$$\n其次,利用 ${V}_{\\mathrm{{BE}}}$ 或 ${V}_{\\mathrm{{GS}}}$ 的电压串联钳位作用,由 ${R}_{2}$ 定义输出电流,有\n$$\n{I}_{\\mathrm{o}}\\left( \\mathrm{{BJT}}\\right)  = \\frac{{V}_{\\mathrm{{BE}}1}}{{R}_{2}} = \\frac{{V}_{\\mathrm{T}}}{{R}_{2}}\\ln \\frac{{I}_{\\mathrm{{in}}}}{{I}_{\\mathrm{{Sl}}}} \\tag{3 - 14}\n$$\n$$\n{I}_{\\mathrm{o}}\\left( \\mathrm{{MOS}}\\right)  = \\frac{{V}_{\\mathrm{{GS}}1}}{{R}_{2}} = \\frac{{V}_{\\mathrm{{TH}}1} + {\\Delta }_{1}}{{R}_{2}} = \\frac{{V}_{\\mathrm{{TH}}1} + \\sqrt{2{I}_{\\mathrm{{in}}}/{k}_{1}}}{{R}_{2}} \\tag{3 - 15}\n$$\n在以上 NMOS 的 ${V}_{\\mathrm{{TH}}}$ 偏置结构中,只有在电路限定 ${I}_{\\mathrm{o}} = {I}_{\\text{in }}$ 或线性相关的条件下,才能由上式解出输入或输出电流的大小, 即\n$$\n{I}_{\\mathrm{o}} = {I}_{\\mathrm{{in}}} = \\frac{{V}_{\\mathrm{{TH}}}}{{R}_{2}} + \\frac{1}{{k}_{1}{R}_{2}^{2}} + \\frac{1}{{R}_{2}}\\sqrt{\\frac{1}{{\\left( {k}_{1}{R}_{2}\\right) }^{2}} + \\frac{2{V}_{\\mathrm{{TH}}}}{{k}_{1}{R}_{2}}} \\tag{3 - 16}\n$$\n在 ${V}_{\\mathrm{{GS}}}$ 偏置电路中,若各 MOS 管的过驱动电压很小,则近似为 ${V}_{\\mathrm{{TH}}}$ 偏置。若近似认为各MOS管的过驱动 $\\Delta$ 均相等,可利用 ${I}_{\\text{in }} - {I}_{\\text{o }}$ 的线性关系求出 $\\Delta$ ,并近似有\n$$\n\\Delta  \\approx  \\frac{{R}_{2}}{{R}_{1} + 2{R}_{2}}{V}_{\\mathrm{{CC}}} - {V}_{\\mathrm{{TH}}} \\tag{3 - 17}\n$$\n根据 ${V}_{\\mathrm{{CC}}}$ 及 ${V}_{\\mathrm{{TH}}}$ 的关系,通过合理设置电阻 ${R}_{1}$ 和 ${R}_{2}$ 的比值,使得 $\\Delta  \\rightarrow  0$ 的低电压低功耗条件成立,并由此实现 ${V}_{\\mathrm{{TH}}}$ 偏置状态,并在很大程度上缓解对 ${V}_{\\mathrm{{CC}}}$ 的相关性,最终有\n$$\n{I}_{\\mathrm{o}} = {I}_{\\mathrm{{in}}} \\approx  \\frac{{V}_{\\mathrm{{THl}}}}{{R}_{2}} \\tag{3 - 18}\n$$\n输出电流 ${I}_{\\mathrm{o}} = {V}_{\\mathrm{{TH}}}/{R}_{2}$ 在不考虑电阻 ${R}_{2}$ 变化的前提限制条件下获得稳定且与 ${V}_{\\mathrm{{CC}}}$ 无关的偏置输出,因此,输出电流的工艺相关性体现在电阻 $R$ 的变化上。另一方面,为了获得以上 ${V}_{\\mathrm{{TH}}}$ 偏置结果,必须实现使以上结果成立的前提条件,由此得到 ${V}_{\\mathrm{{TH}}}$ 偏置结构的进一步演变过程。"
}