{
  "section_num": "11.4",
  "title": "非本征噪声",
  "start_line": 9449,
  "end_line": 9868,
  "content": "### 11.4 非本征噪声\n在以数模混合信号为主要特点的 $\\mathrm{{SoC}}$ 系统中,电源纹波对信号的影响更为显著,并在很大程度上掩盖了电路本征噪声的作用。这种非本征噪声,尤其是数字电路中的高频开关元件在状态切换中引起的瞬态电流冲击,将产生电源和地电位的波动,此外,随着电源电压的降低, Cascode 等高性能抗电源噪声电路结构的应用更加困难。因此, 电源噪声相对于本征噪声,对电路性能的影响更为显著。\n#### 11.4.1 电源噪声\n## 1)基本概念\n电源抑制比 PSRR(Power Supply Rejection Ratio)是反映电路受电源噪声影响的一个重要指标参数,即输入电源噪声经相关通道传递到达电路输出端后,电源的纹波放大与有效信号放大的相对大小。与输入电压纹波相比,输出纹波应有较大幅度的抑制,即电源纹波增益越小 $\\left( {{A}_{\\mathrm{{VN}}} \\ll  1}\\right)$ ,表明电路具有较高的 PSRR; 相反,若电源纹波增益越大 $\\left( {{A}_{\\mathrm{{VN}}} \\gg  1}\\right)$ ,则 PSRR 性能变差。从信号通路看,开环运放具有很高的小信号放大能力,即开环增益 ${A}_{\\mathrm{{VS}}} \\gg$ 1。因此一个高性能的运放系统,不但具有尽可能高的有效信号放大能力 $\\left( {{A}_{\\mathrm{{VS}}}\\text{大}}\\right)$ ,同时又具有尽可能高的噪声纹波信号抑制能力 $\\left( {{A}_{\\mathrm{{VN}}}\\text{小}}\\right)$ ,由此定义的 PSRR 为\n$$\n\\mathrm{{PSRR}} = {20}\\log \\left( \\frac{{A}_{\\mathrm{v}}}{{A}_{\\mathrm{p}}}\\right)  = {20}\\log \\frac{{\\left( \\Delta {V}_{\\mathrm{o}}/{V}_{\\mathrm{i}}\\right) }_{{\\mathrm{V}}_{\\mathrm{p}} = \\mathrm{C}}}{{\\left( \\Delta {V}_{\\mathrm{o}}/{V}_{\\mathrm{p}}\\right) }_{{\\mathrm{V}}_{\\mathrm{i}} = \\mathrm{C}}} \\approx  {20}\\log \\frac{1}{\\left\\lbrack  \\left( \\Delta {V}_{\\mathrm{o}}/{A}_{\\mathrm{v}}\\right) /{V}_{\\mathrm{p}}\\right\\rbrack  } \\tag{11 - 55}\n$$\n式中: ${V}_{\\mathrm{p}}$ ——可以是电源 ${V}_{\\mathrm{{CC}}}$ 噪声信号,也可以是地 ${V}_{\\mathrm{{SS}}}$ 噪声信号,其所形成的电源抑制比分别定义为 ${\\mathrm{{PSRR}}}_{{\\mathrm{V}}_{\\mathrm{{CC}}}}$ 和 ${\\mathrm{{PSRR}}}_{{\\mathrm{V}}_{\\mathrm{{SS}}}}$ 。\n当考虑 ${V}_{\\mathrm{{CC}}}$ 噪声的 PSRR 时, ${V}_{\\mathrm{{SS}}}$ 交流接地; 同样,当考虑 ${V}_{\\mathrm{{SS}}}$ 噪声的 PSRR 时, ${V}_{\\mathrm{{CC}}}$ 交流接地。在计算信号增益时,电源交流接地,而在计算电源小信号增益时,输入信号交流接地。 上式表明,有效电压信号增益函数的零极点仍然保持为 PSRR 的零极点,而噪声电压传输函数 ${A}_{\\mathrm{P}}$ 的零极点性质与 PSRR 相反,其两者的相互作用共同决定电路的频率特性。\n影响 PSRR 的因素很多,包括环路增益、系统中的零极点分布、输入电压、负载电阻和电容等。高的电源抑制比,可以由高的信号电压增益带来,也可以由小的电源噪声电压传输特性引起。因此, 不同电路即使具有相同的 PSRR, 也无法判断不同电路对电源噪声输出实际值的大小。电源抑制比反映的是信号传输与噪声传输的相对变化,与电路的小信号增益及其带宽有关, 而无法反映电源噪声的独立影响。\n在某些应用场合, 更关注电源噪声电压的实际输出及作用, 以比较不同增益电路的噪声处理性能,此时的电源抑制 $\\mathrm{{PSR}} = {20}\\log \\left( {1/{A}_{\\mathrm{p}}}\\right)$ 可用来单独表示噪声电压的传输特性。显然, 高的 PSRR 可以是电路高增益、或电路低噪声引起, 更可以由高增益与低噪声共同引起; 而高的 PSR, 则一定是电路的低噪声传输引起。然而, 由于电源噪声的传输路径并非唯一,本质上看电源噪声为多通道输入与传输,其中部分噪声可以通过信号增益路径进行传输,部分直接传递到电路输出,因此电源噪声传递函数 ${A}_{\\mathrm{p}}$ 或 $\\mathrm{{PSR}}$ 通常也是与小信号电路增益相关的。\n在另一方面,电路的 PSRR 特性不受电路开环与闭环状态的影响,而对于 PSR 特性,开环与闭环负反馈系统下的 PSR 特性却有明显的不同。以运放最后一级输出的单级增益 ${\\mathrm{{PSR}}}_{\\infty }$ 为例,由于闭环负反馈使其输出阻抗变化,导致 ${\\mathrm{{PSR}}}_{\\infty }$ 产生很大的变化,即与相同输出级在开环状态下的 ${\\mathrm{{PSR}}}_{\\infty }$ 明显不同。\n## 2)电源噪声的分析方法\n对于 PSRR 或 PSR 的分析,应采用等效电路小信号的分析方法。这种分析方法的关键是根据电源 ${V}_{\\mathrm{{CC}}}$ 或 ${V}_{\\mathrm{{SS}}}$ 交流小信号传输的等效电路,计算出电源噪声信号的传递函数 ${A}_{\\mathrm{p}}$ ,并采用同样的方法计算出输入小信号的传输函数,最后再根据相关定义计算 PSR 或 PSRR。 用这种分析方法其结果精确,包含低频到高频整个频率范围下的噪声特性,可以获得精确的零一极点分布。这种方法的主要缺点是计算过于复杂, 尤其是对多级运放, 很难得到物理概念清晰简洁的结果。但无论如何,小信号等效电路的分析是构成计算电源噪声传输特性的重要基础。\n这里,介绍一种基于系统单级增益分解的 PSRR 计算方法。它是将复杂的电路分解为独立单级增益, 使电路结构简化, 在此基础上仅对单级电路采用小信号等效电路的分析方法, 将大幅度简化系统电源噪声分析的复杂程度、并且物理概念明确, 能清楚地判断各级增益结构对电路输出总噪声的具体贡献, 对提高运放抑制电源噪声的设计有良好指导作用。\n由于电源噪声的影响,运放系统的输出不但包括有效输入信号的放大 ${V}_{\\mathrm{{oa}}} = {A}_{\\mathrm{v}}{V}_{\\mathrm{{in}}}$ ,而且还包括电源噪声的传输 ${V}_{\\mathrm{{op}}} = {A}_{\\mathrm{p}}{V}_{\\mathrm{p}}$ ,其中 ${A}_{\\mathrm{v}}\\text{、}{A}_{\\mathrm{p}}$ 分别为输入信号与电源噪声信号的小信号增益, ${V}_{\\mathrm{p}}$ 为电源噪声的等效小信号输入信号,有效输入信号为 ${V}_{\\text{in }}$ 。因此,总的输出为以上两类相互独立信号的线性叠加, 即\n$$\n{V}_{\\mathrm{o}} = {A}_{\\mathrm{p}}{V}_{\\mathrm{p}} + {A}_{\\mathrm{v}}{V}_{\\mathrm{{in}}} = {A}_{\\mathrm{v}}\\left( {{V}_{\\mathrm{{in}}} + \\frac{{A}_{\\mathrm{p}}}{{A}_{\\mathrm{v}}}{V}_{\\mathrm{p}}}\\right)  = {A}_{\\mathrm{v}}\\left( {{V}_{\\mathrm{{in}}} + \\frac{1}{\\mathrm{{PSRR}}}{V}_{\\mathrm{p}}}\\right)  \\tag{11 - 56}\n$$\n式(11-56)表明,电源噪声经过 PSRR 的抑制后,再叠加到输入并经信号增益通路放大形成总的信号输出。显然, 减小电源噪声输出主要包括两个方面的措施, 一方面可通过减小电源噪声源 ${V}_{\\mathrm{p}}$ 的强度,另一方面通过提高电路的 PSRR,这都能有效降低电源噪声对输出的影响。不同的电源噪声如 ${V}_{\\mathrm{{CC}}}$ 或 ${V}_{\\mathrm{{SS}}}$ 可以分开单独处理,以简化分析。\n另一方面,虽然噪声信号与输入信号的位置不同,但输出反馈对输入信号与电源噪声输入有完全相同的抑制作用。因此, 对于特定的电源噪声, 开环运放系统的 PSRR 与构成闭环运放系统的 PSRR 相同。以三级闭环系统为例,图 11-27(a) 给出了信号和电源噪声的不同传输路径。在单级增益结构组成的多级系统中, 除了最后的输出级电源噪声通过该级支路中的电抗比传输到本级输出结点,以此构成电源信号的直接传输；对于内部单级增益, 当电源噪声以同样的方式传输到内部结点后,还将通过后级增益支路将感应到的噪声电压或电流传递到输出端, 以此构成电源噪声的间接传输模式。最终, 总的输出噪声电压为多级增益中各单级电路传输噪声电压的线性叠加。图 11-27(b) 给出了两种信号的等效结构, 根据此等效结构, 闭环输出为\n$$\n{V}_{\\mathrm{o}} = \\frac{{A}_{\\mathrm{p}}}{1 + F{A}_{\\mathrm{v}}}{V}_{\\mathrm{p}} + \\frac{{A}_{\\mathrm{v}}}{1 + F{A}_{\\mathrm{v}}}{V}_{\\text{in }} \\tag{11-57}\n$$\n![0196aaa2-bbe2-70ee-823d-d4abf5c67805_323_236_1088_1064_339_0.jpg](images/0196aaa2-bbe2-70ee-823d-d4abf5c67805_323_236_1088_1064_339_0.jpg)\n图 11-27 信号与电源噪声的传输通道\n在闭环控制下,噪声输出与信号输出均受到相同的负反馈调节控制。在低频条件下,当 $F{A}_{\\mathrm{v}} \\gg  1$ 时,则(11 - 57)式给出的总输出与 PSRR 的关系为\n$$\n{V}_{\\mathrm{o}} = \\frac{1}{F}\\left( {\\frac{{A}_{\\mathrm{p}}}{{A}_{\\mathrm{v}}}{V}_{\\mathrm{p}} + {V}_{\\mathrm{{in}}}}\\right)  = \\frac{1}{F}\\left( {\\frac{1}{{A}_{\\mathrm{v}}/{A}_{\\mathrm{p}}}{V}_{\\mathrm{p}} + {V}_{\\mathrm{{in}}}}\\right)  = \\frac{1}{F}\\left( {\\frac{1}{\\mathrm{{PSRR}}}{V}_{\\mathrm{p}} + {V}_{\\mathrm{{in}}}}\\right)  \\tag{11 - 58}\n$$\n闭环与开环系统差别仅在于增益由开环下的 ${A}_{\\mathrm{v}}$ 下降到闭环下的 $1/F$ ,使电路噪声输出总量下降,而对信号与噪声电压的放大关系则保持不变。与此相对应,开环 ${A}_{\\mathrm{p}}$ 变化到闭环 ${A}_{\\mathrm{p},\\mathrm{{cL}}}$ 时下降了 $1 + F{A}_{\\mathrm{v}}$ 倍,因此采用闭环负反馈可以大幅度降低电路的电源噪声输出,提高 PSR。\n将电路系统构成单位负反馈闭环系统,即 $F = 1$ ,同时输入 ${V}_{\\text{in }}$ 为交流接地,即 ${V}_{\\text{in }} = 0$ , 此时在电源施加小信号扰动 ${V}_{\\mathrm{p}}$ ,通过测量在此电源噪声下的系统输出 ${V}_{\\mathrm{o}}$ ,即可得到电路的 $\\mathrm{{PSRR}} = {V}_{\\mathrm{p}}/{V}_{\\mathrm{o}}$ 。当 ${V}_{\\mathrm{p}}$ 为 ${V}_{\\mathrm{{CC}}}$ 噪声时,对应的是 ${\\mathrm{{PSRR}}}_{{\\mathrm{V}}_{\\mathrm{{CC}}}}$ ; 当 ${V}_{\\mathrm{p}}$ 为 ${V}_{\\mathrm{{SS}}}$ 噪声时,对应的是 ${\\mathrm{{PSRR}}}_{{\\mathrm{v}}_{\\mathrm{{SS}}}}$ 。因此,式 (11 - 59) 给出了检测电路 $\\mathrm{{PSRR}}$ 的基本方法,即在输入信号为零的单位负反馈状态下有\n$$\n\\mathrm{{PSRR}} = \\frac{{A}_{\\mathrm{v}}}{{A}_{\\mathrm{p}}} = \\frac{{A}_{{\\mathrm{V}}_{\\mathrm{f}}}}{{A}_{{\\mathrm{p}}_{\\mathrm{f}}}} = \\frac{1}{{A}_{{\\mathrm{p}}_{\\mathrm{f}}}} = \\frac{{V}_{\\mathrm{p}}}{{V}_{\\mathrm{o}}} = \\frac{1}{{V}_{\\mathrm{o}}/{V}_{\\mathrm{p}}} = \\mathrm{{PSR}} \\tag{11 - 59}\n$$\n式中 ${A}_{\\mathrm{{Vf}}} = 1$ ,在以上设定的条件下,对电源 ${V}_{\\mathrm{p}}$ 噪声测得的噪声输出为 ${V}_{\\mathrm{o}}$ 时,由此得到此状态下的电源噪声反向传递函数, 因此式 (11-59) 所依据的 PSRR 测试, 其本质是通过测试单位闭环负反馈下的 PSR 而获得。1/PSR 反映出电路中电源噪声的传递系数,而 PSR 则对应于噪声的反向传输系数,当此反向传输系数很大时,表明电路的 PSR 较大且对噪声有很大的抑制作用。\n由于 PSR 与闭环反馈有关,即 PSR $= F \\times$ PSRR,在不同的反馈系数 $F$ 下电路的 PSR 不同,反馈越大则 PSR 越大。对于无源负反馈,最大的电源噪声抑制 (PSR) 发生在最大即单位负反馈的条件下,即 ${\\mathrm{{PSR}}}_{\\max } = {\\mathrm{{PSRR}}}_{ \\circ  }$ 相反,开环下电路电源噪声放大后输出,使 $\\mathrm{{PSR}}$ 大幅度降低,原因在于开环下由于 $F = 0$ 使 $F{A}_{\\mathrm{v}} \\gg  1$ 的条件不再成立,此时原 $F$ 系数等效为 $1/{A}_{\\mathrm{v}}$ ,应有 $\\mathrm{{PSR}} = \\mathrm{{PSRR}}/{A}_{\\mathrm{v}}$ ,符合原始定义。这一状态表明, $F{A}_{\\mathrm{v}} \\gg  1$ 的条件要求非开环及低频,则以上基于闭环负反馈 PSR 的直接测试只适合于中低频条件,当高频时需要考虑 ${A}_{\\mathrm{v}}$ 对 PSR 的影响。\n电路的 PSRR 特性与输入信号 ${V}_{\\mathrm{{in}}}$ 无关,也与 ${V}_{\\mathrm{p}}$ 无关,虽然 ${V}_{\\mathrm{p}}$ 信号幅度通常远大于输入信号,但经过 PSRR 的抑制后仍然属于输入小信号的工作范畴,只要 ${V}_{\\text{in }}$ 与抑制后的电源噪声信号不改变电路的小信号工作状态, 则相关的分析结论仍然成立。否则, 在输入大信号,或高频下对大信号电源噪声的抑制很弱时,等效的输入信号使电路状态发生变化,从而使相关的结论不再有效。\n电源噪声传递系数 ${A}_{\\mathrm{p}}$ 或其反向传递系数 $\\mathrm{{PSR}}$ 相互并联,即 ${\\mathrm{{PSR}}}_{\\max }$ 对应于 ${A}_{\\mathrm{p},\\min }$ ,并满足\n$$\n{\\mathrm{{PSR}}}_{\\max } = \\frac{1}{{A}_{\\mathrm{p},\\min }} = \\mathrm{{PSRR}} = \\frac{1}{{A}_{\\mathrm{{pf}}}} \\tag{11 - 60}\n$$\n因此, 电路系统的电源噪声传递系数存在一个最小值, 即为单位负反馈下的电源噪声传递系数、或低频下的 $1/\\mathrm{{PSRR}}$ 。由于 $\\mathrm{{PSRR}}$ 是频率的函数,在低频条件下的 ${A}_{\\mathrm{p},\\min }$ 比在高频条件下的 ${A}_{\\mathrm{p}}$ 具有更低的电压噪声传输系数。\n与此相对应的是,主要基于分压传输原理的噪声传输 ${A}_{\\mathrm{P}}$ 理论上的最大值为 1,而且由于输出负载电容的作用, ${A}_{\\mathrm{p}}$ 最大值不可能发生在高频下,只能在低频条件下形成。以图 11-28所示的两级运放为例,若仅考虑输出级单支路的 ${V}_{\\mathrm{{CC}}}$ 噪声传输,并设 ${r}_{\\mathrm{o},{\\mathrm{v}}_{\\mathrm{{CC}}}}$ 和 ${r}_{\\mathrm{o},{\\mathrm{v}}_{\\mathrm{{SS}}}}$ 分别为输出支路中与 ${V}_{CC}$ 及 ${V}_{SS}$ 相连的 MOS 管恒流输出阻抗, ${C}_{p,{V}_{CC}}\\text{、}{C}_{p,{V}_{SS}}$ 分别为输出 MOS 管的漏与 ${V}_{\\mathrm{{CC}}}$ 和 ${V}_{\\mathrm{{SS}}}$ 的寄生电容, ${C}_{\\mathrm{L}}$ 为负载电容, ${C}_{\\mathrm{m}}$ 为 Miller 补偿电容。在低频直流条件下, 各类电容都不起作用, 则通过以上阻抗分压得到的电源噪声传递函数为\n$$\n{A}_{\\mathrm{p},{\\mathrm{V}}_{\\mathrm{{CC}}},\\max } = \\frac{{r}_{\\mathrm{o},{\\mathrm{V}}_{\\mathrm{{SS}}}}}{{r}_{\\mathrm{o},{\\mathrm{V}}_{\\mathrm{{CC}}}} + {r}_{\\mathrm{o},{\\mathrm{V}}_{\\mathrm{{SS}}}}} < 1 \\tag{11 - 61}\n$$\n对于多支路,由于系统内部对于 ${V}_{\\mathrm{{CC}}}$ 的传输存在固有的抑制作用, ${A}_{\\mathrm{p}}$ 仅由最后的输出支路决定。由于输出支路中电流方向一致的连续性要求,决定了理论上 ${A}_{\\mathrm{p}}$ 的最小值为 0 而不可能变为负值,同时理论上 ${A}_{\\mathrm{p}}$ 的最大值为 1 而不可能超出 1 。通常,在内部平衡或近似平衡的反馈控制下,实际最小值由式 (11-59) 决定。\n因此, ${A}_{\\mathrm{p}}$ 和 PSR 的变化范围可表示为\n$$\n\\left. \\begin{array}{l} \\frac{1}{\\mathrm{{PSRR}}} \\leq  {A}_{\\mathrm{p}} \\leq  \\frac{{r}_{\\mathrm{o},{\\mathrm{V}}_{\\mathrm{{SS}}}}}{{r}_{\\mathrm{o},{\\mathrm{V}}_{\\mathrm{{SS}}}} + {r}_{\\mathrm{o},{\\mathrm{V}}_{\\mathrm{{CC}}}}} < 1 \\\\  1 < 1 + \\frac{{r}_{\\mathrm{o},{\\mathrm{V}}_{\\mathrm{{CC}}}}}{{r}_{\\mathrm{o},{\\mathrm{V}}_{\\mathrm{{SS}}}}} \\leq  \\mathrm{{PSR}} \\leq  \\mathrm{{PSRR}} \\end{array}\\right\\}   \\tag{11 - 62}\n$$\n一方面, PSR 以 PSRR 为上限,最大的 PSR 发生在闭环单位负反馈状态下；另一方面, PSR 以低频下的 $1 + {r}_{\\mathrm{o},{\\mathrm{V}}_{\\mathrm{{CC}}}}/{r}_{\\mathrm{o},{\\mathrm{V}}_{\\mathrm{{SS}}}}$ 为下限,或 ${\\mathrm{{PSR}}}_{\\min } > 0\\mathrm{\\;{dB}}$ 。\n在 ${A}_{\\mathrm{p}} = {A}_{\\mathrm{p},\\max }$ 的条件下,如果以 ${A}_{\\mathrm{v}}$ 为参变量,则最大噪声传输下的 PSRR 相对最小值为\n$$\n{\\mathrm{{PSRR}}}_{0} = \\frac{{A}_{\\mathrm{v}}}{{A}_{\\mathrm{p},\\max }} = \\left( {1 + \\frac{{r}_{\\mathrm{o},{\\mathrm{V}}_{\\mathrm{{CC}}}}}{{r}_{\\mathrm{o},{\\mathrm{V}}_{\\mathrm{{SS}}}}}}\\right) {A}_{\\mathrm{v}} = \\left( {1 + \\frac{{r}_{\\mathrm{o},{\\mathrm{V}}_{\\mathrm{{CC}}}}}{{r}_{\\mathrm{o},{\\mathrm{V}}_{\\mathrm{{SS}}}}}}\\right) {A}_{\\mathrm{v}0} \\tag{11 - 63}\n$$\n正是由于 ${A}_{\\mathrm{p},\\max }$ 的状态一定发生在低频条件下,因此上式中的 ${A}_{\\mathrm{v}}$ 用低频下的 ${A}_{\\mathrm{v}0}$ 取代,而低频下 ${\\mathrm{{PSRR}}}_{0}$ 最小值由于 ${A}_{v0}$ 的作用而成为电路系统的实际最大值。随着频率的增加,虽然 ${A}_{\\mathrm{p}}$ 降低使 PSRR 增加,但 ${A}_{\\mathrm{v}}$ 随频率下降的速度更快,使得 PSRR 随频率的增加而减小。在 ${r}_{\\mathrm{o},{\\mathrm{V}}_{\\mathrm{{CC}}}}$ 与 ${r}_{\\mathrm{o},{\\mathrm{V}}_{\\mathrm{{SS}}}}$ 阻抗匹配条件下,对于单级增益, ${\\mathrm{{PSRR}}}_{0} = 2{A}_{\\mathrm{v}0}$ ; 对于相互独立的二级增益, ${\\mathrm{{PSRR}}}_{0} = \\left( {2{A}_{v1}}\\right) \\left( {2{A}_{v2}}\\right)  = 4{A}_{v0}$ ; 对于独立的 $n$ 级增益则依次类推,得 ${\\mathrm{{PSRR}}}_{0} = {2n}{A}_{v0}$ 。\n设 $\\mathrm{{PSRR}}$ 下降到最低 ${\\mathrm{{PSRR}}}_{\\min }$ 所对应的频率为 $\\mathrm{{GB}}$ ,则 $\\mathrm{{PSRR}}$ 的一 $3\\mathrm{\\;{dB}}$ 带宽为\n$$\n{\\omega }_{\\mathrm{{PSRR}}, - 3\\mathrm{\\;{dB}}} \\approx  \\mathrm{{PSRR}}\\left( \\mathrm{{GB}}\\right) \\frac{\\mathrm{{GB}}}{{\\mathrm{{PSRR}}}_{0}} \\approx  {\\mathrm{{PSRR}}}_{\\min }\\frac{\\mathrm{{GBW}}}{{\\mathrm{A}}_{\\mathrm{{V0}}}} \\approx  {\\mathrm{{PSRR}}}_{\\min }{\\omega }_{-3\\mathrm{\\;{dB}}} \\tag{11 - 64}\n$$\n正是由于 $\\mathrm{{GB}}$ 频率附近较大的 ${\\mathrm{{PSRR}}}_{\\min }$ 值,使电源噪声抑制比 $\\mathrm{{PSRR}}$ 的一3 dB 带宽明显高于信号增益的 $- 3\\mathrm{\\;{dB}}$ 带宽。此后,遇到相互靠近的两个零点,其中一个零点由 ${C}_{\\mathrm{m}}$ 补偿电容反馈网络对应的 ${A}_{\\mathrm{v}}\\left( s\\right)$ 零点组成,在单位负反馈条件下,差分输入对的跨导 ${g}_{\\mathrm{{ml}}}$ 以相反的极性参与该零点的控制,即:\n$$\n{z}_{1} = {\\left( \\frac{1}{{g}_{\\mathrm{{mI}}}} - \\frac{1}{{g}_{\\mathrm{{mII}}}}\\right) }^{-1}\\frac{1}{{C}_{\\mathrm{m}}} \\approx  \\frac{{g}_{\\mathrm{{ml}}}}{{C}_{\\mathrm{m}}} = \\mathrm{{GBW}} \\tag{11 - 65}\n$$\nPSRR 的第一个零点位于 GBW 附近, 当频率达到 GBW 时, PSRR 达到最小值。第二个零点由 ${A}_{\\mathrm{p}}$ 的极点产生,在 ${V}_{\\mathrm{{CC}}}$ 激励下由 $1/{g}_{\\mathrm{{mll}}}$ 与 ${C}_{\\mathrm{L}}$ 的 $\\mathrm{{RC}}$ 串联构成,即 ${z}_{2} = {g}_{\\mathrm{{mll}}}/{C}_{\\mathrm{L}}$ 。当频率达到 ${z}_{2}$ 零点后, PSRR 将随频率的上升而持续增加。\n实际上, 耦合到电路内部结点的噪声在增益通道内的增益与输入信号的增益存在着差异。对于输入信号, ${V}_{\\mathrm{{CC}}}$ 和 ${V}_{\\mathrm{{SS}}}$ 总是交流短路的,因此输出支路电流的变化总是由前级输出电压变化导致本级放大管的 ${V}_{\\mathrm{{GS}}}$ 变化而引起。但对于噪声传输,由于 ${V}_{\\mathrm{{CC}}}$ 或 ${V}_{\\mathrm{{SS}}}$ 其中之一不再满足交流接地的条件, 则输出支路电流的变化不但与前级输出电压有关, 而且与电源噪声有关, 导致噪声增益的计算更为复杂。对于信号通路, 其增益级的输出阻抗为放大管与负载两 MOS 管输出阻抗的并联; 而对于电源噪声通路的增益级,仅其中一个负载电阻保持不变,另一个与噪声电源相连的 MOS 负载不再等效接地。\n另一方面,由于信号增益通路中放大管与负载管的源电位总是交流接地的,因此输入信号可以作为任意类型放大管的输入驱动信号,不存在类型匹配的问题。相反,在噪声的增益级传输中,由于噪声输入信号的实际输入激励与后级增益通路的信号极性存在匹配问题,噪声信号驱动放大管的类型不同将导致噪声输出的差异。对于电源 ${V}_{\\mathrm{{CC}}}$ 噪声,由于任意一级 ( $i$ 级)感应的噪声电压 ${V}_{\\mathrm{{pi}}}$ 均以 ${V}_{\\mathrm{{SS}}} = \\mathrm{{GND}}$ 为参照,当感应的 ${V}_{\\mathrm{{pi}}} = {V}_{\\mathrm{{CC}}}{A}_{\\mathrm{{pi}}}$ 噪声信号直接驱动后级增益为 $\\mathrm{{NMOS}}$ 放大管时,噪声的放大为 ${V}_{\\mathrm{{CC}}}{A}_{\\mathrm{{pi}}}{A}_{\\mathrm{{Vj}}}$ ,其中 $j = i + 1$ ；而当噪声信号直接驱动 PMOS 放大管时,则放大的噪声信号为 ${V}_{\\mathrm{{CC}}}\\left( {1 - {A}_{\\mathrm{{pi}}}}\\right) {A}_{\\mathrm{{Vj}}}$ 。以此类推,当该电压噪声经过一级放大后继续驱动下级时,也必须符合以上原则。由此归纳为:对于感应的 ${V}_{\\mathrm{{CC}}}$ 噪声, 当驱动 PMOS 放大电路时, $1 - {A}_{\\mathrm{{pi}}}$ 为增益通路的有效输入系数,当驱动 NMOS 放大电路时, ${A}_{\\mathrm{{pi}}}$ 为增益通路的有效输入系数；而对于感应的 ${V}_{\\mathrm{{SS}}}$ 噪声,当驱动 $\\mathrm{{NMOS}}$ 管时, $1 - {A}_{\\mathrm{{pi}}}$ 为有效输入系数,当驱动 $\\mathrm{{PMOS}}$ 管时,则 ${A}_{\\mathrm{{pi}}}$ 为有效输入系数。 ${V}_{\\mathrm{{CC}}}$ 与 ${V}_{\\mathrm{{SS}}}$ 的噪声输入系数对于不同的增益通道呈现互补对称的关系。\n以两级运放系统为例,根据以上分析,对于 ${V}_{\\mathrm{{CC}}}$ 噪声,当输出级为 PMOS 管放大如图 ${11} - {28}$ (a) 所示,或者对于 ${V}_{\\mathrm{{SS}}}$ 噪声,当输出级为NMOS 放大管时如图 11-28(b) 所示,在忽略信号增益与噪声增益差异的条件下, 有\n$$\n\\frac{1}{\\mathrm{{PSRR}}} = \\frac{{A}_{\\mathrm{p},\\mathrm{{oL}}}}{{A}_{\\mathrm{v},\\mathrm{{oL}}}} = \\frac{{A}_{\\mathrm{p}2} + {\\dot{A}}_{\\mathrm{v}2}{A}_{\\mathrm{p}1}}{{A}_{\\mathrm{v}1}{A}_{\\mathrm{v}2}} = \\frac{{A}_{\\mathrm{p}2}}{{A}_{\\mathrm{v}1}{A}_{\\mathrm{v}2}} + \\frac{{A}_{\\mathrm{p}1}}{{A}_{\\mathrm{v}1}} \\tag{11 - 66}\n$$\n以上关系简化为\n$$\n\\frac{1}{\\mathrm{{PSRR}}} = {\\left( {A}_{\\mathrm{v}1}\\frac{{A}_{\\mathrm{v}2}}{{A}_{\\mathrm{p}2}}\\right) }^{-1} + {\\left( \\frac{{A}_{\\mathrm{v}1}}{{A}_{\\mathrm{p}1}}\\right) }^{-1} = \\frac{1}{{\\mathrm{{PSRR}}}_{1}} + \\frac{1}{{A}_{\\mathrm{V}1}{\\mathrm{{PSRR}}}_{2}} \\tag{11 - 67}\n$$\n![0196aaa2-bbe2-70ee-823d-d4abf5c67805_326_250_1258_1081_450_0.jpg](images/0196aaa2-bbe2-70ee-823d-d4abf5c67805_326_250_1258_1081_450_0.jpg)\n图 11-28 Miller 电容补偿两级增益结构的 PSRR 分析\n相反,对于 ${V}_{\\mathrm{{CC}}}$ 噪声,两级运放中输出级为 PMOS 放大管,或对于 ${V}_{\\mathrm{{SS}}}$ 噪声,输出级为 NMOS 放大管,以上两种条件下,(11-66)式需修正为\n$$\n\\frac{1}{\\mathrm{{PSRR}}} = \\frac{{A}_{\\mathrm{p}2} + {A}_{\\mathrm{v}2}\\left( {1 - {A}_{\\mathrm{p}1}}\\right) }{{A}_{\\mathrm{v}1}{A}_{\\mathrm{v}2}} = \\frac{1}{{A}_{\\mathrm{v}1}\\left( {{A}_{\\mathrm{v}2}/{A}_{\\mathrm{p}2}}\\right) } + \\frac{1}{{A}_{\\mathrm{v}1}} - \\frac{1}{{A}_{\\mathrm{v}1}/{A}_{\\mathrm{p}1}} \\tag{11 - 68}\n$$\n简化后得\n$$\n\\frac{1}{\\mathrm{{PSRR}}} = \\frac{1}{{A}_{\\mathrm{v}1}} - \\frac{1}{{\\mathrm{{PSRR}}}_{1}} + \\frac{1}{{A}_{\\mathrm{v}1}{\\mathrm{{PSRR}}}_{2}} \\tag{11 - 69}\n$$\n以上结果表明,系统总的 PSRR 与电路中各独立增益级的 PSRR ${}_{i}$ 、独立的开环增益 ${A}_{Vi}$ 及增益电路中放大管类型、噪声 ${V}_{\\mathrm{{CC}}}$ 或 ${V}_{\\mathrm{{SS}}}$ 的种类等多种因素相互关联。各增益级 ${\\mathrm{{PSRR}}}_{\\mathrm{i}}$ 对系统 PSRR 的贡献存在明显的不同。在低频条件下,当各内部增益 ${A}_{\\mathrm{{vi}}} \\gg  1$ 时,则系统的 PSRR 主要由输入级的 ${A}_{v1}\\text{、}{\\mathrm{{PSRR}}}_{1}$ 决定,增益级位置越靠后,该级 ${\\mathrm{{PSRR}}}_{i}$ 对系统 $\\mathrm{{PSRR}}$ 的影响则越小。相反,在高频条件下,当内部增益 ${A}_{\\mathrm{{vi}}} \\ll  1$ 时,噪声传输不是放大而是衰减,导致后级对系统 PSRR 的影响增强, 甚至起主导作用。此外, 增益级之间采用合适的晶体管匹配结构,对抑制电压噪声的传输也十分有效。比较 (11-67) 与 (11-69) 两式可知,由于 ${\\mathrm{{PSRR}}}_{1} \\approx  {A}_{\\mathrm{v}1}$ ,则对于两级运放而言,式 (11-69) 给出的 $\\mathrm{{PSRR}}$ 明显低于式 (11-67) 所对应的 PSRR。这表明,对于多级运放,当电源 ${V}_{\\mathrm{{cc}}}$ 噪声感应到内部时,驱动 PMOS 放大管比驱动 $\\mathrm{{NMOS}}$ 放大管具有更好的 $\\mathrm{{PSRR}}$ 性能；同样,当 ${V}_{\\mathrm{{SS}}}$ 噪声感应到内部时,驱动 $\\mathrm{{NMOS}}$ 放大管比驱动 PMOS 放大管具有更好的 PSRR 特性。因此, 电路系统的 PSRR 不但取决于信号与噪声传输的系统结构,而且与单元内具体的电路结构配置密切相关。\n各增益级独立的 PSRR 及信号增益传输特性和各增益级的相互耦合作用使得 PSRR 表现出复杂的频率响应特性。因此, 运放系统中各单级增益的 PSRR 特性是分析系统 PSRR 的前提基础, 而各单级增益的频率特性已有详细的论述, 这里只引用相关的分析结果。\n#### 11.4.2 单级增益的 ${\\mathrm{{PSRR}}}_{\\mathrm{i}}$ 分析方法\n由于噪声信号传输的复杂性,精确的 PSRR 计算依赖于完整的交流小信号电路模型, 但这种分析方法导致计算分析的复杂程度显著增加, 并且分析的结果其物理含义不十分明确,无法判别各元件的独特作用及对输出噪声的贡献。为避免以上问题,采用了简化的分析方法, 包括等效电路与分析方法的简化, 以期得到清晰简明的物理结果。\n如果单级放大器仅由单一支路构成,则电源噪声的传输只有唯一的直接感应通道,通过最简单的阻抗比即可计算得到电源噪声传输到本级输出的比例。然而, 当单级放大器由多支路组成时,如单级差分输入电路,则需要考虑多支路噪声对本级增益输出的共同影响。\n## 1)交流小信号等效电路分析\n首先,采用简化的交流等效电路法分析如图 11-29 所示,单级 NMOS OTA 的抗电源噪声特性。由于输入交流接地,可将输入的差分对管用 ${r}_{\\mathrm{o}1}$ 和 ${r}_{\\mathrm{o}2}$ 阻抗代替、尾电流源用 ${r}_{\\mathrm{o}\\mathrm{B}}$ 阻抗代替,差分对电流镜负载两个输出结点到 ${V}_{\\mathrm{{CC}}}$ 间的耦合电容分别为 ${C}_{\\mathrm{p}3}\\text{、}{C}_{\\mathrm{p}4},{g}_{\\mathrm{{oi}}}$ 为 ${\\mathrm{M}}_{\\mathrm{i}}$ 管的输出导纳, ${C}_{\\mathrm{L}}$ 为输出负载电容。在 ${r}_{\\mathrm{o}\\mathrm{B}} \\gg  {r}_{\\mathrm{o}1}$ 、 ${r}_{\\mathrm{o}2}$ 的条件下, ${r}_{\\mathrm{o}\\mathrm{B}}$ 视为开路,则由 OTA 的简化电路得到其等效小信号电路, 如图 11-29 右图所示。采用等效电路分析的目的, 在于将原始 ${V}_{\\mathrm{{CC}}}$ 的多支路输入性质改变为等效电路的单输入性质,并采用电抗分压的基本方式获得对输出电压噪声的计算结果。\n在以上等效结构中, ${\\mathrm{M}}_{3}$ 二极管电流镜用 $1/{g}_{\\mathrm{m}3}$ 阻抗表示,而 ${\\mathrm{M}}_{4}$ 电流镜负载用理想电流源 $i$ 和 ${r}_{\\mathrm{{ot}}}$ 输出阻抗的并联等效。当忽略各寄生电容的作用后,由于 ${\\mathrm{M}}_{3}\\text{、}{\\mathrm{M}}_{4}$ 管中电流相同, 则电流源 $i$ 支路阻抗近似与支路中 $1/{g}_{\\mathrm{m}3} + {r}_{\\mathrm{o}1} + {r}_{\\mathrm{o}2}$ 阻抗相同,则其并联后的阻抗为 $\\left\\lbrack  {1/{g}_{\\mathrm{m}3}}\\right.$ . $\\left. {+\\left( {{r}_{\\mathrm{o}1} + {r}_{\\mathrm{o}2}}\\right) }\\right\\rbrack  /2 \\approx  {r}_{\\mathrm{o}2}$ 。在以上简化条件下,电源输入信号合并成单结点输入,等效阻抗为 ${r}_{\\mathrm{o}2}$ $//{r}_{o4}//\\left( {1/s{C}_{p4}}\\right)  = 1/\\left( {{g}_{o2} + {g}_{o4} + s{C}_{p4}}\\right)$ ,与 ${C}_{L}$ 组成的低通网络形成电源噪声信号的传输输出, 则\n$$\n{A}_{\\mathrm{p}} = \\frac{{V}_{\\mathrm{o}}}{{V}_{\\mathrm{{CC}}}} = \\frac{1/s{C}_{\\mathrm{L}}}{{r}_{\\mathrm{o}2}//{r}_{\\mathrm{o}4}//\\left( {1/s{C}_{\\mathrm{p}4}}\\right)  + 1/s{C}_{\\mathrm{L}}} = \\frac{{g}_{\\mathrm{o}2} + {g}_{\\mathrm{o}4} + s{C}_{\\mathrm{p}4}}{{g}_{\\mathrm{o}2} + {g}_{\\mathrm{o}4} + s\\left( {{C}_{\\mathrm{L}} + {C}_{\\mathrm{p}4}}\\right) } \\tag{11 - 70}\n$$\n![0196aaa2-bbe2-70ee-823d-d4abf5c67805_328_354_259_866_304_0.jpg](images/0196aaa2-bbe2-70ee-823d-d4abf5c67805_328_354_259_866_304_0.jpg)\n图 11-29 NMOS OTA PSRR ${}_{{\\mathrm{V}}_{\\mathrm{{CC}}}}$ 等效电路\n低频下电源噪声近似全部传输到输出,而高频下电源噪声的传输系数明显下降,近似由电容比 ${C}_{\\mathrm{p}4}/{C}_{\\mathrm{L}}$ 决定。代入小信号增益 ${A}_{\\mathrm{v}} = {g}_{\\mathrm{m}1}/\\left\\lbrack  {{g}_{\\mathrm{o}2} + {g}_{\\mathrm{o}4} + s\\left( {{C}_{\\mathrm{p}4} + {C}_{\\mathrm{L}}}\\right) }\\right\\rbrack$ ,得到单级 $\\mathrm{{OTA}}$ 电路中 ${V}_{\\mathrm{{CC}}}$ 电源噪声的 PSRR 为\n$$\n{\\mathrm{{PSRR}}}_{{\\mathrm{v}}_{cc}} \\approx  \\frac{{g}_{\\mathrm{m}1}}{{g}_{\\mathrm{o}2} + {g}_{\\mathrm{o}4} + s{C}_{\\mathrm{p}4}} \\tag{11 - 71}\n$$\n很明显,低频下 ${A}_{\\mathrm{v}0} = {\\mathrm{{PSRR}}}_{{\\mathrm{V}}_{\\mathrm{{CC}}}}$ ,正是由于 ${A}_{\\mathrm{p}}$ 的主极点与 ${A}_{\\mathrm{v}}$ 的主极点相互抵消,使得 ${A}_{\\mathrm{p}}$ 的零点成为PSRR的极点。PSRR 的极点频率由 ${C}_{\\mathrm{p}4}$ 与其并联的 ${g}_{\\mathrm{o}1}$ 的谐振频率决定。\n归纳以上分析发现,从电压增益的角度出发,解决问题的关键在于通过对单级增益中多支路阻抗的简化,使其合并为一条连接输出的电抗支路,此时电源噪声输入对应地简化为单端输入, 再根据相应的电抗比求出电源的噪声传输系数, 进而结合已有的信号电压增益, 求出本级电路的电源抑制比。显然,电源噪声等效电路的化简成为此类分析的关键技术难点。\n## 2)电流模式下电源跨导控制的 PSRR 计算\n实际上,采用电流模式分析技术可以大幅度降低分析难度。电源噪声通过导纳与电容等电抗元件使支路电流发生变化并将其影响传输到输出结点,最终通过负载转换为电压。 与此相对应,在有效信号传输条件下,输入信号经 MOS 管的跨导 ${g}_{\\mathrm{m}}$ 将输入电压信号转换成电流输出, 该电流在输出结点的阻抗上再转换为与之对应的输出电压。为了与输入信号传输中的跨导相区别,电源电压引起的电流变化可归结于电源跨导 ${g}_{\\mathrm{p}}$ 的作用。在采用电流模信号传输分析中,由于同一结点位置下的输出阻抗 ${r}_{\\mathrm{o}}$ 近似相同,则单级增益结构的电源抑制比可简化为 ${\\mathrm{{PSRR}}}_{\\mathrm{i}} = \\left( {{g}_{\\mathrm{m}}{r}_{\\mathrm{o}}}\\right) /\\left( {{g}_{\\mathrm{p}}{r}_{\\mathrm{o}}}\\right)  = {g}_{\\mathrm{m}}/{g}_{\\mathrm{p}}$ 。\n利用一个重要的电路特性可进一步简化 ${g}_{\\mathrm{p}}$ 或电流计算。事实上,采用电流模分析的 ${\\mathrm{{PSRR}}}_{i}$ 计算近似与单极增益的输出阻抗 ${r}_{o}$ 无关。然而,电流或等效的 ${g}_{p}$ 计算需要得知电抗元件上的压降,因此虽然 ${r}_{\\mathrm{o}}$ (影响到 ${V}_{\\mathrm{o}}$ 数值)的大小对 ${g}_{\\mathrm{p}}$ 的计算结果无影响,但对 ${g}_{\\mathrm{p}}$ 计算过程的复杂性程度影响很大。将输出电位 ${V}_{\\mathrm{o}}$ 交流接地,或输出接一短路的零电阻负载,可使电流和 ${g}_{\\mathrm{p}}$ 的计算难度大大简化。在此等价方式下,虽然电压输出状态与原始状态不同,但电流的变化状态,或者说电源噪声的电流跨导 ${g}_{\\mathrm{p}}$ 则保持等价不变,从而保证 ${\\mathrm{{PSRR}}}_{\\mathrm{i}}$ 计算结果的简便与准确。\n根据以上分析方法,近似认为 ${\\mathrm{M}}_{3}$ 的 $1/{g}_{\\mathrm{m}3}$ 低阻为交流短路,则 ${\\mathrm{M}}_{3}$ 和 ${C}_{\\mathrm{p}3}$ 对输出噪声电流没有贡献。 ${\\mathrm{M}}_{4}$ 电流源 $i$ 与 ${\\mathrm{M}}_{2}$ 电流抵消,因此,只有 ${\\mathrm{M}}_{1}$ 管和 ${\\mathrm{M}}_{4}$ 管输出导纳与寄生电容中可形成相应的输出电流,且方向相同,则电源噪声电流的导纳为 ${g}_{\\mathrm{p}} = {g}_{\\mathrm{o}1} + {g}_{\\mathrm{o}4} + s\\left( {{C}_{\\mathrm{p}1} + }\\right.$ $\\left. {C}_{p4}\\right)$ ,则 ${V}_{\\mathrm{{CC}}}$ 的电源抑制比为\n$$\n{\\mathrm{{PSRR}}}_{{\\mathrm{v}}_{\\mathrm{{cc}}}} \\approx  \\frac{{g}_{\\mathrm{m}1}}{{g}_{\\mathrm{o}1} + {g}_{\\mathrm{o}4} + s\\left( {{C}_{\\mathrm{p}1} + {C}_{\\mathrm{p}4}}\\right) } \\tag{11 - 72}\n$$\n式中 ${g}_{\\mathrm{o}1} = {g}_{\\mathrm{o}2}$ 。比较以上两式发现,采用不同的分析方法得到的结果近似相同,这充分表明基于电源跨导 ${g}_{\\mathrm{p}}$ 的分析方法简明有效。根据以上结果,电源抑制比 ${\\mathrm{{PSRR}}}_{{\\mathrm{V}}_{\\mathrm{{CC}}}}$ 转折频率点即 $- 3\\mathrm{{dB}}$ 带宽为\n$$\n{f}_{{\\mathrm{v}}_{\\mathrm{{CC}}}} = \\frac{{g}_{\\mathrm{o}2} + {g}_{\\mathrm{o}4}}{{2\\pi }\\left( {{C}_{\\mathrm{p}1} + {C}_{\\mathrm{p}4}}\\right) } \\tag{11 - 73}\n$$\n在 $f < {f}_{{\\mathrm{V}}_{\\mathrm{{CC}}}}$ 的频率下, ${\\mathrm{{PSRR}}}_{{\\mathrm{V}}_{\\mathrm{{CC}}}} = {g}_{\\mathrm{{ml}}}/\\left( {{g}_{\\mathrm{o}2} + {g}_{\\mathrm{o}4}}\\right)  = {A}_{\\mathrm{v}0}$ ,即电源噪声传递函数 ${A}_{\\mathrm{p}} =$ 1,使电源抑制比与电路的单级低频增益相同。而在 $\\mathrm{{GBW}} = {g}_{\\mathrm{{ml}}}/{C}_{\\mathrm{L}}$ 频率下,电源抑制比降低到 ${\\mathrm{{PSRR}}}_{{\\mathrm{v}}_{\\mathrm{{CC}}}}\\left( \\mathrm{{GBW}}\\right)  \\approx  {C}_{\\mathrm{L}}/\\left( {{C}_{\\mathrm{{pl}}} + {C}_{\\mathrm{{pl}}}}\\right)  > 1$ 。此时,电路小信号增益为 1,显然 $\\mathrm{{PSRR}}$ 随频率的衰减小于增益随频率的衰减,其根源在于 PSRR 具有相对 ${A}_{\\mathrm{v}}$ 较宽的 $- 3\\mathrm{\\;{dB}}$ 带宽。\n因此,在保持一定的信号跨导 ${g}_{\\mathrm{m}}$ 的条件下,降低电源跨导因子 ${g}_{\\mathrm{p}}$ 成为提高电路系统电源抑制比的关键, 而提高总的电源抑制比, 基于改善各单级增益结构的 PSRR, 即降低各单级增益结构中的电源跨导 ${g}_{\\mathrm{{pi}}}$ ,而 ${g}_{\\mathrm{{pi}}}$ 的降低主要依靠 MOS 管寄生电容与输出导纳的抑制。\n对于NMOS OTA 的 ${\\mathrm{{PSRR}}}_{{\\mathrm{V}}_{\\mathrm{{SS}}}}$ ,同样可以采用以上简化的电流模分析方法。设尾电流寄生电容为 ${C}_{\\mathrm{{pB}}}$ ,输出导纳 ${g}_{\\mathrm{{oB}}}$ 。由于尾电流源在 $\\mathrm{{MOS}}$ 二极管的偏置下,其 ${V}_{\\mathrm{{GS}}}$ 近似固定,则 ${V}_{\\mathrm{{SS}}}$ 噪声电压仅能通过尾电流源的输出阻抗和 ${C}_{\\mathrm{{pB}}}$ 电容产生噪声电流,在 ${r}_{\\mathrm{o}2} \\ll  {r}_{\\mathrm{o}\\mathrm{B}}$ 以及输出交流接地的条件下,该电流近似为 ${i}_{\\mathrm{{SS}}} = {g}_{oB}{V}_{\\mathrm{{SS}}} = {V}_{\\mathrm{{SS}}}/{r}_{oB}$ 。形成的 ${i}_{\\mathrm{{SS}}}$ 电流将在两差分对管中分配,当差分对管完全匹配时,该电流在两管中均匀分配,各占 $1/2$ 。显然,由于差分对管中流过的是相同电流信号,经过电流负载的传输后,流入增益级负载的差分电流为零,即输出噪声电流和噪声电压为零,因此完全对称的差分结构对于经过尾电流源传输的噪声具有完全的抑制作用, ${\\mathrm{{PSRR}}}_{{\\mathrm{V}}_{\\mathrm{{SS}}}}$ 趋于无穷。\n然而,实际的差分输入对管无法做到完全匹配,总是存在失调。设 ${g}_{\\mathrm{{ml}}} = {g}_{\\mathrm{m}} + \\Delta {g}_{\\mathrm{m}}/2$ 、 ${g}_{\\mathrm{m}2} = {g}_{\\mathrm{m}} - \\Delta {g}_{\\mathrm{m}}/2$ ,其中 ${g}_{\\mathrm{m}}$ 为差分对管的平均跨导, $\\Delta {g}_{\\mathrm{m}} = {g}_{\\mathrm{m}1} - {g}_{\\mathrm{m}2}$ 为差分对管跨导的偏差。由于以上偏差的存在, ${i}_{\\mathrm{{SS}}}$ 电流在差分输入管中不再均匀分配,而是正比于 ${g}_{\\mathrm{m}1}$ 与 ${g}_{\\mathrm{m}2}$ ,即\n$$\n{i}_{\\mathrm{{SS}}} = {i}_{\\mathrm{{SS1}}} + {i}_{\\mathrm{{SS2}}} = {i}_{\\mathrm{{SS}}}\\frac{{g}_{\\mathrm{m}1}}{{g}_{\\mathrm{m}1} + {g}_{\\mathrm{m}2}} + {i}_{\\mathrm{{SS}}}\\frac{{g}_{\\mathrm{m}2}}{{g}_{\\mathrm{m}2} + {g}_{\\mathrm{m}1}} = {i}_{\\mathrm{{SS}}}\\left( {\\frac{{g}_{\\mathrm{m}1}}{2{g}_{\\mathrm{m}}} + \\frac{{g}_{\\mathrm{m}2}}{2{g}_{\\mathrm{m}}}}\\right)  \\tag{11 - 74}\n$$\n差分对失调引起对负载驱动的输出差分电流为\n$$\n{i}_{\\mathrm{o}} = {i}_{\\mathrm{{SS1}}} - {i}_{\\mathrm{{SS2}}} = {i}_{\\mathrm{{SS}}}\\left( {\\frac{{g}_{\\mathrm{{ml}}}}{2{g}_{\\mathrm{m}}} - \\frac{{g}_{\\mathrm{m}2}}{2{g}_{\\mathrm{m}}}}\\right)  = \\frac{\\Delta {g}_{\\mathrm{m}}}{2{g}_{\\mathrm{m}}}{i}_{\\mathrm{{SS}}} = \\frac{\\Delta {g}_{\\mathrm{m}}}{2{g}_{\\mathrm{m}}}\\frac{{V}_{\\mathrm{{SS}}}}{{r}_{\\mathrm{{oB}}}} \\tag{11 - 75}\n$$\n根据以上关系由 ${i}_{\\mathrm{o}}/{V}_{\\mathrm{{SS}}}$ 即可求出电源 ${V}_{\\mathrm{{SS}}}$ 的电流传输跨导 ${g}_{\\mathrm{p}}$ 。同样,差分对衬偏效应引起的 ${g}_{\\mathrm{{mb}}}$ 失调而产生的相对电流变化为 $\\Delta {g}_{\\mathrm{{mbl}}}/2{g}_{\\mathrm{{mbl}}}$ 。此时,进一步考虑尾电流输出寄生电容 ${C}_{\\mathrm{{pB}}}$ 的作用,则有\n$$\n{\\mathrm{{PSRR}}}_{{\\mathrm{v}}_{\\mathrm{{SS}}}} = \\frac{{\\mathrm{g}}_{\\mathrm{m}}}{{\\mathrm{g}}_{\\mathrm{p}}} = \\frac{{\\mathrm{g}}_{\\mathrm{m}}}{\\left( {{i}_{\\mathrm{o}}/{i}_{\\mathrm{{SS}}}}\\right) \\left( {{i}_{\\mathrm{{SS}}}/{V}_{\\mathrm{{SS}}}}\\right) } = \\frac{{\\mathrm{g}}_{\\mathrm{m}}}{\\left( {{\\mathrm{g}}_{\\mathrm{{oB}}} + s{C}_{\\mathrm{{pB}}}}\\right) \\left( {\\frac{\\Delta {\\mathrm{g}}_{\\mathrm{m}}}{2{\\mathrm{g}}_{\\mathrm{m}}} + \\frac{\\Delta {\\mathrm{g}}_{\\mathrm{{mb}}}}{2{\\mathrm{g}}_{\\mathrm{{mb}}}}}\\right) } \\tag{11 - 76}\n$$\n在低频条件下, 同时忽略衬偏效应的影响, 则有\n$$\n{\\mathrm{{PSRR}}}_{{\\mathrm{V}}_{\\mathrm{{SS}}}} \\approx  \\frac{{g}_{\\mathrm{m}}}{{g}_{\\mathrm{{oB}}}}\\frac{2{g}_{\\mathrm{m}}}{\\Delta {g}_{\\mathrm{m}}} \\gg  {\\mathrm{{PSRR}}}_{{\\mathrm{V}}_{\\mathrm{{CC}}}} \\tag{11 - 77}\n$$\n以上结果表明, NMOS 差分电路对 ${V}_{\\mathrm{{SS}}}$ 的抗噪声性能明显优于对 ${V}_{\\mathrm{{CC}}}$ 的抗噪声性能,其根源在于针对 ${V}_{\\mathrm{{SS}}}$ 引起的电流传输表现为全对称输出。因此,采用全对称结构,以及提高全对称结构的匹配性,同时提高尾电流源的输出阻抗,降低其输出寄生电容,是高 ${V}_{\\mathrm{{SS}}}$ 电源抑制电路设计的指导思想和基本要求。\n进一步分析可以发现, NMOS 差分对 ${V}_{\\mathrm{{SS}}}$ 噪声与 $\\mathrm{{PMOS}}$ 差分对 ${V}_{\\mathrm{{CC}}}$ 噪声电源抑制比的分析方法和结果相同,而 $\\mathrm{{NMOS}}$ 差分对 ${V}_{\\mathrm{{CC}}}$ 与 $\\mathrm{{PMOS}}$ 差分对 ${V}_{\\mathrm{{SS}}}$ 电源抑制比的分析方法和结果相同。因此,对于 NMOS 或 PMOS 的常规结构,无法达到 ${V}_{\\mathrm{{CC}}}$ 和 ${V}_{\\mathrm{{SS}}}$ 电源抑制比的同时最优。\n#### 11.4.3 单级全对称 OTA 的 PSRR\n基于电流模的电源跨导 ${g}_{\\mathrm{p}}$ 的等效方法的进一步完善和提高,可完成一种全对称型 OTA 差分电路的 ${V}_{\\mathrm{{CC}}}$ 及 ${V}_{\\mathrm{{SS}}}$ 电源噪声抑制比的简化分析。在图 11-30(b) 所示的 OTA 单级增益结构中,共包含 4 条并联支路,具体而言,包含电源的闭合虚线与四个支路分别交于唯一的交点如 $\\mathrm{a}$ 、 $\\mathrm{b}$ 、 $\\mathrm{c}$ 、 $\\mathrm{d}$ ,此 4 点将电源电压变化形成的变化电流感应到增益结点,其中前三点为电源感应通过电流镜的间接传输,只有位于输出结点位置的 $\\mathrm{d}$ 点直接感应电源电压的影响。考虑所有支路因电源电压变化对输出支路结点电流的贡献, 也就是各支路电源跨导叠加后形成电源噪声的总跨导。\n![0196aaa2-bbe2-70ee-823d-d4abf5c67805_330_268_1256_1025_496_0.jpg](images/0196aaa2-bbe2-70ee-823d-d4abf5c67805_330_268_1256_1025_496_0.jpg)\n图 11-30 单级增益结构\n在信号传输跨导与电源传输跨导的计算中,虽然输出电压的变化与结点阻抗有关,但 ${g}_{\\mathrm{m}}$ 与 ${g}_{\\mathrm{p}}$ 的大小与输出增益结点的交流阻抗值近似无关 (支路中存在低阻),而只与信号传输通道中 MOS 管状态、电容电阻分布结构等因素有关。因此, 为简化电流传输的中的跨导分析,同样可将输出增益结点交流短路。这样处理的好处在于,由于输出结点的交流小信号电压不变,因此独立计算的各支路电流的不同贡献可以进行线性叠加,得到总的电流变化与跨导。\n将以上分析推广到更为一般的状态, 以一包含电源的闭合虚线与某单级增益电路相交, 当该单级增益为单级输出时,只有一个交点,存在电源噪声的直接馈通传输；当单级增益结构有 $n$ 条支路时,则有 $n$ 个交点,需要考虑此 $n$ 个交点处电源导致的该支路电流变化传递到输出的变化情况。在 $n$ 个支路中,通常只有一个电源噪声的直接馈通通道,其余 $n - 1$ 个支路均为非直接馈通通路。对于以上两类通道, 由于传输特性存在明显的差异, 需要分别单独分析。\n首先考虑图 11-30(a) 中单支路单级增益结构中的 ${g}_{\\mathrm{p}}$ 计算问题,这对应于电源噪声电压的直接馈通。图中,在 ${g}_{\\mathrm{p}}$ 计算时放大管信号输入交流接地,对于最简单的单支路结构,可等效为两阻抗的分压结构。根据经典的电阻分压原理,电源信号 ${V}_{\\mathrm{{cc}}}$ 引起的输出噪声电压为\n$$\n{V}_{\\mathrm{o}} = \\frac{{R}_{2}}{{R}_{1} + {R}_{2}}{V}_{\\mathrm{{CC}}} = \\frac{1/{R}_{1}}{1/{R}_{1} + 1/{R}_{2}}{V}_{\\mathrm{{CC}}} = \\frac{{g}_{1}}{{g}_{1} + {g}_{2}}{V}_{\\mathrm{{CC}}} \\tag{11 - 78}\n$$\n降低电源噪声 ${V}_{0}$ 输出需降低 ${g}_{1}$ 、提高 ${g}_{2}$ ,即输出结点与电源之间的隔离阻抗 ${R}_{1}$ 应尽量大、而相反方向的阻抗 ${R}_{2}$ 应尽可能小,这样电源电压的变化全部加在高阻 ${R}_{1}$ 上,输出对电源电压的变化不再敏感。如 ${R}_{2} \\ll  {R}_{1}$ 即 ${g}_{2} \\gg  {g}_{1}$ 的条件满足时,则单级单支路电源跨导近似为\n$$\n{g}_{\\mathrm{p}} = \\frac{{i}_{\\mathrm{o}}}{{V}_{\\mathrm{{CC}}}} = \\frac{{V}_{\\mathrm{{CC}}}/{R}_{\\mathrm{T}}}{{V}_{\\mathrm{{CC}}}} = \\frac{1}{{R}_{1} + {R}_{2}} = \\frac{{g}_{1}{g}_{2}}{{g}_{1} + {g}_{2}} = {g}_{1}//{g}_{2} \\tag{11 - 79}\n$$\n在 ${R}_{1} \\gg  {R}_{2}$ 条件下,输出结点交流接地的条件近似成立,正是由于输出交流接地,等效为在输出结点与 ${V}_{\\mathrm{{SS}}}$ 之间并联一趋近于零的交流小电阻,即等效于 ${g}_{2}$ 的有效值增加,使 ${g}_{2} \\gg  {g}_{1}$ 的条件充分满足。此时 ${g}_{2}/\\left( {{g}_{1} + {g}_{2}}\\right)  \\approx  1$ ,则有 ${g}_{\\mathrm{p}} \\approx  {g}_{1}$ ,这表明在输出等效接地的条件下,单支路单级增益结构的电源跨导 ${g}_{p}$ 达到最大的 ${g}_{1}$ 值。因此,在单级单支路高电源噪声抑制比 ${\\mathrm{{PSRR}}}_{\\mathrm{i}}$ 结构中,降低 ${g}_{1}$ 或增加 ${R}_{1}$ 以及增加 ${g}_{2}$ 或减小 ${R}_{2}$ 尤其关键。\n对于输出级,饱和 MOS 管中的栅控电流通常保持恒定。电源噪声只能通过其输出阻抗 ${r}_{\\mathrm{o}1}$ 与 ${r}_{\\mathrm{o}2}$ 的分压进行噪声电压或电流的传输。由于输出阻抗 ${r}_{\\mathrm{o}}$ 均为高阻,则 ${g}_{\\mathrm{d}1}$ 与 ${g}_{\\mathrm{d}2}$ 均很小,当 ${g}_{\\mathrm{d}1} < {g}_{\\mathrm{d}2}$ 的条件并不满足时,则 ${g}_{\\mathrm{p}} = {g}_{\\mathrm{d}1}$ 的近似产生一定的误差,实际的 ${g}_{\\mathrm{p}} =$ ${g}_{d1}//{g}_{d2} < {g}_{d1}$ 且 ${g}_{p} < {g}_{d2},{g}_{p}$ 应取更小的 ${g}_{d2}$ 值。因此,对于高阻串联的输出级结构,虚地近似因引入较大的误差而不再成立,实际 ${g}_{\\mathrm{p}}$ 应取 ${g}_{\\mathrm{d}1}//{g}_{\\mathrm{d}2}$ 值,或者近似选取其中的较低值。\n类似地,对于以上相同结构下的 ${V}_{\\mathrm{{SS}}}$ 电源噪声, ${V}_{\\mathrm{{SS}}}$ 电源最大跨导主要由 ${g}_{2}$ 决定。为提高 ${V}_{\\mathrm{{SS}}}$ 的电源抑制比,需要在输出结点与 ${V}_{\\mathrm{{SS}}}$ 电源噪声之间采用大电阻 ${R}_{2}$ 进行隔离,同时采用低阻 ${R}_{1}$ 实现电压钳位,即 ${V}_{\\mathrm{{SS}}}$ 的电压变化主要加在 ${R}_{2}$ 上,输出电压受 ${V}_{\\mathrm{{SS}}}$ 噪声的影响得到有效降低。\n其次,考虑单级增益中电源噪声间接馈通电源跨导的计算。图 11-30(b)中,共存在 $\\mathrm{a}$ 、 b、c 三条噪声的间接馈通通路。这几条支路的电流传输可归结于图 11-31 所示的几种类型,即在各电路结构中的最左边支路产生电流变化后,再通过电流镜作用传输到输出近似虚地的结点。\n在图 11-31(b)、(d) 两种结构中,符合 ${R}_{1} \\gg  {R}_{2}$ 的高 ${\\mathrm{{PSRR}}}_{{\\mathrm{V}}_{\\mathrm{{CC}}}}$ 要求。设线性电流镜的比例系数为 ${m}_{\\mathrm{k}}, k$ 为电流镜的个数或级数, $M$ 为 ${m}_{\\mathrm{k}}$ 的乘积,为噪声电流的电流增益系数,因此有\n$$\n{g}_{\\mathrm{p}} = \\frac{{i}_{\\mathrm{R}1}}{{V}_{\\mathrm{{dd}}}}M = \\frac{M{i}_{\\mathrm{M}2}}{{V}_{\\mathrm{{dd}}}} = {g}_{\\mathrm{p}0}M = \\frac{{g}_{2}{g}_{1}}{{g}_{1} + {g}_{2}}{m}_{1}\\cdots {m}_{\\mathrm{k}} \\approx  {g}_{1}{m}_{1}\\cdots {m}_{\\mathrm{k}} \\tag{11 - 80}\n$$\n![0196aaa2-bbe2-70ee-823d-d4abf5c67805_332_218_233_1131_377_0.jpg](images/0196aaa2-bbe2-70ee-823d-d4abf5c67805_332_218_233_1131_377_0.jpg)\n图 11-31 单级增益结构电源跨导 ${g}_{\\mathrm{p}}$ 计算中的典型结构\n在图 11-31(b) 中,电流增益 $M = {m}_{1}{m}_{2} = \\left\\lbrack  {{\\left( W/L\\right) }_{3}/{\\left( W/L\\right) }_{2}}\\right\\rbrack  \\left\\lbrack  {{\\left( W/L\\right) }_{5}/{\\left( W/L\\right) }_{4}}\\right\\rbrack$ 、在图 11-31(d)中,电流增益 $M = {m}_{1} = {\\left( W/L\\right) }_{3}/{\\left( W/L\\right) }_{2}$ 。正是由于 $M$ 中级数的奇偶性的差别,造成输出噪声电流在输出结点方向上的极性相反,即一个流入、另一个则流出输出结点。 若此两支路传输的噪声电流在输出点方向相同,则为线性叠加,若方向相反,则为相减关系。\n需要特别指出的是,对同一种结构的噪声感应,电压噪声以及电流噪声跨导 ${g}_{\\mathrm{p}}$ 的输出与电源噪声的关系性质不同,即电源噪声输出大小与电源噪声的 ${V}_{\\mathrm{{CC}}}$ 或 ${V}_{\\mathrm{{SS}}}$ 性质有关,而噪声电流跨导 ${g}_{\\mathrm{p}}$ 与电源噪声 ${V}_{\\mathrm{{CC}}}$ 或 ${V}_{\\mathrm{{SS}}}$ 的性质无关。因此,以上电流模分析结果对同一结构下 ${V}_{\\mathrm{{CC}}}$ 和 ${V}_{\\mathrm{{SS}}}$ 噪声分析均可适用,只是两种噪声源形成的电流极性相反。根据以上结论,在电路内部 ${V}_{\\mathrm{{CC}}}$ 或 ${V}_{\\mathrm{{SS}}}$ 噪声源的产生与传输差异不大,并以噪声电流的形式输出。相反在支路的输出级,噪声与 ${V}_{\\mathrm{{CC}}}$ 与 ${V}_{\\mathrm{{SS}}}$ 的性质密切相关,由于存在噪声的直接耦合,最后的输出支路应采用抑制 ${V}_{\\mathrm{{CC}}}$ 或抑制 ${V}_{\\mathrm{{SS}}}$ 的电路结构。\n进一步分析发现,以上图 (b) 与图 (d) 在噪声总量输出上存在一定差异,其中图 (d) 只包含一个噪声源,而图(b)中包含两个噪声源,除了原有 ${\\mathrm{M}}_{2}$ 漏端噪声电流的传输外,还应包含 ${\\mathrm{M}}_{3}$ 端漏感应电流噪声源的传输,由于两路噪声输出电流方向相同,导致总的噪声输出增加。其中 ${\\mathrm{M}}_{3}$ 管的噪声传输可采用以下的分析方式。\n对于图 11-30(a) 和 (c) 中的噪声传输可采用完全相同的分析方法, 并得到类似的结果。 该结构符合 ${R}_{2} \\gg  {R}_{1}$ 的高 ${\\mathrm{{PSRR}}}_{{V}_{\\mathrm{{SS}}}}$ 要求。当分析 ${V}_{\\mathrm{{SS}}}$ 电源噪声传递特性时,其 ${g}_{\\mathrm{p}}$ 关系与上式完全相同。而在分析 ${V}_{\\mathrm{{CC}}}$ 噪声电压传输时,由于 ${g}_{\\mathrm{p}0} = {g}_{2}$ ,则有\n$$\n{g}_{\\mathrm{p}} = \\frac{M{i}_{\\mathrm{M}2}}{{V}_{\\mathrm{{dd}}}} = {g}_{\\mathrm{p}0}M = {m}_{1}\\cdots {m}_{\\mathrm{k}}\\frac{{g}_{2}{g}_{1}}{{g}_{1} + {g}_{2}} \\approx  {g}_{2}{m}_{1}\\cdots {m}_{\\mathrm{k}} \\tag{11 - 81}\n$$\n由于 ${g}_{2}$ 为高阻性质,所以(11 - 81)与(11 - 80)两式的结果本质上完全相同。对于图 11 - 28(a) 与 (b) 两种结构的差异, 首先表现在电源噪声跨导因子在电流作用方向上相反, 此外图(c)中包含两路噪声电流的贡献,而图(a)中只有一路噪声电流的贡献,故两者在噪声总量上存在一定差异。\n在将以上基于 ${g}_{\\mathrm{p}}$ 简化方法应用于实际电路的 PSRR 分析之前,首先应定义 ${g}_{\\mathrm{{pi}}}$ 的方向。 在输出结点处,若电源噪声引起的电流流入输出结点,则 ${g}_{\\mathrm{{pi}}}$ 为正; 若噪声电流流出输出结点,则 ${g}_{\\mathrm{{pi}}}$ 为负。在图 11-30(b) 给出的 OTA 单级增益中,根据以上单级增益各支路 ${g}_{\\mathrm{p}}$ 的形成机制与极性关系, 得到的电源噪声总跨导为\n$$\n{g}_{\\mathrm{p}} = \\left( {{g}_{\\mathrm{o}6} + s{C}_{\\mathrm{p}6}}\\right)  - \\left( {{g}_{\\mathrm{o}5} + s{C}_{\\mathrm{p}5}}\\right) \\frac{{g}_{\\mathrm{m}8}}{{g}_{\\mathrm{m}7}} + \\left( {{g}_{\\mathrm{o}1} + s{C}_{\\mathrm{p}1}}\\right) \\frac{{g}_{\\mathrm{m}5}}{{g}_{\\mathrm{m}3}}\\frac{{g}_{\\mathrm{m}8}}{{g}_{\\mathrm{m}7}} - \\left( {{g}_{\\mathrm{o}2} + s{C}_{\\mathrm{p}2}}\\right) \\frac{{g}_{\\mathrm{m}6}}{{g}_{\\mathrm{m}4}}\n$$\n(11 - 82)\n式中:寄生电容 ${C}_{\\mathrm{{pi}}}$ —— ${\\mathrm{M}}_{\\mathrm{i}}$ 管漏一栅电容与漏一衬底电容之和。\n在跨导因子的对称设计下, ${g}_{\\mathrm{m}8} = {g}_{\\mathrm{m}7}\\text{、}{g}_{\\mathrm{m}5} = {g}_{\\mathrm{m}3}\\text{、}{g}_{\\mathrm{m}6} = {g}_{\\mathrm{m}4}$ ,则 $b\\text{、}c$ 两对称支路电压噪声感应的电流或跨导因子大小相等、方向相反而相互抵消,其剩余的 ${g}_{\\mathrm{p}} = \\left( {{g}_{\\mathrm{o}6} - {g}_{\\mathrm{o}5}}\\right)  +$ $s\\left( {{C}_{\\mathrm{p}6} - {C}_{\\mathrm{p}5}}\\right)$ 。在 ${\\mathrm{M}}_{5}\\text{、}{\\mathrm{M}}_{6}$ 两管匹配对称的条件下, ${g}_{\\mathrm{p}} \\rightarrow  0$ ,而信号差分对信号输入跨导为 ${g}_{\\mathrm{{ml}}}$ , 则获得的 ${V}_{\\mathrm{{CC}}}$ 高电源抑制比为\n$$\n{\\mathrm{{PSRR}}}_{{\\mathrm{v}}_{\\mathrm{{CC}}}} = \\frac{{g}_{\\mathrm{{ml}}}}{\\left( {{g}_{\\mathrm{o}6} - {g}_{\\mathrm{o}5}}\\right)  + s\\left( {{C}_{\\mathrm{p}6} - {C}_{\\mathrm{p}5}}\\right) } \\tag{11 - 83}\n$$\n对于 OTA 放大器, 即使电源没有通过高阻尾电流的隔离, 但只要结构对称且参数匹配,即各电流镜和输出导纳的匹配精度得到保证时,同样可有效地提高电源噪声的 PSR- ${\\mathrm{R}}_{{\\mathrm{v}}_{\\mathrm{{CC}}}}$ 指标。电源抑制比在很宽的频率范围内保持低频特性,其相位移为 $0,{\\mathrm{{PSRR}}}_{{\\mathrm{v}}_{\\mathrm{{CC}}}}$ 的极点可为 $\\mathrm{{LHP}}$ 、也可以是 $\\mathrm{{RHP}}$ 极点,极点的极性和位置主要由 ${\\mathrm{M}}_{6}$ 与 ${\\mathrm{M}}_{5}$ 两管寄生电容与输出导纳失配的极性与差值决定。\n对于 ${V}_{\\mathrm{{SS}}}$ 电源噪声,采用曲线相交的切点分析方法,共有三个交点支路影响输出电流的大小。其中 ${\\mathrm{M}}_{7}$ 支路的等效电源跨导为 ${g}_{\\mathrm{{pa}}} = \\left( {{g}_{05} + s{C}_{\\mathrm{p}5}}\\right) \\left( {{g}_{\\mathrm{m}8}/{g}_{\\mathrm{m}7}}\\right) ,{\\mathrm{M}}_{8}$ 输出支路的等效电源跨导为 ${g}_{\\mathrm{{pc}}} = \\left( {{g}_{08} + s{C}_{\\mathrm{{p8}}}}\\right)$ 。尾电流支路的电流作用通过差分对分为方向相反的两路电流贡献。若设尾电流输出导纳为 ${g}_{d9}$ ,寄生电容为 ${C}_{p9}$ ,该支路与 ${g}_{d9}$ 串联的总导纳为 ${g}_{m1} +$ ${g}_{\\mathrm{m}2}$ ,其中 ${V}_{\\mathrm{{SS}}}$ 通过 ${g}_{\\mathrm{d}9}$ 注入 ${g}_{\\mathrm{m}1}$ 分流部分取正,而 ${g}_{\\mathrm{m}2}$ 分流部分取负,则该支路等效电源跨导为\n$$\n{g}_{\\mathrm{{pb}}} = \\left( {{g}_{\\mathrm{o}9} + s{C}_{\\mathrm{p}9}}\\right) \\left\\lbrack  {\\frac{{g}_{\\mathrm{{ml}}}}{{g}_{\\mathrm{m}1} + {g}_{\\mathrm{m}2}}\\frac{{g}_{\\mathrm{m}5}}{{g}_{\\mathrm{m}3}} - \\frac{{g}_{\\mathrm{m}2}}{{g}_{\\mathrm{m}1} + {g}_{\\mathrm{m}2}}\\frac{{g}_{\\mathrm{m}6}}{{g}_{\\mathrm{m}4}}}\\right\\rbrack   \\tag{11 - 84}\n$$\n当采用 $\\mathrm{N}$ 阱工艺时, $\\mathrm{{NMOS}}$ 差分对的衬底偏置效应无法忽略,考虑衬底跨导失配的影响后, 衬底引入的附加电流产生的电源传输跨导为\n$$\n{g}_{\\mathrm{{pb}}2} = \\left( {{g}_{\\mathrm{o}9} + s{C}_{\\mathrm{p}9}}\\right) \\left\\lbrack  \\frac{{g}_{\\mathrm{{mb}}1}\\left( {{g}_{\\mathrm{m}5}/{g}_{\\mathrm{m}3}}\\right)  - {g}_{\\mathrm{{mb}}2}\\left( {{g}_{\\mathrm{m}6}/{g}_{\\mathrm{m}4}}\\right) }{{g}_{\\mathrm{m}1} + {g}_{\\mathrm{{mb}}1} + {g}_{\\mathrm{m}2} + {g}_{\\mathrm{{mb}}2}}\\right\\rbrack   \\tag{11 - 85}\n$$\n同样,在电流镜对称设计的条件下, OTA 电路相对 ${V}_{\\mathrm{{SS}}}$ 电源噪声总的等效电源跨导为\n$$\n{g}_{\\mathrm{p}} \\approx  \\left( {{g}_{\\mathrm{o}5} + s{C}_{\\mathrm{p}5}}\\right)  + \\left( {{g}_{\\mathrm{o}8} + s{C}_{\\mathrm{p}8}}\\right)  + \\left( {{g}_{\\mathrm{o}9} + s{C}_{\\mathrm{p}9}}\\right) \\left\\lbrack  {\\frac{{g}_{\\mathrm{m}1} - {g}_{\\mathrm{m}2}}{{g}_{\\mathrm{m}1} + {g}_{\\mathrm{m}2}} + \\frac{{g}_{\\mathrm{{mb}}1} - {g}_{\\mathrm{{mb}}2}}{2\\left( {{g}_{\\mathrm{m}1} + {g}_{\\mathrm{m}{b1}}}\\right) }}\\right\\rbrack\n$$\n(11 - 86)\n在差分输入对严格匹配的条件下,即 ${g}_{\\mathrm{m}1} = {g}_{\\mathrm{m}2}\\text{、}{g}_{\\mathrm{{mb}}1} = {g}_{\\mathrm{{mb}}2},\\mathrm{{NMOS}}$ 差分输入 $\\mathrm{{OTA}}$ 的 ${V}_{\\mathrm{{SS}}}$ 电源噪声 PSRR 为\n$$\n{\\mathrm{{PSRR}}}_{{\\mathrm{V}}_{\\mathrm{{SS}}}} = \\frac{{g}_{\\mathrm{m}1}}{\\left( {{g}_{\\mathrm{o}5} + {g}_{\\mathrm{o}8}}\\right)  + s\\left( {{C}_{\\mathrm{p}5} + {C}_{\\mathrm{p}8}}\\right) } \\tag{11 - 87}\n$$\n同样,即使采用尾电流隔离,由于存在其他非对称通路,仍无法获得很高的 ${V}_{\\mathrm{{SS}}}$ 电源抑制比。对比 NMOS 差分输入 OTA 电路的电源抑制比 ${\\mathrm{{PSRR}}}_{{\\mathrm{V}}_{\\mathrm{{CC}}}}$ 与 ${\\mathrm{{PSRR}}}_{{\\mathrm{V}}_{\\mathrm{{SS}}}}$ 特性,由于 ${V}_{\\mathrm{{CC}}}$ 与 ${V}_{\\mathrm{{SS}}}$ 的互补对应关系,以及 NMOS 与 PMOS 差分对结构上的互补对应关系,使得不同结构类型的电源抑制比存在相互关联,即 NMOS 差分对 ${\\mathrm{{PSRR}}}_{{\\mathrm{V}}_{\\mathrm{{CC}}}}$ 与 ${\\mathrm{{PMOS}}}^{.}$ 差分对 ${\\mathrm{{PSRR}}}_{{\\mathrm{V}}_{\\mathrm{{SS}}}}$ 的分析相类似,同样 NMOS 差分对 ${\\mathrm{{PSRR}}}_{{\\mathrm{V}}_{\\mathrm{{SS}}}}$ 与 $\\mathrm{{PMOS}}$ 差分对 ${\\mathrm{{PSRR}}}_{{\\mathrm{V}}_{\\mathrm{{CC}}}}$ 的分析相一致。\n${V}_{\\mathrm{p}}$ 电源抑制比 $\\left( {{11} - {83}}\\right) \\text{、}\\left( {{11} - {87}}\\right)$ 的结果表明,在差分对和相关电流源完全匹配的条件下, PSRR 仅与相关位置下 MOS 管的饱和输出导纳 ${g}_{\\mathrm{d}}$ 及其寄生负载电容 ${C}_{\\mathrm{p}}$ 有关。当电路结构关于电源噪声 ${V}_{\\mathrm{p}}$ 完全对称时, PSRR 决定于相关 MOS 管导纳的差及寄生电容的差值。 在 MOS 管导纳及寄生电容之间良好的匹配条件下,可以获得极高的电源抑制比；当电路结构关于电源噪声 ${V}_{\\mathrm{p}}$ 不再满足完全对称时, PSRR 决定于相关 MOS 管导纳的和及寄生电容的和,电源抑制比的提高受到限制。\n提高 MOS 恒流源的输出阻抗,降低导纳因子,对提高直流低频下的电源抑制比有明显作用,其中最经典的方法是采用 Cascode 恒流源代替普通的 MOS 恒流管。当与 ${V}_{\\mathrm{{CC}}}$ 相连的恒流管采用 PMOS Cascode 结构时,有利于提高低频 ${\\mathrm{{PSRR}}}_{{\\mathrm{V}}_{CC}}$ 特性; 同样,当与 ${V}_{\\mathrm{{SS}}}$ 相连的恒流管采用NMOS Cascode 结构时,有利于提高低频 ${\\mathrm{{PSRR}}}_{{\\mathrm{V}}_{\\mathrm{{SS}}}}$ 性能。然而,采用 Cascode 结构由于无法减小 MOS 管的寄生电容,则高频率下的 PSRR 值难以有效提高。因此,改善 PSRR 性能的主要方式, 一是提高电路结构的对称性和相关元件的匹配特性, 二是采用 Cas-code 结构降低恒流源导纳,三是采用合理的版图设计以降低寄生电容。\n#### 11.4.4 两级 Miller 电容补偿放大电路的 PSRR\n在单级增益 PSRR 特性分析的基础上, 可进一步分析多级运放系统的 PSRR 性能变化。其主要步骤如下: 首先对多级运放进行增益级数的划分; 其次利用已有方法计算各单级增益的 ${\\mathrm{{PSRR}}}_{\\mathrm{i}}$ ；再其次根据系统结构推导电路系统 ${\\mathrm{{PSRR}}}_{\\mathrm{i}}$ 与各 ${\\mathrm{{PSRR}}}_{\\mathrm{i}}$ 及 ${A}_{{\\mathrm{V}}_{\\mathrm{i}}}$ 的关系；最后根据已有的单级 ${\\mathrm{{PSRR}}}_{\\mathrm{i}}$ 和 ${A}_{\\mathrm{{vi}}}$ 的值,计算出系统总的电源抑制比。以上分析方法对于相互独立的各增益级结构十分有效,然而当各增益级间存在相互间的耦合作用时,由于很难区分各级独立的作用, 则以上方法不再有效。因此, 更为有效的方法, 还是依据以上单级增益中常用的单支路电源跨导叠加原理。\n这里,针对两级 Miller 电容补偿的电压放大电路,进行电源噪声 PSRR 的计算分析。 其中输入级为 NMOS 或 PMOS 差分输入的共源放大结构, 第二级为普通的 CS 电压放大器。对于NMOS差分输入中,第二级中的 PMOS 为放大管,有利于降低 ${V}_{\\mathrm{{CC}}}$ 的噪声输出; 而在 PMOS 差分输入结构中,第二级中的 NMOS 为放大管,有利于降低 ${V}_{\\mathrm{{SS}}}$ 的噪声输出。第一级的输出即第二级的输入与电路输出之间存在一 ${C}_{\\mathrm{m}}$ 的 Miller 补偿电容,该电容对噪声的传输有重要影响。\n对于图 11-28(a) 的 NMOS 两级差分放大电路,考虑电容 ${C}_{\\mathrm{m}}$ 的作用后,在中低频率下, 由于 ${C}_{\\mathrm{m}}$ 与 ${\\mathrm{M}}_{5}$ 放大管输入栅电容 ${C}_{\\mathrm{{GS5}}}$ 的串联分压, ${\\mathrm{M}}_{5}$ 管的栅漏近似短路,则 ${\\mathrm{M}}_{5}$ 管的输出阻抗降低为 $1/{g}_{\\mathrm{m}5}$ ,输出导纳增加为 ${g}_{\\mathrm{m}5}$ ,并采用输出虚地的近似分析条件。\n## 1 )NMOS 差分输入两级 OTA 的电源 ${V}_{\\mathrm{{CC}}}$ 噪声\n采用等效电路分析方法, 根据两级运放增益结构, 前级噪声输出在后级增益通路中传输的输入信号为 ${V}_{\\mathrm{{CC}}}\\left( {1 - {A}_{\\mathrm{{pl}}}}\\right)$ ,则有\n$$\n\\frac{1}{\\mathrm{{PSRR}}} = \\frac{{A}_{\\mathrm{p}2} + \\left( {1 - {A}_{\\mathrm{p}1}}\\right) {A}_{\\mathrm{V}2}}{{A}_{\\mathrm{v}1}{A}_{\\mathrm{v}2}} = \\frac{1}{{A}_{\\mathrm{V}1}{\\mathrm{{PSRR}}}_{2}} + \\frac{1}{{A}_{\\mathrm{V}1}} - \\frac{1}{{\\mathrm{{PSRR}}}_{1}} \\tag{11 - 88}\n$$\n在低频条件下,忽略电容的作用,则 ${A}_{\\mathrm{V}1} = {g}_{\\mathrm{m}1}/\\left( {{g}_{\\mathrm{o}2} + {g}_{\\mathrm{o}4}}\\right)$ ,则代入以上 ${\\mathrm{{PSRR}}}_{1}$ 和 ${\\mathrm{{PSRR}}}_{2}$ 后,得到\n$$\n\\frac{1}{{\\mathrm{{PSRR}}}_{{\\mathrm{v}}_{\\mathrm{{CC}}}}} = \\frac{{g}_{\\mathrm{o}2} + {g}_{\\mathrm{o}4}}{{g}_{\\mathrm{m}1}{g}_{\\mathrm{m}5}/\\left( {{g}_{\\mathrm{o}5}//{g}_{\\mathrm{o}6}}\\right) } + \\frac{{g}_{\\mathrm{o}2} + {g}_{\\mathrm{o}4}}{{g}_{\\mathrm{m}1}} - \\frac{{g}_{\\mathrm{o}1} + {g}_{\\mathrm{o}4}}{2{g}_{\\mathrm{m}1}} \\tag{11 - 89}\n$$\n在 ${g}_{o1} = {g}_{o2} = {g}_{o4},{g}_{o5} = {g}_{o6}$ 导纳完全匹配的条件下, $2{A}_{V1} = {\\mathrm{{PSRR}}}_{1}$ ,则低频下的 PSRR 为\n$$\n{\\operatorname{PSRR}}_{{\\mathrm{v}}_{\\mathrm{{CC}}}} = {\\left\\lbrack  \\frac{\\left( {{g}_{\\mathrm{o}5}//{g}_{\\mathrm{o}6}}\\right) \\left( {{g}_{\\mathrm{o}2} + {g}_{\\mathrm{o}4}}\\right) }{{g}_{\\mathrm{m}1}{g}_{\\mathrm{m}5}} + \\frac{{g}_{\\mathrm{o}2} + {g}_{\\mathrm{o}4}}{2{g}_{\\mathrm{m}1}}\\right\\rbrack  }^{-1} \\approx  {g}_{\\mathrm{m}1}{r}_{\\mathrm{o}2}{g}_{\\mathrm{m}5}{r}_{\\mathrm{o}5} \\approx  \\frac{{g}_{\\mathrm{m}1}}{{g}_{\\mathrm{o}2}{g}_{\\mathrm{o}5}/{g}_{\\mathrm{m}5}}\n$$\n(11 - 90)\n以上关系仅在低频直流条件下成立并满足式(11-63)给出的 ${\\mathrm{{PSRR}}}_{0} \\approx  2 \\times  2{A}_{\\mathrm{v}0}$ 的约束关系。由于 ${\\mathrm{M}}_{5}$ 管的输出阻抗在 Miller 电容和 ${C}_{\\mathrm{p}5}$ 寄生电容的串联作用下变为 $1/{g}_{\\mathrm{m}5}$ ,则 $1/$ ${g}_{\\mathrm{m}5}$ 相对于输出级负载 ${g}_{\\mathrm{d}}$ 起短路作用,则 ${A}_{\\mathrm{p}} = 1$ 。将以上 PSRR 中的 ${g}_{\\mathrm{o}5}$ 用 ${g}_{\\mathrm{m}5}$ 替代,在中低频下 Miller 电容导致低频 PSRR 大幅度下降到\n$$\n{\\mathrm{{PSRR}}}_{{\\mathrm{V}}_{\\mathrm{{CC}}}} \\approx  \\frac{{g}_{\\mathrm{m}1}}{{g}_{\\mathrm{o}2}{g}_{\\mathrm{m}5}/{g}_{\\mathrm{m}5}} \\approx  \\frac{{g}_{\\mathrm{m}1}{r}_{\\mathrm{o}2}}{{g}_{\\mathrm{o}2}} \\tag{11 - 91}\n$$\n在中高频率下,由于电容 ${C}_{\\mathrm{p}4}$ 和 ${C}_{\\mathrm{m}}$ 的耦合作用,使电源电压噪声通过以上两电容直接耦合到输出,即 $\\left( {1 - {A}_{\\mathrm{{pl}}}}\\right) {A}_{\\mathrm{V}2} = 1$ 。考虑到 ${p}_{1}{A}_{\\mathrm{v}} = \\mathrm{{GBW}} = {g}_{\\mathrm{m}1}/{C}_{\\mathrm{m}},{p}_{1} = {g}_{\\mathrm{o}2}/\\left( {{A}_{\\mathrm{V}2}{C}_{\\mathrm{m}}}\\right)$ ,因此有\n$$\n{\\mathrm{{PSRR}}}_{{\\mathrm{v}}_{\\mathrm{{CC}}}} = \\frac{{A}_{\\mathrm{V}1}{A}_{\\mathrm{V}2}}{1 + {A}_{\\mathrm{p}2}} = \\frac{{g}_{\\mathrm{m}1}}{{p}_{1}{C}_{\\mathrm{m}}\\left( {1 + {A}_{\\mathrm{p}2}}\\right) } \\approx  \\frac{{g}_{\\mathrm{m}1}}{{g}_{\\mathrm{o}2}\\left( {{A}_{\\mathrm{V}2}^{-1} + {\\mathrm{{PSRR}}}_{2}^{-1}}\\right) } \\tag{11 - 92}\n$$\n进一步代入 ${A}_{\\mathrm{v}2} = {g}_{\\mathrm{m}5}/\\left\\lbrack  {{g}_{\\mathrm{m}5} + {g}_{\\mathrm{o}5} + {g}_{\\mathrm{o}6} + s\\left( {{C}_{\\mathrm{m}} + {C}_{\\mathrm{L}}}\\right) }\\right\\rbrack$ 及 ${\\mathrm{{PSRR}}}_{2}$ 的条件,有\n$$\n{\\mathrm{{PSRR}}}_{\\mathrm{{v}_{cc}}} \\approx  \\frac{{g}_{\\mathrm{m}1}}{{g}_{\\mathrm{o}2}\\left\\lbrack  {\\frac{{g}_{\\mathrm{m}5} + s\\left( {{C}_{\\mathrm{m}} + {C}_{\\mathrm{L}}}\\right) }{{g}_{\\mathrm{m}5}} + \\frac{{g}_{\\mathrm{m}5}//{g}_{\\mathrm{o}6} + s{C}_{\\mathrm{m}}}{{g}_{\\mathrm{m}5}}}\\right\\rbrack  } \\approx  \\frac{{g}_{\\mathrm{m}1}}{{g}_{\\mathrm{o}2} + s\\frac{{g}_{\\mathrm{o}2}\\left( {2{C}_{\\mathrm{m}} + {C}_{\\mathrm{L}}}\\right) }{{g}_{\\mathrm{m}5}}}\n$$\n(11 - 93)\n与式 (11-90) 相比,上式在低频下略有误差,仅适合于中高频 PSRR 的计算。在运放 $3\\mathrm{\\;{dB}}$ 带宽以上的中高频范围内, $2{A}_{\\mathrm{V}1} = {\\mathrm{{PSRR}}}_{1}$ 的条件不再成立。采用近似方法独立计算各级电源跨导的贡献。在中高频下, Miller 电容 ${C}_{\\mathrm{m}}$ 与 ${C}_{\\mathrm{L}}$ 负载电容的串联等效负载为 ${C}_{\\mathrm{m}}$ ,则单级增益传递函数的高频特性为\n$$\n{A}_{\\mathrm{v}}\\left( s\\right)  = \\frac{{A}_{\\mathrm{V}0}}{1 + s/{p}_{1}} \\approx  \\frac{\\mathrm{{GBW}}}{s} = \\frac{{g}_{\\mathrm{m}1}}{s{C}_{\\mathrm{m}}} \\tag{11 - 94}\n$$\n其物理含义表明,两级总增益为 ${A}_{\\mathrm{v}} = {A}_{\\mathrm{V}1}{A}_{\\mathrm{V}2} = {g}_{\\mathrm{{ml}}}/\\left( {s{C}_{\\mathrm{m}}}\\right)$ ,则第 1 级增益 ${A}_{\\mathrm{V}1} = {g}_{\\mathrm{{ml}}}/(s$ $\\left. {{A}_{\\mathrm{V}2}{C}_{\\mathrm{m}}}\\right)$ ,只要第 2 级增益 ${A}_{\\mathrm{V}2} \\gg  1$ ,即输出负载电容不起作用,等效为 $1/\\left( {s{C}_{\\mathrm{m}}}\\right)$ 负载的单级增益,即 ${C}_{\\mathrm{L}}$ 电容短路。\n由于 ${\\mathrm{M}}_{5}$ 管栅电位对 ${V}_{\\mathrm{{CC}}}$ 的直接感应作用, ${V}_{\\mathrm{{GS5}}}$ 被钳位, ${g}_{o4}$ 被屏蔽,即第 1 级差分结构产生的 ${g}_{\\mathrm{p}1} = {g}_{\\mathrm{o}2} + s{C}_{\\mathrm{p}1}$ ,因此 ${g}_{\\mathrm{p}1}$ 对 ${\\mathrm{M}}_{5}$ 管不起作用,只能通过 Miller 电容 ${C}_{\\mathrm{m}}$ 直接传递到输出。而对于第 2 级,由于 ${C}_{\\mathrm{L}}$ 的分压作用,输出虚地近似成立,在此条件下输出级产生的电源跨导为 ${g}_{\\mathrm{p}2} = {g}_{\\mathrm{o}5} + s{C}_{\\mathrm{m}}$ ,实际 ${g}_{\\mathrm{p}2} = {g}_{\\mathrm{o}5} + s{C}_{\\mathrm{m}}{C}_{\\mathrm{L}}/\\left( {{C}_{\\mathrm{L}} + {C}_{\\mathrm{m}}}\\right)$ 。由于 ${g}_{\\mathrm{p}} = {g}_{\\mathrm{p}1} + {g}_{\\mathrm{p}2}$ ,则电源电压 ${V}_{\\mathrm{{CC}}}$ 的电源抑制比为\n$$\n{\\mathrm{{PSRR}}}_{{\\mathrm{v}}_{\\mathrm{{cc}}}} = \\frac{{g}_{\\mathrm{{ml}}}}{{g}_{\\mathrm{p}1} + {g}_{\\mathrm{p}2}} \\approx  \\frac{{g}_{\\mathrm{m}1}}{{g}_{\\mathrm{o}2} + {g}_{\\mathrm{o}5} + s\\left( {\\frac{{C}_{\\mathrm{m}}{C}_{\\mathrm{L}}}{{C}_{\\mathrm{L}} + {C}_{\\mathrm{m}}} + {C}_{\\mathrm{p}1}}\\right) } \\tag{11 - 95}\n$$\n以上独立计算方法忽略了 ${A}_{v2}$ 的增益作用,因此在 $\\mathrm{{GBW}}$ 以内的频率范围内与以上等效电路模型存在较大误差,由此近似模型,在 $\\mathrm{{GBW}} = {g}_{\\mathrm{{ml}}}/{C}_{\\mathrm{m}}$ 的频率下, ${V}_{\\mathrm{{CC}}}$ 电源抑制比近似的最小值为 ${\\mathrm{{PSRR}}}_{\\min } = 0\\mathrm{\\;{dB}}$ ,实际 ${\\mathrm{{PSRR}}}_{\\min } > 0\\mathrm{\\;{dB}}$ 。在 $\\mathrm{{GBW}}$ 外的频率范围,需要考虑附加的两个零点,由于在高频下, ${g}_{\\mathrm{{ml}}}$ 应采用包含 Miller 电容零点的等效 ${G}_{\\mathrm{m}}$ 代替,同时 $1/{g}_{\\mathrm{m}5}$ 与 ${C}_{\\mathrm{L}}$ 构成 ${A}_{\\mathrm{p}}$ 极点即 PSRR 的零点。\n## 2 NMOS 差分输入两级 OTA 的电源 ${V}_{\\mathrm{{SS}}}$ 噪声\n第一级 NMOS 差分结构对 ${V}_{\\mathrm{{SS}}}$ 信号具有完全的对称结构,则其产生的电源跨导主要由对称结构的匹配性所决定,并通过补偿电容直接传递到电路输出,则差分输入级对电源跨导的贡献为\n$$\n{g}_{\\mathrm{{pl}}} \\approx  \\left( {{g}_{\\mathrm{o}9} + s{C}_{\\mathrm{p}9}}\\right) \\left\\lbrack  {\\frac{{g}_{\\mathrm{m}1} - {g}_{\\mathrm{m}2}}{{g}_{\\mathrm{m}1} + {g}_{\\mathrm{m}2}} + \\frac{{g}_{\\mathrm{{mb}}1} - {g}_{\\mathrm{{mb}}2}}{2\\left( {{g}_{\\mathrm{m}1} + {g}_{\\mathrm{m}1}}\\right) }}\\right\\rbrack   \\tag{11 - 96}\n$$\n输出级的电源 ${V}_{\\mathrm{{SS}}}$ 跨导为 ${g}_{\\mathrm{p}2} = {g}_{\\mathrm{o}6} + s{C}_{\\mathrm{p}6}$ 。与 ${V}_{\\mathrm{{CC}}}$ 噪声不同的是,第 2 级 ${\\mathrm{M}}_{5}$ 管有放大作用,则输出级等效到第一级的输出 ${g}_{\\mathrm{p}2}^{\\prime } = {g}_{\\mathrm{p}2}/\\left( {{g}_{\\mathrm{m}5}/s{C}_{\\mathrm{m}}}\\right)$ 。在中频条件下,有\n$$\n{\\mathrm{{PSRR}}}_{{\\mathrm{v}}_{\\mathrm{{SS}}}} \\approx  \\frac{}{\\left( {{g}_{\\mathrm{o}\\theta } + s{C}_{\\mathrm{p}\\theta }}\\right) \\left\\lbrack  {\\frac{\\Delta {g}_{\\mathrm{m}1}}{2{g}_{\\mathrm{m}1}} + \\frac{\\Delta {g}_{\\mathrm{{mb}}1}}{2\\left( {{g}_{\\mathrm{m}1} + {g}_{\\mathrm{{mb}}1}}\\right) }}\\right\\rbrack   + \\frac{\\left( {g}_{\\mathrm{o}6} + s{C}_{\\mathrm{p}6}\\right) }{{g}_{\\mathrm{m}6}}s{C}_{\\mathrm{m}}} \\tag{11 - 97}\n$$\n由于结构对称性与电源对称性的共同作用, PMOS 差分输入两级 OTA 的电源 ${V}_{\\mathrm{{SS}}}$ 噪声,其电源抑制比 ${\\mathrm{{PSRR}}}_{{\\mathrm{V}}_{\\mathrm{{SS}}}}$ 与式(11-93)给出的关系相同。"
}