{
  "section_num": "2.1",
  "title": "概述",
  "start_line": 353,
  "end_line": 364,
  "content": "### 2.1 概述\n顾名思义, 电路元器件是构成电路系统不可分割的基本单元, 电路功能的实现和性能的提高, 很大程度上决定于器件的性能。直观上看, 各类电路都表现为各种元器件一种特定的连接关系,电路设计最终可归结为对电路元器件电学与几何参数的设计以及对元器件连接关系即电路组织结构的设计这相辅相成的两个方面。\n电路元器件主要包含以电阻、电容、电感为代表的无源器件,以及以二极管 (Diode)、双极型晶体管(BJT)、场效应晶体管(MOS管)为代表的有源器件。有源与无源器件的根本区别在于有源器件需要特定的静态偏置点才能正常工作,而无源元件则无需静态工作点,只需施加电压或电流即可正常工作。如电阻分压可以直接为有源器件提供静态偏置电压,正是利用了无源元件的这一特性。除此之外, 这两类器件的电参数性质具有不同的特点, 本质上看有源器件的参数与静态工作点有关, 并随工作点的变化而改变, 具有非线性特性; 而无源元件的电参数通常为固定常数,并不随电压或电流工作点的变化而改变,表现为线性特性。 然而在小信号近似下,有源器件可近似为线性器件；而利用有源结构如 $\\mathrm{{PN}}$ 结构成的电容则存在明显的非线性。正是由于电路中各类型元器件工作状态差异所导致的线性与非线性性质的不同,使得电路中的信号处理性质产生明显的差异,从而增加了电路分析和设计的难度。\n从信号类型上, 可分为对数字信号处理的数字电路、对模拟量进行线性或非线性处理的模拟电路以及对采样信号处理的离散电路三大类。模拟信号是指时间和空间均连续的数学量,数字信号则为时间和空间均离散的数学量,而介于两者之间即空间连续而时间离散的数学量通常称为采样信号。从对模拟信号处理的关系类型上, 可分为线性与非线性电路两大类。所谓对信号的线性处理,是指满足齐次性与叠加性的线性约束关系,否则即为非线性电路。可见,模拟电路中线性与非线性模拟电路之间既存在一定的关联,又存在明显的差异。\n线性模拟电路又称为小信号电路,这里指出了该类电路的一个特点或限制条件,即线性工作区。当工作范围超出线性区后,将产生非线性失真。线性电路产生的线性信号失真只有幅度的变化而没有频率的改变,与此相比,非线性失真将有新的频率分量产生。只有在合适静态点的小信号条件下,有源器件的线性近似才能成立,并可实现对交流小信号的线性处理。模拟放大器就是其中一种典型的线性电路,是构成各类线性系统的基本功能单元。当电路工作状态进入非线性区后, 则构成非线性电路。典型的非线性电路包括比较器和振荡器等。在非线性电路中, 线性区将成为非线性的一种过渡状态。数字逻辑电路利用的就是这样一种稳定的非线性状态。基本的数字电路包括随机逻辑门电路,电路中的 MOS 管均在非线性的开关导通与截止状态之间切换和转化。\n总之, 所有不同类型电路的功能和电学性能, 均决定于电路结构中各类元器件的类型和工作状态,并在电路特性、分析方法和应用等方面存在明显差异。本章针对应用于 CMOS 模拟电路中的关键元器件, 重点分析 MOS 管基于电荷感应的物理模型, 总结用于电路分析的连续型模型以及经典的平方率模型,并通过与 BJT 的对比,分析 CMOS 电路的特点,完成对模拟电路设计关键参数即器件跨导的重点分析。"
}