{
  "section_num": "2.3",
  "title": "MOS 场效应晶体管",
  "start_line": 429,
  "end_line": 1062,
  "content": "### 2.3 MOS 场效应晶体管\nMOS 管导电是基于平板电容电荷感应形成沟道反型的控制机理。物理结构上, MOS 管的栅控电压 ${V}_{\\mathrm{G}}$ 形成源漏之间的感应沟道, ${V}_{\\mathrm{S}}\\text{、}{V}_{\\mathrm{D}}$ 分别为 $\\mathrm{{MOS}}$ 管源端和漏端电位, ${V}_{\\mathrm{{DS}}} = {V}_{\\mathrm{D}} - {V}_{\\mathrm{S}}$ 为源漏端的电压差,当感应形成反型沟道后,在 ${V}_{\\mathrm{{DS}}}$ 的作用下形成输出电流 ${I}_{\\mathrm{{DS}}}$ 。源 $\\mathrm{S}$ 、漏 $\\mathrm{D}$ 结构对称并可互换,源漏仅由电路连接方式即电流方向决定。所谓源,是指载流子之源,在电场作用下有大量载流子的发射,而漏端则负责载流子的收集。因此,对于 NMOS,源端发射电子,漏端接收电子,电流方向为漏到源,即 ${I}_{\\mathrm{{DS}}} > 0\\text{、}{V}_{\\mathrm{{DS}}} > 0$ 。类似地,对于PMOS,源端发射空穴,漏端接收空穴,电流方向为源到漏,即 ${I}_{\\mathrm{{SD}}} > 0\\text{、}{V}_{\\mathrm{{SD}}} > 0$ 。此外,为防止 MOS 管源漏与衬底形成的 PN 结泄漏电流,该寄生 PN 结应避免正偏。为设置衬底 $\\mathrm{{PN}}$ 结为反偏, NMOS 管衬底应接电路中的最低电位,而 PMOS 管衬底应接电路中的最高电位。若源漏电位短接,则 NMOS 和 PMOS 的衬底 PN 结都保持零偏。\nMOS 管感应沟道在电场作用下基于多子漂移形成的电流控制机制, 与 BJT 中基于少子注入形成扩散电流的控制机制存在明显的差异。在不同的栅压 ${V}_{\\mathrm{G}}$ 偏置水平和输出电压驱动下, 输出电流表现出显著差异, 这与 MOS 管在不同的电压感应和驱动下形成的不同感应沟道相对应。图 2-1 给出了增强型 NMOS 管在感应沟道形成即 ${V}_{\\mathrm{{GS}}} > {V}_{\\mathrm{{TH}}}$ 的条件下, 感应层中电荷分布与输出驱动电压的关系。当 ${V}_{\\mathrm{{DS}}}$ 为接近于零的低压时,沟道电荷均匀分布形成线性性质的沟道电阻,输出电流与输出电压近似为线性关系；相反,当 ${V}_{\\mathrm{{DS}}}$ 大于某一临界值时,沟道在漏端夹断,沟道电荷的非均匀分布形成非线性性质的沟道电阻,输出电流与输出电压明显偏离原有的线性关系。\n![0196aaa2-bbe2-70ee-823d-d4abf5c67805_21_287_951_1013_339_0.jpg](images/0196aaa2-bbe2-70ee-823d-d4abf5c67805_21_287_951_1013_339_0.jpg)\n图 2-1 与 ${V}_{\\mathrm{{GS}}}$ 和 ${V}_{\\mathrm{{DS}}}$ 有关的 MOS 管感应沟道\n本节在 MOS 管工作机理分析的基础上,建立输出电流由 ${V}_{\\mathrm{{GS}}}\\text{、}{V}_{\\mathrm{{DS}}}$ 控制的数学关系与物理模型,并重点分析 MOS 器件在模拟电路中的应用原理和基本原则。\n#### 2.3.1 MOS 管漂移电流\n以 $\\mathrm{P}$ 型衬底的反型 $\\mathrm{N}$ 沟道即增强型 $\\mathrm{{MOS}}$ 管为例,在栅电压 ${V}_{\\mathrm{G}}$ 的作用下,栅表面感应出的单位面积电荷密度为 ${Q}_{\\mathrm{{inv}}}$ ,并形成反型沟道,沟道区可视为 $\\mathrm{N}$ 型均匀电阻区,在横向电场 $- \\mathrm{d}{V}_{\\mathrm{{ch}}}/\\mathrm{d}x$ 作用下形成漂移电流 ${I}_{\\mathrm{D}}$ 。根据漂移电流密度与横向电场的关系,有\n$$\n{J}_{\\mathrm{n}} = {qnv} = {qn}{\\mu }_{\\mathrm{n}}E =  - {qn}{\\mu }_{\\mathrm{n}}\\frac{\\mathrm{d}{V}_{\\mathrm{{ch}}}}{\\mathrm{d}x} \\tag{2 - 8}\n$$\n式中: $q$ ——电子电荷量;\n$n$ ——感应的电子密度；\n$v$ ——电子漂移速度；\n${\\mu }_{\\mathrm{n}}$ ——电子迁移率。\n若设反型层厚度为 ${t}_{\\text{inv }}$ 、沟道长度与宽度分别为 $L\\text{、}W$ ,则反型沟道中的电流为\n$$\n{I}_{\\mathrm{n}} = {J}_{\\mathrm{n}}\\left( {{t}_{\\mathrm{{inv}}}W}\\right)  =  - q{\\mu }_{\\mathrm{n}}\\frac{\\mathrm{d}{V}_{\\mathrm{{ch}}}}{\\mathrm{d}x}\\frac{{N}_{\\mathrm{T}}}{{t}_{\\mathrm{{inv}}}{WL}}{t}_{\\mathrm{{inv}}}W =  - {\\mu }_{\\mathrm{n}}\\frac{\\mathrm{d}{V}_{\\mathrm{{ch}}}}{\\mathrm{d}x}\\left( \\frac{q{N}_{\\mathrm{T}}}{WL}\\right) W \\tag{2 - 9}\n$$\n式中: ${N}_{\\mathrm{T}}$ ——沟道中反型电子的总数,则 ${Q}_{\\text{inv }} = q{N}_{\\mathrm{T}}/{WL}$ 。\n以上 MOS 管输出电流与 ${Q}_{\\text{inv }}$ 的关系为\n$$\n{I}_{\\mathrm{n}} = {\\mu }_{\\mathrm{n}}W\\left( {-{Q}_{\\mathrm{{inv}}}}\\right) \\frac{\\mathrm{d}{V}_{\\mathrm{{ch}}}}{\\mathrm{d}x} \\tag{2 - 10}\n$$\n即沿感应沟道 $x$ 方向流过的电流连续,与 $x$ 无关。则对其在 $x$ 方向积分,得到\n$$\n{\\int }_{0}^{L}{I}_{\\mathrm{n}}\\mathrm{d}x = {\\int }_{{\\mathrm{V}}_{\\mathrm{S}}}^{{\\mathrm{V}}_{\\mathrm{D}}}{\\mu }_{\\mathrm{n}}W\\left( {-{Q}_{\\mathrm{{inv}}}}\\right) \\mathrm{d}{V}_{\\mathrm{{ch}}} \\tag{2 - 11}\n$$\n整理后, 沟道感应电流的一般关系式为\n$$\n{I}_{\\mathrm{n}} = {\\mu }_{\\mathrm{n}}{C}_{\\mathrm{{ox}}}\\frac{W}{L}{\\int }_{{\\mathrm{V}}_{\\mathrm{S}}}^{{\\mathrm{V}}_{\\mathrm{D}}}\\left( {-\\frac{{Q}_{\\mathrm{{inv}}}}{{C}_{\\mathrm{{ox}}}}}\\right) \\mathrm{d}{V}_{\\mathrm{{ch}}} = {k}^{\\prime }{}_{\\mathrm{n}}\\frac{W}{L}{\\int }_{{\\mathrm{V}}_{\\mathrm{S}}}^{{V}_{\\mathrm{D}}}\\left( {-\\frac{{Q}_{\\mathrm{{inv}}}}{{C}_{\\mathrm{{ox}}}}}\\right) \\mathrm{d}{V}_{\\mathrm{{ch}}} \\tag{2 - 12}\n$$\n式中: ${C}_{\\mathrm{{ox}}} = {\\varepsilon }_{0}{\\varepsilon }_{\\mathrm{{ox}}}/{t}_{\\mathrm{{ox}}}$ 一一单位面积的栅氧化层电容,即栅电容密度。其中 ${\\varepsilon }_{0}\\text{、}{\\varepsilon }_{\\mathrm{{ox}}}$ 分别为真空中的绝对介电常数以及介质的相对介电常数, ${t}_{\\mathrm{{ox}}}$ 为栅氧化层厚度。\n${k}^{\\prime }{}_{\\mathrm{n}} = {\\mu }_{\\mathrm{n}}{C}_{\\mathrm{{ox}}}$ 一一仅受工艺影响的参数,称为工艺因子。增益因子 $k = {k}^{\\prime }{}_{\\mathrm{n}}\\left( {W/L}\\right)$ 既与工艺因子有关,也受器件尺寸即 $W/L$ 的控制。而栅压控制形成的 ${Q}_{\\mathrm{{mv}}}$ 对输出电流产生决定性影响。\n#### 2.3.2 表面电势\n改变半导体导电类型,除掺杂外,电场感应也是一个重要的方法,电场通过弯曲表面能带的作用而达到反型的目的, 因此沟道感应电荷密度 ${Q}_{\\text{inv }}$ 直接与半导体表面电势密切相关。设衬底掺杂浓度为 ${N}_{\\mathrm{{sub}}}$ 的半导体,体费米势为 ${\\phi }_{\\mathrm{B}} = {V}_{\\mathrm{T}}\\ln \\left( {{N}_{\\mathrm{{sub}}}/{n}_{\\mathrm{i}}}\\right)$ ,其中 ${n}_{\\mathrm{i}}$ 为本征载流子浓度。设 ${E}_{\\mathrm{C}}\\text{、}{E}_{\\mathrm{V}}\\text{、}{E}_{\\mathrm{i}}$ 分别为掺杂半导体的导带、价带和本征费米能级,其中 ${E}_{\\mathrm{i}}$ 近似位于禁带中央位置。当 ${\\left( {E}_{\\mathrm{C}} - {E}_{\\mathrm{i}}\\right) }_{\\text{surface }} = {\\left( {E}_{\\mathrm{i}} - {E}_{\\mathrm{V}}\\right) }_{\\text{bulk }}$ 成立时,表面感应的载流子浓度与衬底多子浓度相同。以 NMOS 为例, ${n}_{\\text{sense }} = p = {N}_{\\mathrm{A},\\text{ sub }}$ ,此时,表面能带相对于体内能级的弯曲量即表面势达到 ${\\phi }_{\\mathrm{S}} = 2{\\phi }_{\\mathrm{B}}$ ,即对应于强反型条件。 $\\mathrm{P}$ 型半导体能带弯曲及表面势 ${\\phi }_{\\mathrm{s}}$ 的变化关系如图 2-2 所示。\n![0196aaa2-bbe2-70ee-823d-d4abf5c67805_22_957_1199_467_391_0.jpg](images/0196aaa2-bbe2-70ee-823d-d4abf5c67805_22_957_1199_467_391_0.jpg)\n图 2-2 能带弯曲与表面势\n作为表面相对于体内的电势差的 ${\\phi }_{\\mathrm{S}}$ 表面势,由 ${V}_{\\mathrm{G}}$ 引起。除此之外, ${V}_{\\mathrm{G}}$ 还要感应生成反型载流子,在感应载流子之前,首先需要将衬底耗尽。因此,施加的栅电压 ${V}_{\\mathrm{G}}$ 将消耗在反型沟道 ${Q}_{\\text{inv }}/{C}_{\\text{ox }}$ 、衬底耗尽 ${Q}_{\\mathrm{B}}/{C}_{\\text{ox }}$ 和表面势 ${\\phi }_{\\mathrm{S}}$ 三个方面,即\n$$\n{V}_{\\mathrm{G}} =  - \\frac{{Q}_{\\mathrm{t}}}{{C}_{\\mathrm{{ox}}}} + {\\phi }_{\\mathrm{S}} =  - \\frac{{Q}_{\\mathrm{{inv}}} + {Q}_{\\mathrm{B}}}{{C}_{\\mathrm{{ox}}}} + {\\phi }_{\\mathrm{S}} \\tag{2 - 13}\n$$\n式中电荷总量 ${Q}_{\\mathrm{t}}$ 与表面势 ${\\phi }_{\\mathrm{S}}$ 、体费米势 $2{\\phi }_{\\mathrm{B}}$ 和沟道电位 $V$ 的关系为\n$$\n- \\frac{{Q}_{\\mathrm{t}}}{{C}_{\\mathrm{{ox}}}} = \\gamma \\sqrt{{V}_{\\mathrm{T}}\\exp \\left( \\frac{{\\phi }_{\\mathrm{S}} - 2{\\phi }_{\\mathrm{B}} - V}{{V}_{\\mathrm{T}}}\\right)  + {\\phi }_{\\mathrm{S}}} \\tag{2 - 14}\n$$\n式中衬底调制系数 $\\gamma$ 为\n$$\n\\gamma  = \\frac{\\sqrt{{2q}{\\varepsilon }_{0}{\\varepsilon }_{\\mathrm{r}}/{N}_{\\mathrm{{sub}}}}}{{C}_{\\mathrm{{ox}}}} \\tag{2 - 15}\n$$\n由以上两式可计算得到 ${\\phi }_{\\mathrm{S}} \\sim  {V}_{\\mathrm{G}}$ 的变化关系, 其中沟道水平方向非平衡电压 $V$ 为参变量,计算结果如图 2-3 所示。 ${\\phi }_{\\mathrm{S}}$ 开始阶段跟随 ${V}_{\\mathrm{G}}$ 变化,但斜率略小于 1,说明开始阶段 ${V}_{\\mathrm{G}}$ 主要用于形成表面电势。此后, ${\\phi }_{\\mathrm{S}}$ 逐渐趋于饱和,随 ${V}_{\\mathrm{G}}$ 增加,其变化减缓,即 ${V}_{\\mathrm{G}}$ 主要消耗在式(2-14)中根号内的指数项,即此时 ${V}_{\\mathrm{G}}$ 电压大部分用于产生感应载流子,而感应的电荷与 ${\\phi }_{\\mathrm{S}}$ 呈指数关系,因此表面势随 ${V}_{\\mathrm{G}}$ 的增加而逐渐趋于饱和,并导致 ${V}_{\\mathrm{G}} - {\\phi }_{\\mathrm{S}}$ 增加。\n![0196aaa2-bbe2-70ee-823d-d4abf5c67805_23_872_399_532_449_0.jpg](images/0196aaa2-bbe2-70ee-823d-d4abf5c67805_23_872_399_532_449_0.jpg)\n图 2-3 表面电势与栅电压\n对于非平衡沟道电压 $V$ ,当 $V$ 越大,相同 ${V}_{\\mathrm{G}}$ 下的表面电势也越高,即 ${V}_{\\mathrm{G}} - {\\phi }_{\\mathrm{S}}$ 越低,感应的载流子密度减小。这意味着非平衡电压越高,沟道反型越困难。当 ${V}_{\\mathrm{G}}$ 固定时, ${\\phi }_{\\mathrm{s}}$ 同样存在饱和效应,当非平衡电压 $V$ 超过某特定限度后, ${\\phi }_{\\mathrm{S}}$ 将不随 $V$ 变化,即感应沟道消失。\n#### 2.3.3 阈值 (开启) 电压\n对图 2-3 进行简单变换并增加有关参量,可得到栅压 ${V}_{\\mathrm{G}}$ 固定时的表面势 ${\\phi }_{\\mathrm{S}}$ 与非平衡电压 $V$ 的关系,如图 2-4 所示。在 $V$ 固定条件下,可以明显看出 ${V}_{\\mathrm{G}}$ 消耗与 ${\\phi }_{\\mathrm{S}}$ 、衬底耗尽电荷以及沟道感应电荷三者 (对应图 2-4 中三段竖向箭头的幅值 $a\\text{、}b\\text{、}c$ ,在图中所示的某一固定 $V$ 下, $a$ 、 $b$ 、 $c$ 分别等于 ${\\phi }_{\\mathrm{S}}$ , $\\gamma \\sqrt{{\\phi }_{\\mathrm{{SD}}}}$ , $- {Q}_{\\mathrm{i}}/{C}_{\\mathrm{{OX}}}$ )之间的比例关系,其中前两项之和构成沟道开启电压 ${V}_{\\mathrm{{TH}}}$ (对应图 2-4 中 $a$ 与 $b$ 的和等于 ${V}_{\\mathrm{{TH}}}$ )。图2-5中,当 ${V}_{\\mathrm{D}} > {V}_{\\mathrm{p}}$ 后,电荷积分所占用面积 (对应图中阴影面积) 不再变化,即归一化电流 ${I}_{\\mathrm{{DS}}}/K$ 不再随 ${V}_{\\mathrm{D}}$ 改变,此 ${V}_{\\mathrm{p}}$ 电压称为沟道夹断电压,或饱和电压。图 2-4,2-5 中对角线的斜率为 $1,{V}_{\\mathrm{p}}$ 与源点处的有效栅驱动电压可通过 ${V}_{\\mathrm{{TH}}} \\sim  V$ 曲线的斜率 $n$ 而建立联系,即 $n{V}_{\\mathrm{p}} = {V}_{\\mathrm{{GS}}} - {V}_{\\mathrm{{TH}}0}$ ,并由此得到\n$$\n{V}_{\\mathrm{p}} = {V}_{\\mathrm{{DS}},\\text{ sat }} = \\frac{{V}_{\\mathrm{{GS}}} - {V}_{\\mathrm{{TH}}0}}{n} \\approx  {\\left. \\left( {V}_{\\mathrm{{GS}}} - {V}_{\\mathrm{{TH}}0}\\right) \\right| }_{\\mathrm{n} \\approx  1} \\tag{2 - 16}\n$$\n式中: ${V}_{\\mathrm{{TH}}0}$ ——源端位置下的沟道反型开启电压。\n当感应电荷很少时,近似有 ${Q}_{\\mathrm{{inv}}} \\rightarrow  0$ ,则 $- {Q}_{\\mathrm{B}}/{C}_{\\mathrm{{ox}}} \\rightarrow  \\gamma \\sqrt{{\\phi }_{\\mathrm{S}}}$ ,感应的少量载流子反过来又可简化如图 2-4 所示的三组成分量\n$$\n- \\frac{{Q}_{\\mathrm{{inv}}}}{{C}_{\\mathrm{{ox}}}} \\approx  {V}_{\\mathrm{G}} - \\gamma \\sqrt{{\\phi }_{\\mathrm{S}}} - {\\phi }_{\\mathrm{S}} \\tag{2 - 17}\n$$\n根据开启电压用于形成表面电势和耗尽层固定电荷的物理定义, 只有去除开启电压部分后的栅压,才对沟道的感应电荷有贡献,即\n$$\n{V}_{\\mathrm{G}} - {V}_{\\mathrm{{TH}}} =  - \\frac{{Q}_{\\mathrm{{inv}}}}{{C}_{\\mathrm{{ox}}}} \\tag{2 - 18}\n$$\n![0196aaa2-bbe2-70ee-823d-d4abf5c67805_24_824_238_575_562_0.jpg](images/0196aaa2-bbe2-70ee-823d-d4abf5c67805_24_824_238_575_562_0.jpg)\n图 2-5 沟道夹断电压的确定\n![0196aaa2-bbe2-70ee-823d-d4abf5c67805_24_158_283_598_517_0.jpg](images/0196aaa2-bbe2-70ee-823d-d4abf5c67805_24_158_283_598_517_0.jpg)\n图 2-4 栅压 ${V}_{\\mathrm{G}} = 4\\mathrm{\\;V}$ 下表面势分配在 $a\\text{、}b\\text{、}c$ 上的比例与非平衡沟道电压的关系\n因此,对感应电荷的计算转换成为对随沟道非平衡电压 $V$ 变化的阈值电压的计算。结合以上两式,有 ${V}_{\\mathrm{{TH}}} = {\\phi }_{\\mathrm{S}} + \\gamma \\sqrt{{\\phi }_{\\mathrm{S}}}$ ,考虑到半导体平带电压 ${V}_{\\mathrm{{FB}}}$ 的作用,实际阈值电压修正为\n$$\n{V}_{\\mathrm{{TH}}} = \\gamma \\sqrt{{\\phi }_{\\mathrm{S}}} + {\\phi }_{\\mathrm{S}} + {V}_{\\mathrm{{FB}}} \\tag{2 - 19}\n$$\n式中非理想因素决定的平带电压 ${V}_{\\mathrm{{FB}}}$ 可表示为\n$$\n{V}_{\\mathrm{{FB}}} = {\\phi }_{\\mathrm{{MS}}} + \\frac{{Q}_{\\mathrm{{SS}}}}{{C}_{\\mathrm{{ox}}}} \\tag{2 - 20}\n$$\n对于 $\\mathrm{{NMOS}}$ ,由于界面固定正电荷 ${Q}_{\\mathrm{{SS}}}$ 和金半接触电位差 ${\\phi }_{\\mathrm{{MS}}}$ 的作用, ${V}_{\\mathrm{{FB}}} < 0$ 。该数值意味着界面固定电荷等效于正栅压的作用,结果使开启电压减小；对于 PMOS 则正好相反, 开启电压增加。在衬底反偏电压 ${V}_{\\mathrm{{BS}}}$ 作用下,衬底耗尽层宽度展宽、固定电荷增加,导致相同栅压下的感应电荷减小,对应于开启电压增加,即\n$$\n{V}_{\\mathrm{{TH}}} = {V}_{\\mathrm{{TH}}0} + \\gamma \\left( {\\sqrt{2{\\phi }_{\\mathrm{B}} + \\left| {V}_{\\mathrm{{BS}}}\\right| } - \\sqrt{2{\\phi }_{\\mathrm{B}}}}\\right)  \\tag{2 - 21}\n$$\n将与开启电压相关联的 ${Q}_{\\mathrm{{inv}}}$ 代入式(2 - 12)中,最终得到受 ${V}_{\\mathrm{{GS}}}$ 和 ${V}_{\\mathrm{{DS}}}$ 控制的输出电流表达式。\n#### 2.3.4 强反型模型\n在 ${V}_{\\mathrm{G}} \\gg  {V}_{\\mathrm{{TH}}}$ 的强反型条件下,沟道内感应的载流子不但密度高,而且分布的均匀性好, 浓度梯度小,这意味着强反型下的扩散电流可以忽略,输出以漂移电流为主。在 ${V}_{\\mathrm{G}} \\leq  {V}_{\\mathrm{{TH}}}$ 的弱反型条件下,沟道内感应的载流子不但密度低,并且在沟道方向分布的均匀性差,浓度梯度大, 这对应于弱反型下的扩散电流不可忽略。因此, 强反型与弱反型输出电流机制的差异将导致完全不同的输出电流栅压控制特性。\n在强反型条件下,根据沟道处各点开启电压 ${V}_{\\mathrm{{TH}}} \\approx  {V}_{\\mathrm{{TH0}}} + {nV}$ 相对于非平衡电压 $V$ 的线性变化关系,并代入感应电荷的漂移电流模型,则漏极收集的电流为\n$$\n{I}_{\\mathrm{{DS}}} = \\mu {C}_{\\mathrm{{ox}}}\\frac{W}{L}{\\int }_{{\\mathrm{V}}_{\\mathrm{S}}}^{{V}_{\\mathrm{D}}}\\left( {{V}_{\\mathrm{G}} - {V}_{\\mathrm{{TH}}}}\\right) \\mathrm{d}V = k{\\left\\lbrack  \\left( {V}_{\\mathrm{G}} - {V}_{\\mathrm{{TH}}0}\\right) V - \\frac{n}{2}{V}^{2}\\right\\rbrack  }_{{\\mathrm{V}}_{\\mathrm{S}}}^{{V}_{\\mathrm{D}}} \\tag{2 - 22}\n$$\n式中 $k$ 为增益因子,即 $k = \\mu {C}_{\\mathrm{{ox}}}\\left( {W/L}\\right)$ 。NMOS 中, ${V}_{\\mathrm{S}}$ 以 ${V}_{\\mathrm{{GND}}}$ 为参考电位,在 ${V}_{\\mathrm{{DS}}} <$ ${V}_{\\mathrm{p}}\\left( {{V}_{\\mathrm{p}} = {V}_{\\text{DSsat }}}\\right)$ 的条件下, MOS 的 $I - V$ 近似表现为线性特性,即\n$$\n{I}_{\\mathrm{{DS}}} = k\\left\\lbrack  {\\left( {{V}_{\\mathrm{{GS}}} - {V}_{\\mathrm{{TH}}0}}\\right) {V}_{\\mathrm{{DS}}} - \\frac{n}{2}{V}_{\\mathrm{{DS}}}^{2}}\\right\\rbrack   \\tag{2 - 23}\n$$\n图 2-6 中阴影部分的面积即对应于归一输出电流的大小,在特定 ${V}_{\\mathrm{G}}$ 状态下随 ${V}_{\\mathrm{{DS}}}$ 变化。很明显,在 ${V}_{\\mathrm{{DS}}} > {V}_{\\mathrm{p}}\\left( {{V}_{\\mathrm{p}} = {V}_{\\mathrm{{DSsat}}}}\\right)$ 的条件下,输出电流达到饱和,并不再跟随 ${V}_{\\mathrm{{DS}}}$ 而变化。将上式对 ${V}_{\\mathrm{{DS}}}$ 求极值,得到电流进入饱和状态所对应的 ${V}_{\\mathrm{{DSsat}}}$ 电压,即 ${V}_{\\mathrm{P}}$ 电压,代入 ${V}_{\\mathrm{{DS}}} = {V}_{\\mathrm{P}}$ 关系后,得到 $\\mathrm{{MOS}}$ 管电流与电压的平方率关系,即\n$$\n{I}_{\\mathrm{{DS}},\\text{ sat }} = \\frac{1}{2n}k{\\left( {V}_{\\mathrm{{GS}}} - {V}_{\\mathrm{{TH}}0}\\right) }^{2} \\tag{2 - 24}\n$$\n式中: ${V}_{\\mathrm{{TH0}}}$ ——沟道源端位置的开启电压。在衬底反偏的条件下, ${V}_{\\mathrm{{TH0}}}$ 同样因受调制而增大。 当 $n = 1$ ,以上两式还原得到经典的 MOSFET 平方率电流模型,即萨式方程。\n![0196aaa2-bbe2-70ee-823d-d4abf5c67805_25_418_989_734_355_0.jpg](images/0196aaa2-bbe2-70ee-823d-d4abf5c67805_25_418_989_734_355_0.jpg)\n图 2-6 归一化输出电流与 ${V}_{\\mathrm{D}}$ 和 ${V}_{\\mathrm{G}}$ 的关系\n考虑小尺寸下沟道长度调制效应后,在饱和区较高的 ${V}_{\\mathrm{{DS}}}$ 电压作用下,沟道方向耗尽层宽度因 ${V}_{\\mathrm{{DS}}}$ 的不同而改变,从而使有效 $W/L$ 变化,并提高为\n$$\n{\\left( \\frac{W}{L}\\right) }_{\\text{eff }} = \\frac{W}{{L}_{\\text{eff }}} = \\frac{W}{L - {\\Delta L}} = \\frac{W}{L}\\frac{1}{1 - {\\Delta L}/L} \\approx  \\frac{W}{L}\\left( {1 + \\frac{\\Delta L}{L}}\\right)  = \\frac{W}{L}\\left( {1 + \\lambda {V}_{\\mathrm{{DS}}}}\\right) \\left( {2 - 2}\\right)  \\tag{2 - 25}\n$$\n式中 $\\lambda$ 为沟道长度调制因子,该因子由 ${V}_{\\mathrm{{DS}}}$ 引起,满足 $\\lambda {V}_{\\mathrm{{DS}}} = {\\Delta L}/L$ 条件。因此, $1/\\lambda$ 因子的量纲为电压,可定义为厄利电压 ${V}_{\\mathrm{A}}$ 。\n若设 $\\mathrm{{MOS}}$ 管单位沟长的厄利电压为 ${V}_{\\mathrm{A}0}$ ,则\n$$\n{\\left( \\frac{W}{L}\\right) }_{\\text{eff }} = \\frac{W}{L}\\left( {1 + \\frac{{V}_{\\mathrm{{DS}}}}{{V}_{\\mathrm{A}}}}\\right)  = \\frac{W}{L}\\left( {1 + \\frac{{V}_{\\mathrm{{DS}}}}{{V}_{\\mathrm{A}0}L}}\\right)  \\tag{2 - 26}\n$$\n设 ${V}_{\\mathrm{{GS}}} - {V}_{\\mathrm{{TH}}0} = \\Delta$ 为 $\\mathrm{{MOS}}$ 管的栅过驱动电压,由此得到修正后的饱和电流方程为\n$$\n{I}_{\\mathrm{{DS}}} = \\frac{1}{2n}k{\\Delta }^{2}\\left( {1 + \\lambda {V}_{\\mathrm{{DS}}}}\\right)  \\tag{2 - 27}\n$$\n对于大尺寸 $\\mathrm{{MOS}}$ 管,在其沟道长度调制效应可以忽略的条件下,即 $\\lambda  = 0$ 或 ${V}_{\\mathrm{A}} \\rightarrow  \\infty$ , 则输出饱和电流与 ${V}_{\\mathrm{{DS}}}$ 无关,表现为理想的恒流特性。对于 $L$ 缩小后的 MOS 器件,沟道长度调制效应的影响将导致输出电流与 ${V}_{\\mathrm{{DS}}}$ 的关联性增强,输出表现为非理想恒流特性。 MOS 管输出饱和电流的恒流特性还可用输出交流电阻表示, 由以上关系得到的交流输出阻抗为\n$$\nr = \\frac{\\partial {V}_{\\mathrm{{DS}}}}{\\partial {I}_{\\mathrm{{DS}}}} = \\frac{1}{\\partial {I}_{\\mathrm{{DS}}}/\\partial {V}_{\\mathrm{{DS}}}} \\approx  \\frac{1 + \\lambda {V}_{\\mathrm{{DS}}}}{\\lambda {I}_{\\mathrm{{DS}}}} = \\frac{{V}_{\\mathrm{{A0}}}L + {V}_{\\mathrm{{DS}}}}{{I}_{\\mathrm{{DS}}}} \\tag{2 - 28}\n$$\n很明显,理想恒流源对应于无穷大输出交流阻抗,而非理想恒流源的交流输出阻抗降低。输出阻抗越低,恒流特性越差。因 ${V}_{\\mathrm{A}0}$ 主要由工艺决定,因而提高 $\\mathrm{{MOS}}$ 管的输出阻抗主要依赖于提高沟道长度 $L$ ,降低静态偏置电流。\n#### 2.3.5 弱反型模型\nMOS 管亚阈值电流主要由沟道扩散电流构成。由图 2-4 所示,当 ${V}_{\\mathrm{G}}$ 降低到 ${V}_{\\mathrm{{TH}}0}$ 附近时沟道内的反型电荷密度大幅度降低,漂移电流减少,此时栅压纵向电场与漏电压横向电场形成非均匀两维电场分布,感应的弱反型载流子沿沟道内的分布并不均匀。同时由于感应载流子绝对数量降低并不足以形成明显的漂移电流时,扩散电流的作用相对增强,明显不同于强反型以漂移电流为主导的电流控制机制。在弱反型向强反型的临界过渡区内,两种电流机制则共同起作用。包含漂移、扩散控制的电流关系为\n$$\n{I}_{\\mathrm{{DS}}} = \\mu {C}_{\\mathrm{{ox}}}W\\left\\lbrack  {\\left( {-\\frac{{Q}_{\\mathrm{{inv}}}}{{C}_{\\mathrm{{ox}}}}}\\right) \\frac{\\mathrm{d}{\\phi }_{\\mathrm{S}}}{\\mathrm{d}x} - {V}_{\\mathrm{T}}\\frac{\\mathrm{d}}{\\mathrm{d}{\\phi }_{\\mathrm{S}}}\\left( {-\\frac{{Q}_{\\mathrm{{inv}}}}{{C}_{\\mathrm{{ox}}}}}\\right) \\frac{\\mathrm{d}{\\phi }_{\\mathrm{S}}}{\\mathrm{d}x}}\\right\\rbrack   \\tag{2 - 29}\n$$\n当沟道内非平衡电位 $V$ 很小时,漂移与扩散这两种电流分量分别为\n$$\n{I}_{\\mathrm{{DS}},\\text{ drift }}\\mathrm{d}x = \\mu {C}_{\\mathrm{{ox}}}W\\left\\lbrack  {{V}_{\\mathrm{G}} - \\gamma \\sqrt{{\\phi }_{\\mathrm{S}}} - {\\phi }_{\\mathrm{S}}}\\right\\rbrack  \\mathrm{d}{\\phi }_{\\mathrm{S}} \\tag{2 - 30}\n$$\n$$\n{I}_{\\mathrm{{DS}},\\mathrm{{diff}}}\\mathrm{d}x = \\mu {C}_{\\mathrm{{ox}}}W{V}_{\\mathrm{T}}\\left( {\\frac{\\gamma }{2\\sqrt{{\\phi }_{\\mathrm{S}}}} + 1}\\right) \\mathrm{d}{\\phi }_{\\mathrm{S}} \\tag{2 - 31}\n$$\n式 (2-31) 表示的扩散电流直接由强反型关系求出,因此并不精确。进一步分析表明, 在强反型条件下,忽略了弱开启状态时的 ${Q}_{\\text{inv }}$ ,即根据式 $\\left( {2 - {14}}\\right) {Q}_{\\mathrm{t}}/{C}_{\\text{ox }}$ 的关系并利用 ${Q}_{\\text{inv }} =$ 0 的条件得到了 $- {Q}_{\\mathrm{B}}/{C}_{\\mathrm{{ox}}} = \\gamma \\sqrt{{\\phi }_{\\mathrm{S}}}$ 的结果。而弱反型对输出电流的修正,则无法采用原有 ${Q}_{\\text{inv }} = 0$ 的结果,但 ${Q}_{\\text{inv }} \\rightarrow  0$ 的近似依然成立,在此条件下耗尽区固定电荷的计算结果依然保持。此时,可以利用式 (2-14) 的模型反过来再计算弱反型下趋近于零的感应电荷密度, 因此有\n$$\n- \\frac{{Q}_{\\text{inv }}}{{C}_{\\mathrm{{ox}}}} =  - \\frac{{Q}_{\\mathrm{t}}}{{C}_{\\mathrm{{ox}}}} + \\frac{{Q}_{\\mathrm{B}}}{{C}_{\\mathrm{{ox}}}} = \\gamma {\\left\\lbrack  {V}_{\\mathrm{T}}\\exp \\left( \\frac{{\\phi }_{\\mathrm{S}} - 2{\\phi }_{\\mathrm{B}} - V}{{V}_{\\mathrm{T}}}\\right)  + {\\phi }_{\\mathrm{S}}\\right\\rbrack  }^{1/2} - \\gamma \\sqrt{{\\phi }_{\\mathrm{S}}} \\tag{2 - 32}\n$$\n考虑到弱反型条件下感应电荷密度为小项,当 $x \\rightarrow  0$ 时利用 ${\\left( 1 + x\\right) }^{1/2} \\approx  1 + x/2$ 的近似关系,由上式近似得到\n$$\n- \\frac{{Q}_{\\mathrm{{inv}}}}{{C}_{\\mathrm{{ox}}}} \\approx  \\frac{\\gamma }{2\\sqrt{{\\phi }_{\\mathrm{S}}}}{V}_{\\mathrm{T}}\\exp \\left( \\frac{{\\phi }_{\\mathrm{S}} - 2{\\phi }_{\\mathrm{B}}}{{V}_{\\mathrm{T}}}\\right) \\exp \\left( {-\\frac{V}{{V}_{\\mathrm{T}}}}\\right)  \\tag{2 - 33}\n$$\n在弱反型条件下,沟道电势 $V$ 相对于强反型条件对沟道载流子的影响显著增加,表现出与沟道电势 $V$ 呈指数关系的感应电荷密度。随着 $V$ 的增加,弱反型感应的电荷成分急剧降低。此外,上式成立的弱开启条件意味着指数规律的感应电荷密度必需小于强反型感应的电荷密度。利用弱反型条件下表面电势与 ${V}_{\\mathrm{G}}$ 近似的线性关系,即 ${V}_{\\mathrm{G}} = {\\phi }_{\\mathrm{S}} + \\gamma \\sqrt{{\\phi }_{\\mathrm{S}}}$ ,则由式 (2-30) 决定的漂移电流趋近于零, 同时解得\n$$\n{\\phi }_{\\mathrm{S}} = {\\left\\lbrack  -\\frac{\\gamma }{2} + \\sqrt{{\\left( \\frac{\\gamma }{2}\\right) }^{2} + {V}_{\\mathrm{G}}}\\right\\rbrack  }^{2} \\tag{2 - 34}\n$$\n在忽略漂移电流的条件下, 由式 (2-29) 得到的扩散电流为\n$$\n{I}_{\\mathrm{{DS}}} = \\mu {C}_{\\mathrm{{ox}}}W\\left\\lbrack  {0 - {V}_{\\mathrm{T}}\\frac{\\mathrm{d}}{\\mathrm{d}x}\\left( {-\\frac{{Q}_{\\mathrm{{inv}}}}{{C}_{\\mathrm{{ox}}}}}\\right) }\\right\\rbrack   \\tag{2 - 35}\n$$\n对连续的扩散电流在沟道长度方向由源到漏进行积分计算, 得到\n$$\n{I}_{\\mathrm{{DS}}} = k{V}_{\\mathrm{T}}\\left\\lbrack  {\\left( {-\\frac{{Q}_{\\mathrm{{iS}}}}{{C}_{\\mathrm{{ox}}}}}\\right)  - \\left( {-\\frac{{Q}_{\\mathrm{{iD}}}}{{C}_{\\mathrm{{ox}}}}}\\right) }\\right\\rbrack   \\tag{2 - 36}\n$$\n式中 ${Q}_{\\mathrm{{iS}}}$ 和 ${Q}_{\\mathrm{{iD}}}$ 分别为源和漏端的弱反型感应电荷密度。\n代入式(2-33),则\n$$\n\\frac{{I}_{\\mathrm{{DS}}}}{k} = \\frac{\\gamma }{2\\sqrt{{\\phi }_{\\mathrm{S}}}}{V}_{\\mathrm{T}}^{2}\\exp \\left( \\frac{{\\phi }_{\\mathrm{S}} - 2{\\phi }_{\\mathrm{B}}}{{V}_{\\mathrm{T}}}\\right) \\left\\lbrack  {\\exp \\left( {-\\frac{{V}_{\\mathrm{S}}}{{V}_{\\mathrm{T}}}}\\right)  - \\exp \\left( {-\\frac{{V}_{\\mathrm{D}}}{{V}_{\\mathrm{T}}}}\\right) }\\right\\rbrack   \\tag{2 - 37}\n$$\n其中,在 ${V}_{\\mathrm{{DS}}} > 3{V}_{\\mathrm{T}}$ 漏电压饱和条件下,近似有\n$$\n\\exp \\left( {-\\frac{{V}_{\\mathrm{S}}}{{V}_{\\mathrm{T}}}}\\right)  - \\exp \\left( {-\\frac{{V}_{\\mathrm{D}}}{{V}_{\\mathrm{T}}}}\\right)  = \\exp \\left( {-\\frac{{V}_{\\mathrm{S}}}{{V}_{\\mathrm{T}}}}\\right) \\left\\lbrack  {1 - \\exp \\left( {-\\frac{{V}_{\\mathrm{{DS}}}}{{V}_{\\mathrm{T}}}}\\right) }\\right\\rbrack   \\approx  \\exp \\left( {-\\frac{{V}_{\\mathrm{S}}}{{V}_{\\mathrm{T}}}}\\right) (2 - {38} \\tag{2 - 38}\n$$\n表面电势与体费米势的关系完全决定了弱反型电流的指数变化规律。考虑到表面电势与栅压的关系, 近似有\n$$\n{\\phi }_{\\mathrm{S}} - 2{\\phi }_{\\mathrm{B}} \\doteq  {\\phi }_{\\mathrm{S}} - {\\phi }_{\\mathrm{S}0} \\propto  \\frac{{V}_{\\mathrm{{GS}}} - {V}_{\\mathrm{{TH}}0}}{n} \\tag{2 - 39}\n$$\n式中 $n$ 为亚阈斜率或非理想工艺因子, ${\\phi }_{\\mathrm{{SO}}} = 2{\\phi }_{\\mathrm{B}}$ 对应于强反型的临界条件,而弱反型下的 ${\\phi }_{\\mathrm{S}} < {\\phi }_{\\mathrm{S}0}$ 则对应于 ${V}_{\\mathrm{{GS}}} < {V}_{\\mathrm{{TH}}0}$ ; 考虑衬偏作用后开启电压由 ${V}_{\\mathrm{{TH}}}$ 表示。\n因此, 在电路偏置上, 当栅压低于并接近开启电压时, 可认为 MOS 管处于亚阈值弱反型区,当栅压远低于开启电压后,则进入截止关断区。\n将式(2 - 39)代入式(2 - 37)中,并取 ${V}_{\\mathrm{S}} = 0$ 的偏置条件,最后得到的亚阈弱反型电流完整的关系式为\n$$\n{I}_{\\mathrm{{DS}}} = {I}_{\\mathrm{D}}\\exp \\left( \\frac{{V}_{\\mathrm{{GS}}} - {V}_{\\mathrm{{TH}}}}{n{V}_{\\mathrm{T}}}\\right) \\left\\lbrack  {1 - \\exp \\left( {-\\frac{{V}_{\\mathrm{{DS}}}}{{V}_{\\mathrm{T}}}}\\right) }\\right\\rbrack   \\tag{2 - 40}\n$$\n式中 ${I}_{\\mathrm{D}0}$ 为亚阈临界饱和电流,该电流与增益因子 $k$ 、热电压 ${V}_{\\mathrm{T}}$ 、衬底调制因子以及表面电势即栅压 ${V}_{\\mathrm{G}}$ 等参数有关,并对应于 ${V}_{\\mathrm{{GS}}} = {V}_{\\mathrm{{TH}}}$ 时的饱和输出电流 (又称为标称电流)。此时,沟道长度调制效应仍然起作用,即 $k$ 因子中的 $W/L$ 同样受 ${V}_{\\mathrm{{DS}}}$ 的调制作用,沟道调制因子决定的饱和漏电压由过驱动电压 $\\Delta$ 决定,由于在亚阈条件下 $\\Delta  < 0$ ,这意味着 ${V}_{\\mathrm{{DS}}} > 0$ 后必须考虑沟道调制对输出电流的影响,此时 ${I}_{\\mathrm{D}} = {I}_{\\mathrm{D}0}\\left( {1 + \\lambda {V}_{\\mathrm{{DS}}}}\\right)$ 。\n当 ${V}_{\\mathrm{{DS}}} \\ll  {V}_{\\mathrm{T}}$ 或 ${V}_{\\mathrm{D}} \\approx  {V}_{\\mathrm{S}}$ 时,即漏端弱反型感应的电荷密度与源端弱反型感应电荷近似相同,扩散电流大幅度降低,对应于亚阈输出的线性电流。利用 $x \\rightarrow  0$ 下 $\\exp \\left( {-x}\\right)  \\approx  1 - x$ 的条件, 得到的弱反型电流为\n$$\n{I}_{\\mathrm{{DS}}} \\approx  {I}_{\\mathrm{D}0}\\exp \\left( \\frac{{V}_{\\mathrm{{GS}}} - {V}_{\\mathrm{{TH}}}}{n{V}_{\\mathrm{T}}}\\right) \\frac{1}{{V}_{\\mathrm{T}}}\\left( {1 + \\lambda {V}_{\\mathrm{{DS}}}}\\right) {V}_{\\mathrm{{DS}}} \\tag{2 - 41}\n$$\n该电流仍然近似表现为线性电流。只有在 ${V}_{\\mathrm{{DS}}} \\gg  {V}_{\\mathrm{T}}$ 或 ${V}_{\\mathrm{D}} \\gg  {V}_{\\mathrm{S}}$ 的条件下,源漏感应的亚阈值载流子分布梯度逐渐增大,输出亚阈值电流趋向饱和,即\n$$\n{I}_{\\mathrm{{DS}}} = {I}_{\\mathrm{D}0}\\exp \\left( \\frac{{V}_{\\mathrm{{GS}}} - {V}_{\\mathrm{{TH}}}}{n{V}_{\\mathrm{T}}}\\right) \\left( {1 + \\lambda {V}_{\\mathrm{{DS}}}}\\right)  \\tag{2 - 42}\n$$\n综合沟道长度调制效应和载流子亚阈梯度分布受 ${V}_{\\mathrm{{DS}}}$ 影响的效应,亚阈值饱和漏电压的临界条件由亚阈梯度分布效应决定 (为 ${V}_{\\mathrm{{DS}},\\text{ sat }} \\approx  3{V}_{\\mathrm{T}}$ ),并远低于强反型条件下沟道夹断控制的饱和漏电压。而输出电流的变化则由沟道调制效应决定,输出阻抗的变化规律与强反型状态近似相同。\n![0196aaa2-bbe2-70ee-823d-d4abf5c67805_28_956_947_412_349_0.jpg](images/0196aaa2-bbe2-70ee-823d-d4abf5c67805_28_956_947_412_349_0.jpg)\n图 2-7 亚阈值斜率因子 $n$ 对输出电流的影响\n亚阈值斜率 $n$ 表现为沟道横向与纵向电压之间对输出电流控制的关联因子,理想状态下的亚阈值斜率 $n =$ 1。在衬底偏置的作用下, 关联因子增大使输出电流降低, 可见, 关联因子对输出电流的影响是形成电流非线性的根源之一。根据图 2-7 表示的强反型状态下各电压量的相互关系,在沟道夹断电压 ${V}_{\\mathrm{p}}$ 下,总的栅压消耗在开启、夹断以及源漏耗尽层势垒电压的变化上, 即\n$$\n{V}_{\\mathrm{G}} = {V}_{\\mathrm{{TH}}0} + {V}_{\\mathrm{p}} + \\gamma \\left\\lbrack  {\\sqrt{{\\phi }_{\\mathrm{S}0} + {V}_{\\mathrm{p}}} - \\sqrt{{\\phi }_{\\mathrm{S}0}}}\\right\\rbrack\n$$\n(2 - 43)\n上式中最后一项可以等效为漏端衬偏对 ${V}_{\\mathrm{{TH}}0}$ 的调制作用,在此近似等效分析下, ${V}_{\\mathrm{G}}$ 全部消耗在漏端等效 ${V}_{\\mathrm{{TH}}}$ 和 ${V}_{\\mathrm{p}}$ 上,其过驱动电压为零; 而在源端,对应于 ${V}_{\\mathrm{p}} = 0$ ,则 ${V}_{\\mathrm{p}}$ 即为源端的过驱动电压。这样,横向的夹断电压与纵向的过驱动电压通过关联因子 $n$ 的作用而发生关联。\n将上式对 ${V}_{\\mathrm{p}}$ 求解,简化后可得\n$$\n{V}_{\\mathrm{p}} = {V}_{\\mathrm{G}} - {V}_{\\mathrm{{TH}}0} - \\gamma \\left\\lbrack  {\\sqrt{{V}_{\\mathrm{G}} - {V}_{\\mathrm{{TH}}0} + {\\left( {\\phi }_{\\mathrm{S}0} + \\frac{\\gamma }{2}\\right) }^{2}} - \\left( {\\sqrt{{\\phi }_{\\mathrm{S}0}} + \\frac{\\gamma }{2}}\\right) }\\right\\rbrack   \\tag{2 - 44}\n$$\n根据图 2-6 中亚阈值斜率因子 $n$ 值的定义,由式 (2-43) 可得\n$$\nn = \\frac{\\mathrm{d}{V}_{\\mathrm{G}}}{\\mathrm{d}{V}_{\\mathrm{p}}} = 1 + \\frac{\\gamma }{2\\sqrt{{\\phi }_{\\mathrm{S}0} + {V}_{\\mathrm{p}}}} \\tag{2 - 45}\n$$\n显然,亚阈斜率 $n$ 为大于 1 的非线性因子,增加 ${V}_{\\mathrm{p}}$ 有利于减小 $n$ 值,降低亚阈电流的非线性。而增加 ${V}_{\\mathrm{p}}$ 有赖于 ${V}_{\\mathrm{G}}$ 的提高。同样,由式 (2-44) 得到的 $1/n$ 值为\n$$\n\\frac{1}{n} = \\frac{\\mathrm{d}{V}_{\\mathrm{p}}}{\\mathrm{d}{V}_{\\mathrm{G}}} = 1 - \\frac{\\gamma }{2\\sqrt{{V}_{\\mathrm{G}} - {V}_{\\mathrm{{TH}}0} + {\\left( \\frac{\\gamma }{2} + \\sqrt{{\\phi }_{\\mathrm{S}0}}\\right) }^{2}}} \\tag{2 - 46}\n$$\n根据已建立的强反型与弱反型饱和电流关系可以清楚看出,受非理想亚阈因子 $n$ 的影响, MOS 管输出电流均表现出一定的非线性。在强反型输出中,因子 $n$ 出现在电流输出的常系数项,而在弱反型输出中,因子 $n$ 则出现在与栅压驱动有关的指数项。显然,两者相比, 在相同的 $n$ 值非线性条件下,亚阈弱反型饱和输出电流具有更强的非线性。同时,增加 ${V}_{\\mathrm{G}}$ , $n$ 值的非线性降低,电路状态又向强反型过渡,输出电流的非线性逐步下降。因此,为抑制输出电流的非线性失真, 通常需要将电路偏置为较高的过驱动电压。相比强反型状态, MOS 管亚阈工作的特点之一是输出电流小, 适合低功耗电路应用, 主要的不足之处在于驱动能力弱, 噪声和非线性失真大。\n#### 2.3.6 MOS 管统一模型\n已建立的 MOS 输出电流是基于器件在实际工作状态下的物理分析, 是器件的物理模型,包含实际的物理意义。正因如此,在不同的工作区域其物理模型具有完全不同的表现形式, 并分别在各自的工作区域内如强反型和弱反型状态下适用。但在以上两个状态的过渡区域,两种模型都因存在较大误差而不适用。\n基于数学分析的方法, 可以建立一个统一的并适合各个工作状态的 MOS 器件输出电流模型,即满足以上要求的一种器件电流方程统一模型。该模型所利用的基本数学原理为: 当模型既能精确描述弱反型又能精确描述强反型下的输出电流, 则由模型函数的连续性性质,该模型一般也能精确模拟两者过渡区即临界弱反型及临界强反型区域内的输出电流。 显然, 该模型以建立的精度为首要目标, 通常缺乏明确和实际的物理意义。\n采用图形分析和数学拟合的方法可完成统一模型的建立。根据图 2-4 所示的 NMOS 中感应电荷电压 $- {Q}_{\\mathrm{{mv}}}/{C}_{\\mathrm{{ox}}}$ 与沟道横向电位的关系,转化得到如图 2-8 所示的形式,图中横轴与纵轴的量纲均为电压,则其面积单位为 ${V}^{2}$ ,即对应于 $I/k$ 归一化电流的物理量。显然, 图中 ${V}_{\\mathrm{S}} \\sim  {V}_{\\mathrm{D}}$ 区域内的面积对应于 ${I}_{\\mathrm{{DS}}}/k$ 电流,而此面积可以由两个独立面积的差得到。由此定义\n$$\n{I}_{\\mathrm{{DS}}} = {I}_{\\mathrm{F}} - {I}_{\\mathrm{R}} = I\\left( {{V}_{\\mathrm{S}},{V}_{\\mathrm{G}}}\\right)  - I\\left( {{V}_{\\mathrm{D}},{V}_{\\mathrm{G}}}\\right)  \\tag{2 - 47}\n$$\n其中在 ${V}_{\\mathrm{G}}$ 栅压偏置下,正向电流 ${I}_{\\mathrm{F}}$ 为 ${V}_{\\mathrm{S}}$ 点电位到无穷大横向电位下感应电荷形成的虚拟电流,简称源点总电流,而反向电流 ${I}_{\\mathrm{R}}$ 则对应于漏端虚拟电流。从数学角度看,两电流之差,即为 ${V}_{\\mathrm{G}}$ 偏置下 ${V}_{\\mathrm{{DS}}}$ 所形成的物理电流。因此,正反向电流的数学描述具有相同的形式:\n$$\n{I}_{\\mathrm{R}} = k{\\int }_{{\\mathrm{V}}_{\\mathrm{D}}}^{\\infty }\\frac{-{Q}_{\\mathrm{{inv}}}\\left( {V}_{\\mathrm{{ch}}}\\right) }{{C}_{\\mathrm{{ox}}}}\\mathrm{d}{V}_{\\mathrm{{ch}}}\n$$\n(2 - 48 - a)\n$$\n{I}_{\\mathrm{F}} = k{\\int }_{{\\mathrm{V}}_{\\mathrm{s}}}^{\\infty }\\frac{-{Q}_{\\mathrm{{inv}}}\\left( {V}_{\\mathrm{{ch}}}\\right) }{{C}_{\\mathrm{{ox}}}}\\mathrm{d}{V}_{\\mathrm{{ch}}}\n$$\n(2 - 48 - b)\n分别以 ${V}_{\\mathrm{S}}$ 和 ${V}_{\\mathrm{D}}$ 电位作为横轴与纵轴,根据此平面内 ${I}_{\\mathrm{F}}$ 和 ${I}_{\\mathrm{R}}$ 关系,可得到 4 个工作区域,如图 2-9 所示。其中正向导通区 $\\mathrm{A}$ 中, ${I}_{\\mathrm{D}} = {I}_{\\mathrm{F}} - {I}_{\\mathrm{R}}$ ；正向饱和区 $\\mathrm{B}$ 中,因 ${I}_{\\mathrm{R}} = 0$ ,则 ${I}_{\\mathrm{D}} = {I}_{\\mathrm{F}}$ ; 反向饱和区 $\\mathrm{C}$ 中,正反相位的性质互换,因 ${I}_{\\mathrm{F}} = 0$ ,则 ${I}_{\\mathrm{D}} = {I}_{\\mathrm{R}}$ ; 最后在弱反型区和截止区 $\\mathrm{D}$ 中,因 ${I}_{\\mathrm{F}} \\approx  {I}_{\\mathrm{R}}$ ,则 ${I}_{\\mathrm{D}} \\approx  0$ 。因此,对 ${I}_{\\mathrm{F}}$ 和 ${I}_{\\mathrm{R}}$ 虚拟电流的拟合,成为统一模型分析的关键。\n![0196aaa2-bbe2-70ee-823d-d4abf5c67805_30_233_416_462_372_0.jpg](images/0196aaa2-bbe2-70ee-823d-d4abf5c67805_30_233_416_462_372_0.jpg)\n图 2-8 正向与反向电流\n![0196aaa2-bbe2-70ee-823d-d4abf5c67805_30_793_334_501_454_0.jpg](images/0196aaa2-bbe2-70ee-823d-d4abf5c67805_30_793_334_501_454_0.jpg)\n图 2-9 工作区域的划分\n在统一模型中,采用以下相同规律的非线性连续函数拟合 ${I}_{\\mathrm{F}}$ 与 ${I}_{\\mathrm{R}}$ 电流,并设\n$$\nI\\left( {V,{V}_{\\mathrm{G}}}\\right)  = {I}_{\\mathrm{S}}{\\ln }^{2}\\left\\lbrack  {1 + \\exp \\left( \\frac{{V}_{\\mathrm{p}} - V}{2{V}_{\\mathrm{T}}}\\right) }\\right\\rbrack   \\tag{2 - 49}\n$$\n式中: $V$ ——沟道电势;\n${V}_{\\mathrm{G}}$ ——栅偏置电压, ${V}_{\\mathrm{G}}$ 决定的沟道夹断电压为 ${V}_{\\mathrm{p}} = \\left( {{V}_{\\mathrm{G}} - {V}_{\\mathrm{{TH}}0}}\\right) /n$ ；\n## ${I}_{\\mathrm{S}}$ ——标称电流。\n## ${I}_{\\mathrm{S}}$ 可表示为\n$$\n{I}_{\\mathrm{S}} = {2nk}{V}_{\\mathrm{T}}^{2} = {2n\\mu }{C}_{\\mathrm{{ox}}}\\frac{W}{L}{V}_{\\mathrm{T}}^{2} \\tag{2 - 50}\n$$\n由于正反相工作区电流输出结果为对称关系,因此仅需考虑 ${V}_{\\mathrm{D}} > {V}_{\\mathrm{S}}$ 的正向工作区,具体分以下两种情况进行讨论。\n## 1)饱和区与亚阈值区\n此工作区域包含 $\\mathrm{B}$ 和 $\\mathrm{D}$ ,由于电流饱和,漏电位满足 ${V}_{\\mathrm{D}} > {V}_{\\mathrm{P}}$ 的条件,同时反向电流 ${I}_{\\mathrm{R}} = 0$ ,则由以上两式得到的实际输出电流为\n$$\n{I}_{\\mathrm{{DS}}} = {I}_{\\mathrm{F}} = 2\\mathrm{n}k{V}_{\\mathrm{T}}^{2}{\\ln }^{2}\\left\\lbrack  {1 + \\exp \\left( {\\frac{{V}_{\\mathrm{{GS}}} - {V}_{\\mathrm{{TH}}}}{{2n}{V}_{\\mathrm{T}}} - \\frac{{V}_{\\mathrm{S}}}{2{V}_{\\mathrm{T}}}}\\right) }\\right\\rbrack   \\tag{2 - 51}\n$$\n在 NMOS 中 ${V}_{\\mathrm{S}}$ 通常接最低电位,满足 ${V}_{\\mathrm{S}} \\ll  {V}_{\\mathrm{p}}$ 条件,同时 MOS 管处于输出电流的饱和区,过驱动电压 $\\Delta  \\gg  {V}_{\\mathrm{T}}$ ,则式中指数项占主导地位,因此有\n$$\n{I}_{\\mathrm{{PS}}} \\approx  {I}_{\\mathrm{S}}{\\ln }^{2}\\left\\lbrack  {\\exp \\left( \\frac{{V}_{\\mathrm{p}} - {V}_{\\mathrm{S}}}{2{V}_{\\mathrm{T}}}\\right) }\\right\\rbrack   = {I}_{\\mathrm{S}}{\\left( \\frac{{V}_{\\mathrm{p}} - {V}_{\\mathrm{S}}}{2{V}_{\\mathrm{T}}}\\right) }^{2} \\approx  \\frac{k}{2n}{\\left( {V}_{\\mathrm{{GS}}} - {V}_{\\mathrm{{TH}}}\\right) }^{2} \\tag{2 - 52}\n$$\n输出电流完全等同于强反型平方律模型。当 ${V}_{\\mathrm{S}}$ 电位逐渐提高并接近 ${V}_{\\mathrm{p}}$ 时, $\\mathrm{{MOS}}$ 管感应电荷急剧降低,使器件进入亚阈工作区,则指数下降为小项,利用 $\\ln \\left( {1 + x}\\right)  \\approx  x$ 的条件, 有\n$$\n{I}_{\\mathrm{{PS}}} \\approx  {I}_{\\mathrm{S}}{\\left\\lbrack  \\exp \\left( \\frac{{V}_{\\mathrm{p}} - {V}_{\\mathrm{S}}}{2{V}_{\\mathrm{T}}}\\right) \\right\\rbrack  }^{2} = {I}_{\\mathrm{S}}\\exp \\left( \\frac{{V}_{\\mathrm{{GS}}} - {V}_{\\mathrm{{TH}}}}{n{V}_{\\mathrm{T}}}\\right) \\exp \\left( {-\\frac{{V}_{\\mathrm{S}}}{{V}_{\\mathrm{T}}}}\\right)  \\tag{2 - 53}\n$$\n通常 ${V}_{\\mathrm{S}}$ 固定为地 $\\mathrm{{GND}}$ 偏置,则以上条件中 ${V}_{\\mathrm{S}}$ 电位的提高对应于 ${V}_{\\mathrm{S}} = {V}_{\\mathrm{{GND}}}$ 条件下 ${V}_{\\mathrm{p}}$ 电压即栅压的降低,则最终的弱反型饱和电流近似为\n$$\n{I}_{\\mathrm{{DS}}} \\approx  {I}_{\\mathrm{S}}\\exp \\left( \\frac{{V}_{\\mathrm{{GS}}} - {V}_{\\mathrm{{TH}}}}{n{V}_{\\mathrm{T}}}\\right)  \\tag{2 - 54}\n$$\n显然,以上模型在亚阈值区同样可以得到指数规律的输出电流关系。\n## 2)线性区\n${V}_{\\mathrm{D}} > {V}_{\\mathrm{S}}$ 时, ${V}_{\\mathrm{D}} < {V}_{\\mathrm{P}}$ ,且 ${V}_{\\mathrm{{DS}}}$ 很小时, ${I}_{\\mathrm{{DS}}} = {I}_{\\mathrm{F}} - {I}_{\\mathrm{R}}$ 可模拟线性电流,在强反型下,有\n$$\n{I}_{\\mathrm{{DS}}} = {I}_{\\mathrm{F}} - {I}_{\\mathrm{R}} = {I}_{\\mathrm{S}}{\\left( \\frac{{V}_{\\mathrm{p}} - {V}_{\\mathrm{S}}}{2{V}_{\\mathrm{T}}}\\right) }^{2} - {I}_{\\mathrm{S}}{\\left( \\frac{{V}_{\\mathrm{p}} - {V}_{\\mathrm{D}}}{2{V}_{\\mathrm{T}}}\\right) }^{2}\n$$\n$$\n= {I}_{\\mathrm{S}}\\frac{2{V}_{\\mathrm{p}} - {V}_{\\mathrm{S}} - {V}_{\\mathrm{D}}}{2{V}_{\\mathrm{T}}}\\frac{{V}_{\\mathrm{{DS}}}}{2{V}_{\\mathrm{T}}} \\tag{2 - 55}\n$$\n代入 ${V}_{\\mathrm{S}} = {V}_{\\mathrm{{GND}}}$ ,在 ${V}_{\\mathrm{D}} = {V}_{\\mathrm{{DS}}}$ 的条件,可得\n$$\n{I}_{\\mathrm{{DS}}} = {2nk}{V}_{\\mathrm{T}}^{2}\\left( {\\frac{{V}_{\\mathrm{p}}}{{V}_{\\mathrm{T}}} - \\frac{{V}_{\\mathrm{D}}}{2{V}_{\\mathrm{T}}}}\\right) \\frac{{V}_{\\mathrm{{DS}}}}{2{V}_{\\mathrm{T}}} = {nk}\\left( {{V}_{\\mathrm{p}} - \\frac{1}{2}{V}_{\\mathrm{{DS}}}}\\right) {V}_{\\mathrm{{DS}}} \\tag{2 - 56}\n$$\n进而,代入 $n{V}_{\\mathrm{p}} = {V}_{\\mathrm{{GS}}} - {V}_{\\mathrm{{TH}}}$ 的条件,最终得到与物理模型完全相同的线性电流关系\n$$\n{I}_{\\mathrm{{DS}}} = k\\left\\lbrack  {\\left( {{V}_{\\mathrm{{GS}}} - {V}_{\\mathrm{{TH}}}}\\right) {V}_{\\mathrm{{DS}}} - \\frac{n}{2}{V}_{\\mathrm{{DS}}}^{2}}\\right\\rbrack   \\tag{2 - 57}\n$$\n显然,以上统一模型对 MOS 管强反型和弱反型的饱和及线性输出电流均普遍适用,实现了对 MOS 管输出电流的统一模型模拟。\n#### 2.3.7 跨导模型\nMOS 器件在模拟电路中的功能之一为小信号放大作用,其中最关键的参数包括跨导和输出阻抗等交流参数。从数学方法上看,各类交流参数均可通过输出电流的直流模型经相关变量的求导后得到; 从物理过程上看, 交流小信号的处理必须建立在合适的静态工作点条件下, 从而实现直流与交流、线性与非线性的统一。\n若仅考虑正向饱和区电流,由统一模型的 ${I}_{\\mathrm{{DS}}} = {I}_{\\mathrm{F}}$ 关系,得到\n$$\n\\sqrt{\\frac{{I}_{\\mathrm{{DS}}}}{{I}_{\\mathrm{S}}}} = \\ln \\left( {1 + \\exp \\left( \\frac{{V}_{\\mathrm{p}} - {V}_{\\mathrm{S}}}{2{V}_{\\mathrm{T}}}\\right) }\\right)  \\tag{2 - 58}\n$$\n跨导参数的物理含义为输入栅电压变化所引起输出电流的变化, 表明输入电压对输出电流的控制能力,即 ${g}_{\\mathrm{m}} = \\partial {I}_{\\mathrm{{DS}}}/\\partial {V}_{\\mathrm{{GS}}}$ ,由统一模型的 ${I}_{\\mathrm{{DS}}}$ 表达式以及 $n{V}_{\\mathrm{p}} = {V}_{\\mathrm{{GS}}} - {V}_{\\mathrm{{TH}}}$ 的关系,有\n$$\n{g}_{\\mathrm{m}} = 2{I}_{\\mathrm{S}}\\ln \\left( {1 + \\exp \\left( \\frac{{V}_{\\mathrm{p}} - {V}_{\\mathrm{S}}}{2{V}_{\\mathrm{T}}}\\right) }\\right) \\frac{1}{1 + \\exp \\left\\lbrack  {\\left( {{V}_{\\mathrm{p}} - {V}_{\\mathrm{S}}}\\right) /2{V}_{\\mathrm{T}}}\\right\\rbrack  }\\exp \\left( \\frac{{V}_{\\mathrm{p}} - {V}_{\\mathrm{S}}}{2{V}_{\\mathrm{T}}}\\right) \\frac{1}{2{V}_{\\mathrm{T}}}\\frac{1}{n}\n$$\n(2 - 59)化简后可得\n$$\n{g}_{\\mathrm{m}} = \\frac{{I}_{\\mathrm{S}}}{n{V}_{\\mathrm{T}}}\\ln \\left( {1 + \\exp \\left( \\frac{{V}_{\\mathrm{p}} - {V}_{\\mathrm{S}}}{2{V}_{\\mathrm{T}}}\\right) }\\right) \\frac{1}{1 + \\exp \\left\\lbrack  {-\\left( {{V}_{\\mathrm{p}} - {V}_{\\mathrm{S}}}\\right) /2{V}_{\\mathrm{T}}}\\right\\rbrack  } \\tag{2 - 60}\n$$\n将式(2 - 58)代入上式后,得到\n$$\n{g}_{\\mathrm{m}} = \\frac{{I}_{\\mathrm{S}}}{n{V}_{\\mathrm{T}}}\\frac{\\sqrt{{I}_{\\mathrm{{DS}}}/{I}_{\\mathrm{S}}}}{1 + \\frac{1}{\\exp \\left( \\sqrt{{I}_{\\mathrm{{DS}}}/{I}_{\\mathrm{S}}}\\right)  - 1}} = \\frac{1}{n{V}_{\\mathrm{T}}}\\sqrt{{I}_{\\mathrm{{DS}}}{I}_{\\mathrm{S}}}\\frac{\\exp \\left( \\sqrt{{I}_{\\mathrm{{DS}}}/{I}_{\\mathrm{S}}}\\right)  - 1}{\\exp \\left( \\sqrt{{I}_{\\mathrm{{DS}}}/{I}_{\\mathrm{S}}}\\right) } \\tag{2 - 61}\n$$\n经输出驱动电流 ${I}_{\\mathrm{{DS}}}$ 归一化后的跨导为\n$$\n\\frac{{g}_{\\mathrm{m}}}{{I}_{\\mathrm{{DS}}}} = \\frac{1}{n{V}_{\\mathrm{T}}}\\sqrt{{I}_{\\mathrm{S}}/{I}_{\\mathrm{{DS}}}}\\left\\lbrack  {1 - \\exp \\left( {-\\sqrt{{I}_{\\mathrm{{DS}}}/{I}_{\\mathrm{S}}}}\\right) }\\right\\rbrack   = \\frac{1}{n{V}_{\\mathrm{T}}}\\frac{1 - \\exp \\left( {-\\sqrt{{I}_{\\mathrm{{DS}}}/{I}_{\\mathrm{S}}}}\\right) }{\\sqrt{{I}_{\\mathrm{{DS}}}/{I}_{\\mathrm{S}}}} \\tag{2 - 62}\n$$\n最终得到的输出电流与跨导的非线性等效关系为\n$$\n{I}_{\\mathrm{{DS}}} = n{V}_{\\mathrm{T}}{g}_{\\mathrm{m}}\\frac{\\sqrt{{I}_{\\mathrm{{DS}}}/{I}_{\\mathrm{S}}}}{1 - \\exp \\left( {-\\sqrt{{I}_{\\mathrm{{DS}}}/{I}_{\\mathrm{S}}}}\\right) } \\tag{2 - 63}\n$$\n在 ${I}_{\\mathrm{{DS}}}/{I}_{\\mathrm{S}} \\rightarrow  0$ 的亚阈电流偏置区域,由于 $\\exp \\left( {-\\sqrt{{I}_{\\mathrm{{DS}}}/{I}_{\\mathrm{S}}}}\\right)  \\rightarrow  1 - \\sqrt{{I}_{\\mathrm{{DS}}}/{I}_{\\mathrm{S}}}$ ,则上式对应的亚阈输出电流和最大单位电流跨导为\n$$\n{I}_{\\mathrm{{DS}},\\min } \\approx  n{V}_{\\mathrm{T}}{g}_{\\mathrm{m}}\\frac{\\sqrt{{I}_{\\mathrm{{DS}}}/{I}_{\\mathrm{S}}}}{1 - \\left( {1 - \\sqrt{{I}_{\\mathrm{{DS}}}/{I}_{\\mathrm{S}}}}\\right) } = n{V}_{\\mathrm{T}}{g}_{\\mathrm{m}}\n$$\n(2 - 64 - a)\n$$\n{\\left( \\frac{{g}_{\\mathrm{m}}}{{I}_{\\mathrm{{DS}}}}\\right) }_{\\max } = \\frac{1}{n{V}_{\\mathrm{T}}}\n$$\n(2 - 64 - b)\n与此相对应的,在 ${I}_{\\mathrm{{DS}}} \\gg  {I}_{\\mathrm{S}}$ 的强反型区内,由于 $\\exp \\left( {-\\sqrt{{I}_{\\mathrm{{DS}}}/{I}_{\\mathrm{S}}}}\\right)  \\rightarrow  0$ ,则输出的强反型电流及其所对应的单位电流跨导为\n$$\n{I}_{\\mathrm{{DS}}} \\approx  n{V}_{\\mathrm{T}}{g}_{\\mathrm{m}}\\sqrt{{I}_{\\mathrm{{DS}}}/{I}_{\\mathrm{S}}}\n$$\n(2 - 65 - a)\n$$\n\\frac{{g}_{\\mathrm{m}}}{{I}_{\\mathrm{{DS}}}} \\approx  \\frac{1}{n{V}_{\\mathrm{T}}}\\sqrt{{I}_{\\mathrm{S}}/{I}_{\\mathrm{{DS}}}}\n$$\n(2 - 65 - b)\n由于饱和区下输出电流满足 ${I}_{\\mathrm{S}}/{I}_{\\mathrm{{DS}}} \\ll  1$ 的条件,则以上结果表明 MOS 管的最大单位电流跨导一定发生在亚阈值区。当输出电流增加时,单位电流跨导随 ${I}_{\\mathrm{{DS}}}$ 而减小,表明电流对跨导贡献的效率逐步下降,但跨导的绝对数值仍然随输出电流的增加而变大。\n比较 MOS 管与双极型 BJT 管跨导因子的区别。在 BJT 中,因 ${I}_{\\mathrm{C}}$ 与 ${V}_{\\mathrm{{BE}}}$ 满足指数关系,即 ${I}_{\\mathrm{C}} = {I}_{0}\\exp \\left( {{V}_{\\mathrm{{BE}}}/{V}_{\\mathrm{T}}}\\right)$ ,在导通偏置下 BJT 的跨导为\n$$\n{g}_{\\mathrm{m}} = \\frac{\\partial {I}_{\\mathrm{C}}}{\\partial {V}_{\\mathrm{{BE}}}} = \\frac{{I}_{0}}{{V}_{\\mathrm{T}}}\\exp \\left( \\frac{{V}_{\\mathrm{{BE}}}}{{V}_{\\mathrm{T}}}\\right)  = \\frac{{I}_{\\mathrm{C}}}{{V}_{\\mathrm{T}}} \\tag{2 - 66}\n$$\n因此, BJT 的归一化跨导表现为与输出电流无关的常数, 并且只要不发生大电流效应, 在各类偏置下均成立,即 ${g}_{\\mathrm{m}}/{I}_{\\mathrm{C}} = 1/{V}_{\\mathrm{T}}$ 。而亚阈饱和状态下的 MOS 管具有与 BJT 相同性质的跨导。由于 MOS 管的亚阈值斜率 $n > 1$ ,在同样静态电流偏置的水平下, BJT 仍具有比亚阈 MOS 管更大的单位电流跨导, 即电流的跨导利用率最高。同时,当电流增大后, BJT 跨导线性增加, 相反, 亚阈 MOS 管则因进入强反型工作区, 跨导增加的幅度逐渐变缓,这也是 BJT 具有更大负载驱动能力的原因之一。图 2-10 给出了 BJT 与不同工作状态下 MOS 管单位电流跨导因子的比较。\n![0196aaa2-bbe2-70ee-823d-d4abf5c67805_33_876_236_527_420_0.jpg](images/0196aaa2-bbe2-70ee-823d-d4abf5c67805_33_876_236_527_420_0.jpg)\n图 2-10 MOS 管与 BJT 管单位电流跨导比较\n图 2-11 给出了 MOS 管单位电流跨导相对于其最大值的归一因子与过驱动电压的关系。与基本的物理模型相比, 统一模型得到跨导归一化因子的连续变化特性, 并且在饱和区域内两者模型之间的差异随电流的增加而逐渐减小。通过降低过驱动电压以降低输出电流, 单位电流跨导将接近其最大值。过驱动电压 ${0.2}\\mathrm{\\;V}$ 为强反型的下限,适合低功耗电路。过大的电压驱动将导致载流子速度饱和,导致跨导达到最大饱和值 ${g}_{\\text{mat }}$ ,此时继续增加电压驱动对提高跨导不再有效。\n![0196aaa2-bbe2-70ee-823d-d4abf5c67805_33_216_979_1140_450_0.jpg](images/0196aaa2-bbe2-70ee-823d-d4abf5c67805_33_216_979_1140_450_0.jpg)\n图 2-11 MOS 管归一化单位电流跨导与过驱动下的跨导\n在跨导模型的分析中发现,有源器件的 ${g}_{\\mathrm{m}}$ 跨导因子总是与静态电流密切相关。一方面,静态工作点电流越大, ${g}_{\\mathrm{m}}$ 也越大；另一方面,在大的静态电流偏置下,小信号输入电压引起输出电流对静态工作电流的改变相应地减小, ${g}_{\\mathrm{m}}$ 的动态变化范围小,最终引起的非线性失真较低。因此,虽然 MOS 管大信号下的 $I - V$ 关系呈现明显的非线性关系,但小信号的常数 ${g}_{\\mathrm{m}}$ 却反映出 MOS 器件所具有的小信号线性放大的能力。在大信号下,由于 ${g}_{\\mathrm{m}}$ 偏离常数性质, 电路的大信号放大必然带来显著的非线性失真, 或者说为满足线性信号的放大性质, MOS 管的小信号存在特定线性输入范围的限制。\n#### 2.3.8 MOS 管在电路中的应用\n由 MOS 管输出电流模型可以得到如图 2-12 所示的输出电流特性曲线。不同的工作区域, 适合电路的特定应用领域。其中, 模拟电路适用的区域有恒流放大区与线性电阻区; 数字电路常用的区域有饱和导通区与截止区。各工作区域的分区条件及特点如下:\n(1)恒流放大区: ${V}_{\\mathrm{{GS}}} > {V}_{\\mathrm{{TH}}}$ , ${V}_{\\mathrm{{DS}}} > \\left( {{V}_{\\mathrm{{GS}}} - {V}_{\\mathrm{{TH}}}}\\right)$ ,可用于放大管和有源负载,在饱和的亚阈开启区类以 BJT 的高单位电流跨导作用, ${I}_{\\mathrm{{DS}}}$ 利用固定的 ${V}_{\\mathrm{{GS}}}$ 电压可作电平移位作用;\n![0196aaa2-bbe2-70ee-823d-d4abf5c67805_34_851_236_560_403_0.jpg](images/0196aaa2-bbe2-70ee-823d-d4abf5c67805_34_851_236_560_403_0.jpg)\n图 2-12 MOS 管输出特性曲线与工作区偏置\n(2)线性电阻区: ${V}_{\\mathrm{{GS}}} > {V}_{\\mathrm{{TH}}}$ , ${V}_{\\mathrm{{DS}}} \\ll  \\left( {{V}_{\\mathrm{{GS}}} - }\\right.$ ${V}_{\\mathrm{{TH}}}$ ); 作线性小电阻,临界区为非线性电阻;\n(3)饱和导通区: ${V}_{\\mathrm{{GS}}} \\gg  {V}_{\\mathrm{{TH}}}$ , ${V}_{\\mathrm{{DS}}}$ 很小,开关或传输门的导通状态;\n(4)截止区: ${V}_{\\mathrm{{GS}}} \\ll  {V}_{\\mathrm{{TH}}}$ ,开关或传输门的关断状态。\n电路设计对 MOS 管电路工作状态的控制主要存在两种不同的方式及其组合应用。一是控制 MOS 管栅源漏在电路中的具体连接关系,一是设置 MOS 管的图形尺寸即 $W/L$ ,分别对应于电路的结构和器件参数设计。MOS 管在电路中最核心的两类不同性质运用中,一种是利用 MOS 的直流性质, 主要用于形成电路的静态工作点, 另一种则是利用 MOS 管的交流性质,即利用其交流输出阻抗形成小信号增益。反过来看,对于电路中的任何 MOS 管结构,都应考虑其静态直流与动态交流特性的影响。正如前文所指出的,静态电路内有动态问题,动态更关键；同时动态小信号电路内有静态问题,静态是基础。这种相互作用的根源,就来自于有源器件自身所固有的直流与交流间的性质差异, 而这种差异则是由有源器件本质上的非线性特性所引起。\n## 1) MOS 恒流源\nMOS 恒流管是 MOS 模拟电路中最主要的应用形式, MOS 恒流管的小信号放大作用主要决定于跨导 ${g}_{\\mathrm{m}}$ 和输出阻抗 ${r}_{\\mathrm{{ds}}}$ 这两个关键参数。设 ${k}^{\\prime }$ 为工艺因子,只能通过改变 MOS 管 $W/L$ ,达到控制增益因子 $k = {k}^{\\prime }\\left( {W/L}\\right)$ 并最终实现静态与交流小信号参数设计的目的。\nMOS 恒流源工作在强反型饱和导通条件下,饱和电流的限制条件为 ${V}_{\\mathrm{{DS}}} \\geq  \\Delta$ ,即 ${V}_{\\mathrm{{DS}},\\text{ sat }} = \\Delta$ , 其中 $\\Delta  = {V}_{\\mathrm{{GS}}} - {V}_{\\mathrm{{TH}}}$ 为过驱动电压。因受沟道调制的作用,输出的非理想饱和电流为\n$$\n{I}_{\\mathrm{{DS}}} = \\frac{1}{2}{k}^{\\prime }\\frac{W}{L}{\\left( {V}_{\\mathrm{{GS}}} - {V}_{\\mathrm{{TH}}}\\right) }^{2}\\left( {1 + \\lambda {V}_{\\mathrm{{DS}}}}\\right)  \\tag{2 - 67}\n$$\n输入电压 ${V}_{\\mathrm{{GS}}}$ 对输出电流主控作用的小信号跨导 ${g}_{\\mathrm{m}}$ 与输出电流 ${I}_{\\mathrm{{DS}}}$ 的制约关系为\n$$\n{g}_{\\mathrm{m}} = {k\\Delta }\\left( {1 + \\lambda {V}_{\\mathrm{{DS}}}}\\right)  \\approx  \\sqrt{{2k}{I}_{\\mathrm{{DS}}}} = \\frac{2{I}_{\\mathrm{{DS}}}}{\\Delta } \\tag{2 - 68}\n$$\n输出电压 ${V}_{\\mathrm{{DS}}}$ 对输出电流辅控作用的小信号输出电阻 ${r}_{\\mathrm{o}}$ 与输出电流 ${I}_{\\mathrm{{DS}}}$ 的制约关系为\n$$\n\\frac{1}{{r}_{\\mathrm{o}}} = \\frac{\\partial {I}_{\\mathrm{{DS}}}}{\\partial {V}_{\\mathrm{{DS}}}} = \\frac{1}{2}k{\\left( {V}_{\\mathrm{{GS}}} - {V}_{\\mathrm{{TH}}}\\right) }^{2}\\lambda  = \\frac{\\lambda }{1 + \\lambda {V}_{\\mathrm{{DS}}}}{I}_{\\mathrm{{DS}}} = \\frac{{I}_{\\mathrm{{DS}}}}{{V}_{\\mathrm{A}} + {V}_{\\mathrm{{DS}}}} \\tag{2 - 69}\n$$\n输出阻抗受输出电流 ${I}_{\\mathrm{{DS}}}$ 与输出电压 ${V}_{\\mathrm{{DS}}}$ 的共同影响,因此输出阻抗将表现出一定的非线性变化。在长沟近似下,若 ${V}_{\\mathrm{A}} = {V}_{\\mathrm{A}0}L \\gg  {V}_{\\mathrm{{DS}}}$ ,则输出阻抗受 ${V}_{\\mathrm{{DS}}}$ 的非线性影响被有效抑制,但通过 ${I}_{\\mathrm{{DS}}}$ 的调制作用则近似有\n$$\n{r}_{\\mathrm{o}} = \\frac{{V}_{\\mathrm{A}} + {V}_{\\mathrm{{DS}}}}{{I}_{\\mathrm{{DS}}}} \\approx  \\frac{{V}_{\\mathrm{A}}}{{I}_{\\mathrm{{DS}}}} = \\frac{1}{\\lambda {I}_{\\mathrm{{DS}}}}. \\tag{2 - 70}\n$$\n需要指出的是,当某一 MOS 管的电流因某种因素改变后,将影响电路中其他 MOS 管中的电流, 换言之, 电路中的各 MOS 管工作状态都有可能受到外界的影响和相关控制而发生变化。当临界条件发生改变时, MOS 管的恒流特性将无法继续维持。\n## 2)MOS 二极管\n将 MOS 管的栅漏短接,即 ${V}_{\\mathrm{{DS}}} = {V}_{\\mathrm{{GS}}}$ ,可构成自偏置的 MOS 二极管结构。只要电路提供其偏置电流,即当 MOS 二极管导通时,就一定位于饱和工作区, $I - V$ 特性在强反型下满足平方率关系,在亚阈导通下满足指数关系。否则处于截止区,电流为零。这是 MOS 二极管可能处于的两种工作状态。利用 MOS 恒流输出阻抗和 MOS 二极管交直流电阻的不同特性,通过 MOS 管的结构控制和状态选择,可分别实现交流大电阻和小电阻输出,分别用于电流源和电压源偏置电路的实现。\n在导通状态下, MOS 二极管的输入与输出电阻相同, 但直流导通电阻与交流阻抗不同, 图 2-13 给出了输出特性曲线及其等效阻抗结构示意图。从图中直观上看,直流导通电阻比交流阻抗大,在恒定的电流偏置下,形成稳定的 ${V}_{\\mathrm{{GS}}}$ 或 ${V}_{\\mathrm{{DS}}}$ ；而输出交流电阻较小,与大电阻串联可视为短路。因此, MOS二极管可作为电流镜提供电压偏置或实现直流电平移位作用。\n![0196aaa2-bbe2-70ee-823d-d4abf5c67805_35_198_917_1155_369_0.jpg](images/0196aaa2-bbe2-70ee-823d-d4abf5c67805_35_198_917_1155_369_0.jpg)\n图 2-13 MOS 二极管等效阻抗图\nMOS 管工作在饱和开启的工作区域, 构成一近似理想的恒流源, 输出阻抗较大。对于 MOS 二极管,在 ${V}_{\\mathrm{{GS}}}$ 对 ${V}_{\\mathrm{{DS}}}$ 的钳位作用下,饱和临界曲线整体向右平移 ${V}_{\\mathrm{{TH}}}$ 。在 $\\mathrm{{MOS}}$ 二极管负载线的某一工作点上,其支路导通电阻 $R$ 、交流输出电阻 ${r}_{0}$ 分别为\n$$\nR = \\frac{{V}_{\\mathrm{{DS}}}}{{I}_{\\mathrm{{DS}}}} = \\frac{{V}_{\\mathrm{{DS}}}}{\\left( {1/2}\\right) k{\\left( {V}_{\\mathrm{{GS}}} - {V}_{\\mathrm{{TH}}}\\right) }^{2}\\left( {1 + \\lambda {V}_{\\mathrm{{DS}}}}\\right) } \\approx  \\frac{2{V}_{\\mathrm{{DS}}}}{k{\\left( {V}_{\\mathrm{{GS}}} - {V}_{\\mathrm{{TH}}}\\right) }^{2}} \\tag{2 - 71}\n$$\n$$\n{r}_{\\mathrm{o}} = \\frac{\\partial {V}_{\\mathrm{{DS}}}}{\\partial {I}_{\\mathrm{{DS}}}} \\approx  \\frac{1}{k\\left( {{V}_{\\mathrm{{GS}}} - {V}_{\\mathrm{{TH}}}}\\right) } = \\frac{1}{k\\left( {{V}_{\\mathrm{{GS}}} - {V}_{\\mathrm{{TH}}}}\\right) } = \\frac{1}{k\\Delta } = \\frac{1}{{g}_{\\mathrm{m}}} \\tag{2 - 72}\n$$\n从以上数学关系可得出 ${r}_{\\mathrm{o}} < R$ ,更直观地,根据曲线斜率的关系,有\n$$\n\\frac{1}{{r}_{o}} > \\frac{1}{R} \\Rightarrow  {r}_{o} < R \\tag{2 - 73}\n$$\nMOS 二极管直流电阻比交流电阻大。交流为小电阻, 因此具有初步的直流电压钳位或稳压作用,以及交流短路作用,类似于 BJT 二极管直流低阻的恒压钳位与交流短路作用。\n强反型条件下的 MOS 二极管交流输出阻抗满足以下制约关系:\n$$\n{r}_{\\mathrm{o}} = {g}_{\\mathrm{m}}^{-1}//{r}_{\\mathrm{{ds}}} \\approx  \\frac{1}{{g}_{\\mathrm{m}}} = \\frac{1}{\\sqrt{{2k}{I}_{\\mathrm{{DS}}}}} \\tag{2 - 74}\n$$\n与此相对应的 BJT 二极管输出交流阻抗的约束关系为\n$$\n{r}_{\\mathrm{o}} = {g}_{\\mathrm{m}}^{-1}//{r}_{\\mathrm{{ce}}} \\approx  \\frac{1}{{g}_{\\mathrm{m}}} = \\frac{{V}_{\\mathrm{T}}}{{I}_{\\mathrm{C}}} \\tag{2 - 75}\n$$\n由以上关系,在相同电流偏置下,直观上判断, BJT 的二极管电阻明显小于 MOS 二极管电阻,进一步的定量分析表明:\n$$\n\\frac{{r}_{\\mathrm{o}}\\left( {\\mathrm{{BJT}} - \\text{ 二极管 }}\\right) }{{r}_{\\mathrm{o}}\\left( {\\mathrm{{MOS}} - \\text{ 二极管 }}\\right) } = \\frac{{V}_{\\mathrm{T}}}{I}\\sqrt{2kI} = \\frac{{V}_{\\mathrm{T}}}{\\sqrt{I/{2k}}} = \\frac{{V}_{\\mathrm{T}}}{\\Delta /2} = \\frac{2{V}_{\\mathrm{T}}}{\\Delta } \\tag{2 - 76}\n$$\n由于 $\\mathrm{{MOS}}$ 管过驱动电压通常在 ${150}\\mathrm{{mV}}$ 以上,而 $2{V}_{\\mathrm{T}} = {52}\\mathrm{{mV}}$ ,即以上比例因子远低于 1,这表明 BJT 二极管与 MOS 二极管相比,在相同的条件下前者具有更低的交流阻抗, 因此具有更好的直流移位和交流短路作用。当 MOS 二极管工作于亚阈值区时,则两者 1/ ${g}_{\\mathrm{m}}$ 输出交流阻抗表现出相同的规律,输出阻抗的差距减小。\n## 3)MOS 负阻\n从电路反馈的角度考察以上 MOS 二极管结构,其内部包含负反馈控制,形成一种同相交流小电阻。与此相对应, 当 MOS 管以某种方式构成内部正反馈控制, 则由对称互补的类比关系,即可得到一种反相交流电阻即负阻。\n根据以上原理,利用 MOS 交叉耦合对管 (Crossed-Coupled Pairs) 形成的正反馈控制, 可用于构造负阻,具体电路结构如图 2-14(a) 所示。将正反馈与负反馈控制相结合,可以得到电阻极性可控制的交流电阻特性如图 2-14(b) 所示。若对称结构 MOS 管的栅为固定偏置即交流接地,则 MOS 管的交流反馈消失,对称结构两端的阻抗简化为两支路阻抗的并联。\n![0196aaa2-bbe2-70ee-823d-d4abf5c67805_36_311_1235_957_301_0.jpg](images/0196aaa2-bbe2-70ee-823d-d4abf5c67805_36_311_1235_957_301_0.jpg)\n图 2-14 MOS 二极管负电阻结构\n实现 $\\mathrm{{MOS}}$ 管线性电阻的控制关键仍然在于降低 ${V}_{\\mathrm{{DS}}}$ 电压,而输出电压的控制同样可从电路结构及参数控制两方面入手。在 MOS 器件被支路恒流偏置的条件下,提高 $W/L$ 将迫使器件进入电阻区实现电流的稳定控制,即线性电阻区电流的降低将补偿 $W/L$ 提高带来的电流增加。在电路结构方面,可以通过电平移位结构,通过增加 ${V}_{\\mathrm{{GS}}}$ 电压的间接方式或降低 ${V}_{\\mathrm{{DS}}}$ 的直接方式,实现对 MOS 线性电阻的精确控制。"
}