{
  "section_num": "11.2",
  "title": "本征噪声模型",
  "start_line": 8879,
  "end_line": 9130,
  "content": "### 11.2 本征噪声模型\n在标准的参考信号源及稳定的电源驱动下, 考察运放的噪声特性, 既可以用输入和输出端口噪声功率的实际数值、也可以用信噪比等指标来描述运放电路的噪声性能。显然, 位于电路输入和输出端口的噪声,主要是由电路中有源器件(含 PN 结)、电阻等元件的本征噪声及其传输而形成。从物理机制上看,上述本征噪声从频谱特性上分为 $1/f$ 噪声和白噪声。\n电路中各个元件在其结点位置 (噪声源) 对输出产生的噪声,可全部折算到输入端,称为等效输入噪声。由于信号传输通道中各增益环节的影响,噪声源位置越靠近输出端,其对输入噪声的贡献就越弱, 因此输入噪声主要来自于第一级放大器 (通常为差分增益级)。为了计算噪声信号在运放增益通路内的传输,必须建立对噪声信号精确简便的数学描述,以使对噪声信号的处理就如同对普通信号的处理一样方便而有效。\n#### 11.2.1 噪声描述\n在电路中, 噪声电压随时间而变化, 其时变特性如图 11-1 所示。在时域描述上, 噪声作为一种随机变量, 无法预期或描述其每个特定时刻的值, 只能采用噪声信号的统计值进行定量描述。而当长时间统计观测噪声电压信号时,其噪声电压的平均值为零。因此,只能通过观测噪声功率的平均值,对噪声信号进行定量描述。\n![0196aaa2-bbe2-70ee-823d-d4abf5c67805_307_233_545_1078_198_0.jpg](images/0196aaa2-bbe2-70ee-823d-d4abf5c67805_307_233_545_1078_198_0.jpg)\n图 11-1 噪声电压平均与噪声功率平均\n在负载电阻 ${R}_{\\mathrm{L}}$ 固定的条件下,噪声功率即表现为噪声电压的平方值,因此对噪声功率和噪声电压平方值的物理含义可等同看待, 对噪声电压的平方值开方后得到噪声电压的均方根值 ${V}_{\\mathrm{{RMS}}}$ 。以上各噪声参量的关系为\n$$\n\\left. \\begin{array}{l} \\overline{{V}_{\\mathrm{N}}} = \\frac{1}{\\tau }{\\int }_{0}^{\\tau }{V}_{\\mathrm{N}}\\left( t\\right) \\mathrm{d}t = 0 \\\\  \\overline{{V}_{\\mathrm{N}}^{2}} = \\frac{1}{\\tau }{\\int }_{0}^{\\tau }{V}_{\\mathrm{N}}^{2}\\left( t\\right) \\mathrm{d}t,{V}_{\\mathrm{{RMS}}} = {\\left( \\overline{{V}_{\\mathrm{N}}^{2}}\\right) }^{1/2} \\end{array}\\right\\}   \\tag{11 - 1}\n$$\n式中, $\\tau$ 为测量噪声的时间长度。 $\\tau$ 越长,测量精度越高。\n正是由于噪声电压幅度出现的随机性,不同噪声幅度出现的概率密度通常各不相同。设 $P\\left( {V}_{\\mathrm{N}}\\right)$ 为噪声电压概率密度函数 (PDF),在任意时段内,噪声值幅度分布位于 ${V}_{\\mathrm{N}} \\sim  {V}_{\\mathrm{N}} + d{V}_{\\mathrm{N}}$ 之间的几率为 $P\\left( {V}_{\\mathrm{N}}\\right) \\mathrm{d}{V}_{\\mathrm{N}}$ ,因此该概率密度函数满足 ${\\int }_{-\\infty }^{\\infty }\\mathrm{{PDF}}\\left( {V}_{\\mathrm{N}}\\right) \\mathrm{d}{V}_{\\mathrm{N}} = 1$ 的约束条件。\n随机噪声电压的概率密度函数 PDF 通常满足高斯分布, 即\n$$\n\\mathrm{{PDF}} = P\\left( {V}_{\\mathrm{N}}\\right)  = \\frac{1}{\\sqrt{2\\pi }\\sigma }\\exp \\left\\lbrack  {\\left( -\\frac{{V}_{\\mathrm{N}} - {V}_{\\mathrm{m}}}{\\sqrt{2}\\sigma }\\right) }^{2}\\right\\rbrack   \\tag{11 - 2}\n$$\n式中: ${V}_{\\mathrm{m}}$ ——噪声电压分布的平均值;\n$\\sigma$ ——PDF 函数的标准偏差,即噪声电压的均方根值\n$$\n{\\int }_{-\\infty }^{\\infty }{V}_{\\mathrm{N}}^{2} \\cdot  \\mathrm{{PDF}}\\left( {V}_{\\mathrm{N}}\\right) \\mathrm{d}{V}_{\\mathrm{N}} = \\overline{{V}_{\\mathrm{N}}^{2}}{\\int }_{-\\infty }^{\\infty }\\mathrm{{PDF}}\\left( {V}_{\\mathrm{N}}\\right) \\mathrm{d}{V}_{\\mathrm{N}} = \\overline{{V}_{\\mathrm{N}}^{2}} = {\\sigma }^{2} \\tag{11 - 3}\n$$\n噪声功率不但可以从时域而且可以在频域内描述。在频域中,频率位置 $f$ 点的单位带宽噪声功率定义为噪声功率谱密度 $\\mathrm{{PSD}}\\left( f\\right)$ ,并有 ${\\int }_{0}^{\\infty }\\mathrm{{PSD}}\\left( f\\right) \\mathrm{d}f = \\overline{{V}_{\\mathrm{N}}^{2}}$ ,即频域下计算得到的噪声总量保持恒定不变。因此, 对于单边噪声功率谱密度及其均方根值分别定义为\n$$\n\\left. \\begin{array}{l} \\operatorname{PSD}\\left( f\\right)  = \\mathop{\\lim }\\limits_{{{\\Delta f} \\rightarrow  0}}\\frac{\\overline{{V}_{\\mathrm{N}}^{2}\\left( f\\right) }}{\\Delta f} \\\\  \\operatorname{PRD}\\left( f\\right)  = {\\left( \\mathrm{{PSD}}\\right) }^{1/2} \\end{array}\\right\\}   \\tag{11 - 4}\n$$\n对于时域内的噪声信号,若频域内的谱密度函数为关于 $f = 0$ 的中心对称的偶函数,即 $\\operatorname{PSD}\\left( {-f}\\right)  = \\operatorname{PSD}\\left( f\\right)$ ,这对应于双边噪声谱密度函数。在噪声频谱分析中,通常采用单边噪声谱密度的近似,由于 PSD 的偶函数性质,并保持时域内的噪声功率不变,则单边噪声谱密度函数为双边噪声谱密度函数的两倍。对于白噪声, ${\\mathrm{{PSD}}}_{\\mathrm{{Ni}}}\\left( f\\right)  = {V}_{\\mathrm{N}}$ 为常数,则\n$$\n\\overline{{V}_{\\mathrm{N}0}^{2}} = {\\int }_{0}^{\\infty }{\\mathrm{{PSD}}}_{\\mathrm{{Ni}}}\\left( f\\right) {\\left| \\dot{H}\\left( \\mathrm{j}2\\pi f\\right) \\right| }^{2}\\mathrm{\\;d}f = {V}_{\\mathrm{N}}{\\int }_{0}^{\\infty }{\\left| H\\left( \\mathrm{j}2\\pi f\\right) \\right| }^{2}\\mathrm{\\;d}f = {V}_{\\mathrm{N}} \\cdot  {B}_{\\mathrm{N}}({11} -  \\tag{11 - 5}\n$$\n式中, ${B}_{\\mathrm{N}}$ 为噪声信号带宽。\n对于单极点低通滤波器 $H\\left( s\\right)  = 1/\\left( {1 + {sRC}}\\right)$ ,利用 ${\\int }_{0}^{\\infty }\\mathrm{d}x/\\left( {1 + {x}^{2}}\\right)  = \\pi /2$ 的积分性质, 则 ${RC}$ 一阶低通环节限制的噪声带宽为\n$$\n{B}_{\\mathrm{N}} = {\\int }_{0}^{\\infty }{\\left| H\\left( \\mathrm{j}2\\pi f\\right) \\right| }^{2}\\mathrm{\\;d}f = {\\int }_{0}^{\\infty }\\frac{1}{1 + {\\left( f/{f}_{0}\\right) }^{2}}\\mathrm{\\;d}f = \\frac{\\pi }{2}{f}_{0} \\tag{11 - 6}\n$$\n式中, ${f}_{0} = 1/\\left( {2\\pi RC}\\right)$ 为低通滤波器的 $- 3\\mathrm{\\;{dB}}$ 带宽。\n由于单极点低通滤波器的过渡带比较宽, 滤波衰减的特性变化较缓, 导致噪声带宽略大于滤波器的 $- 3\\mathrm{\\;{dB}}$ 带宽。当采用高阶多极点低通滤波电路时,可进一步压缩噪声带宽使其更接近滤波器的 $- 3\\mathrm{\\;{dB}}$ 带宽。\n当电路中存在多个噪声功率源时, 各噪声源在某一结点位置的叠加决定于噪声源之间的相关性。设两噪声源 ${N}_{\\mathrm{i}1}$ 与 ${N}_{\\mathrm{i}2}$ ,若相互间满足 $\\overline{{N}_{\\mathrm{i}1}{N}_{\\mathrm{i}2}} = 0$ 的约束,则 ${N}_{\\mathrm{i}1}$ 与 ${N}_{\\mathrm{i}2}$ 噪声相互无关, 否则即为相互关联。对于线性无关的两独立噪声源,其直接叠加后的输出噪声功率为两噪声功率之和,即\n$$\n\\overline{{V}_{\\mathrm{o}1}^{2}} = \\overline{\\left( {V}_{\\mathrm{{Ni}}1}^{2} + {V}_{\\mathrm{{Ni}}2}^{2}\\right) } = \\overline{{V}_{\\mathrm{{Ni}}1}^{2}} + \\overline{{V}_{\\mathrm{{Ni}}2}^{2}} + 2\\overline{{V}_{\\mathrm{{Ni}}1}{V}_{\\mathrm{{Ni}}2}} = \\overline{{V}_{\\mathrm{{Ni}}1}^{2}} + \\overline{{V}_{\\mathrm{{Ni}}2}^{2}} \\tag{11 - 7}\n$$\n![0196aaa2-bbe2-70ee-823d-d4abf5c67805_308_814_910_580_230_0.jpg](images/0196aaa2-bbe2-70ee-823d-d4abf5c67805_308_814_910_580_230_0.jpg)\n图 11-2 噪声功率的叠加原理\n当各线性无关的噪声源,经过相关滤波环节后,其输出噪声的等效谱密度函数为\n$$\n{\\mathrm{{PSD}}}_{\\mathrm{{No}}2}\\left( f\\right)  = {\\left| {H}_{1}\\left( \\mathrm{j}2\\pi f\\right) \\right| }^{2}{\\mathrm{{PSD}}}_{\\mathrm{{Ni}}1} + {\\left| {H}_{2}\\left( \\mathrm{j}2\\pi f\\right) \\right| }^{2}{\\mathrm{{PSD}}}_{\\mathrm{{Ni}}2} + {\\left| {H}_{3}\\left( \\mathrm{j}2\\pi f\\right) \\right| }^{2}{\\mathrm{{PSD}}}_{\\mathrm{{Ni}}3}\n$$\n(11 - 8)\n#### 11.2.2 电路元件噪声模型\n## 1)电阻噪声\n从微观上看,电阻中载流子杂乱无章的热运动所引起的热噪声,其噪声强度即单位带宽内的噪声功率大小是与温度和电阻中载流子的浓度有关, 通常表示为\n$$\n\\overline{\\mathrm{d}{V}_{\\mathrm{R}}^{2}} = {4kTR} = 4{V}_{\\mathrm{T}}{qR} = 4{V}_{\\mathrm{T}}\\left( {CV}\\right) R = 4{V}_{\\mathrm{T}}{V}_{\\tau } = 4{V}_{\\mathrm{T}}V/f \\tag{11 - 9}\n$$\n式中: $k$ ——波尔兹曼常数。\n显然, 热噪声属于一种白噪声, 其噪声谱密度为常数。单位频带内噪声功率的单位为 ${V}^{2}/\\mathrm{{Hz}}$ ,则单位带宽内噪声电压的单位为 $V/\\sqrt{\\mathrm{{Hz}}}$ 。以 $1\\mathrm{\\;k}\\Omega$ 电阻为例,在 ${300}\\mathrm{\\;K}$ 室温下单位带宽内电阻噪声电压的均方根值为 $4\\mathrm{{nV}}/\\sqrt{\\mathrm{{Hz}}}$ 。\n根据电阻电压与电流的线性关系, 以噪声电流形式表示的电阻噪声功率为\n$$\n\\overline{\\mathrm{d}{I}_{\\mathrm{R}}^{2}} = \\frac{\\overline{\\mathrm{d}{V}_{\\mathrm{R}}^{2}}}{{R}^{2}} = \\frac{4kT}{R} \\tag{11 - 10}\n$$\n同样,以输出电流形式表示的电阻噪声功率,也是一种白噪声。这表明,对于同一对象的噪声功率描述,虽然采用的具体变量形式不同,但这种不同描述之间的物理本质是相同的,且数量上相互关联、相互等价。在实际电路中的应用,应根据设计分析的方便、简洁而采取不同选择。\n根据以上模型,以电压或电流形式给出的电阻噪声功率的等效结构如图 11-3 所示。 需要特别指出的是,以上电阻噪声模型只是对实际物理电阻有效,而对电路等效结构中以数学关系为基础的等效电阻无效。\n![0196aaa2-bbe2-70ee-823d-d4abf5c67805_309_672_519_662_250_0.jpg](images/0196aaa2-bbe2-70ee-823d-d4abf5c67805_309_672_519_662_250_0.jpg)\n图 11-4 电阻噪声的低通滤波特性\n![0196aaa2-bbe2-70ee-823d-d4abf5c67805_309_224_572_377_202_0.jpg](images/0196aaa2-bbe2-70ee-823d-d4abf5c67805_309_224_572_377_202_0.jpg)\n图 11-3 电阻噪声模型\n对于电阻白噪声,由于其噪声谱密度为常数,因此可以采用低通滤波器将高频噪声分量滤除, 显然, 若低通滤波器的带宽越小, 且过渡区域越窄, 则噪声滤波的效果越明显。因此, 噪声电阻可以串接一电容 ${C}_{\\mathrm{L}}$ 构成最简单的一阶低通滤波器,如图 11-4 所示。由噪声电压的传递函数 ${A}_{\\mathrm{{VN}}} = 1/\\left( {1 + s{R}_{\\mathrm{S}}{C}_{\\mathrm{L}}}\\right)$ 得到噪声功率的传递函数为\n$$\n{A}_{\\mathrm{{VN}}}^{2} = \\frac{{\\left( 1/s{C}_{\\mathrm{L}}\\right) }^{2}}{{\\left( 1/s{C}_{\\mathrm{L}}\\right) }^{2} + {R}^{2}} = \\frac{1}{1 + {\\left( s{R}_{\\mathrm{S}}{C}_{\\mathrm{L}}\\right) }^{2}} = \\frac{1}{1 + {\\left( f/{f}_{-3\\mathrm{{dB}}}\\right) }^{2}} \\tag{11 - 11}\n$$\n式中: ${f}_{-3\\mathrm{{dB}}} = 1/\\left( {{2\\pi }{R}_{\\mathrm{S}}{C}_{\\mathrm{L}}}\\right)$ —— $\\mathrm{{RC}}$ 低通滤波器的 $- 3\\mathrm{\\;{dB}}$ 带宽。\n在经过噪声滤波作用后,残存的低频电阻噪声位于噪声频带 ${\\mathrm{{BW}}}_{\\mathrm{n}}$ 以内,由(11-6)式结果, 可得\n$$\n\\overline{{V}_{{\\mathrm{R}}_{\\mathrm{S}}}^{2}} = {\\int }_{0}^{\\infty }{f}_{-3\\mathrm{\\;{dB}}}\\frac{\\overline{d{V}_{{\\mathrm{R}}_{\\mathrm{S}}}^{2}}\\mathrm{\\;d}\\left( {f/{f}_{-3\\mathrm{\\;{dB}}}}\\right) }{1 + {\\left( f/{f}_{-3\\mathrm{\\;{dB}}}\\right) }^{2}} = \\overline{\\mathrm{d}{V}_{{\\mathrm{R}}_{\\mathrm{S}}}^{2}}\\frac{\\pi }{2}{f}_{-3\\mathrm{\\;{dB}}} = {4kT}{R}_{\\mathrm{S}}{\\mathrm{{BW}}}_{\\mathrm{n}} \\tag{11 - 12}\n$$\n因此,噪声带宽 ${\\mathrm{{BW}}}_{\\mathrm{n}} = \\left( {\\pi /2}\\right) {f}_{-3\\mathrm{\\;{dB}}}$ ,进一步化简后得到\n$$\n\\overline{{V}_{{\\mathrm{R}}_{\\mathrm{S}}}^{2}} = {4kT}{R}_{\\mathrm{S}}\\frac{\\pi }{2}{f}_{-3\\mathrm{\\;{dB}}} = {2kTR\\pi }\\frac{1}{{2\\pi }{R}_{\\mathrm{S}}{C}_{\\mathrm{L}}} = \\frac{kT}{{C}_{\\mathrm{L}}} \\tag{11 - 13}\n$$\n显然, 总的噪声功率反比于滤波电容, 但与电阻无关。当电阻增加时, 一方面电阻引起的噪声功率谱密度增加,使输出噪声存在增大趋势；另一方面,电阻增加导致低通滤波器带宽和噪声带宽 ${\\mathrm{{BW}}}_{\\mathrm{n}}$ 的降低,电阻噪声输出存在减小的趋势。两者对噪声输出的影响大小相等、方向相反,表现出输出总噪声功率与电阻无关。因此,对于电阻热噪声,只能通过提高滤波电容值,使噪声输出的总功率降低。\n电阻除了原有的热噪声外,由于材料和结构等缺陷的影响,在低频条件下电阻还存在 $1/f$ 噪声,并明显超出热噪声的水平如图 11-5 所示。所谓 $1/f$ 噪声,是指单位带宽内的噪声功率函数近似反比于频率 $f$ ,即\n$$\n\\overline{\\mathrm{d}{V}_{\\mathrm{{Rf}}}^{2}} = {V}_{\\mathrm{R}}^{2}\\frac{{k}_{\\mathrm{{fR}}}R}{{A}_{\\mathrm{R}}}\\frac{1}{f} \\tag{11 - 14}\n$$\n式中: ${k}_{\\mathrm{{fR}}}$ ——电阻 $1/f$ 噪声系数,仅与特定工艺下电阻的材料与结构类型有关。\n对于扩散类型的硅电阻, ${k}_{\\mathrm{{fR}} - \\mathrm{{Si}}} = 5 \\times  {10}^{-{24}}{\\mathrm{\\;s}}^{2}{\\mathrm{\\;{cm}}}^{2}$ ; 对于多晶电阻,噪声系数增加近一个数量级,即 ${k}_{\\mathrm{{fR}}\\text{_Poly }} = {10}{k}_{\\mathrm{{fR}}\\text{_Si }}$ 。同时,增加电阻面积,有利于 $1/f$ 噪声系数的降低。\n![0196aaa2-bbe2-70ee-823d-d4abf5c67805_310_727_217_545_260_0.jpg](images/0196aaa2-bbe2-70ee-823d-d4abf5c67805_310_727_217_545_260_0.jpg)\n图 11-6 电阻噪声完整的谱密度分布\n![0196aaa2-bbe2-70ee-823d-d4abf5c67805_310_388_279_152_197_0.jpg](images/0196aaa2-bbe2-70ee-823d-d4abf5c67805_310_388_279_152_197_0.jpg)\n图 11-5 电阻 $1/f$ 噪声模型\n电阻噪声完整的功率谱密度曲线如图 11-6 所示。总的输出噪声功率由功率谱密度曲线下所包围的面积大小决定。设 $1/f$ 噪声与白噪声谱密度曲线的交点定义为临界频率点 ${f}_{\\mathrm{C}}$ ,当 $f < {f}_{\\mathrm{C}}$ 时,总噪声中需包含 $1/f$ 噪声所增加的曲线面积,可用 $1/f$ 噪声曲线在 ${f}_{\\mathrm{C}}$ 点处的切线与纵轴交点所构成的面积作近似计算；而在 $f > {f}_{\\mathrm{C}}$ 时, $1/f$ 噪声可以忽略。\n## 2)二极管噪声\n与电阻类似, PN 结中同样存在闪烁噪声与 $1/f$ 噪声,其噪声模型如图 11-7 所示,单位带宽内的噪声功率密度以电流平方表示分别为\n$$\n\\left. \\begin{array}{l} \\overline{\\mathrm{d}{I}_{\\mathrm{D}}^{2}} = {2q}{I}_{\\mathrm{D}} \\\\  \\overline{\\mathrm{d}{I}_{\\mathrm{{Df}}}^{2}} = {I}_{\\mathrm{D}}\\frac{{k}_{\\mathrm{{fD}}}}{{A}_{\\mathrm{D}}}\\frac{1}{f} \\end{array}\\right\\}   \\tag{11 - 15}\n$$\n式中: ${I}_{\\mathrm{D}}$ ——二极管中流过的静态电流。\n![0196aaa2-bbe2-70ee-823d-d4abf5c67805_310_488_1060_602_225_0.jpg](images/0196aaa2-bbe2-70ee-823d-d4abf5c67805_310_488_1060_602_225_0.jpg)\n图 11-7 二极管 (PN 结) 中的噪声\n二极管闪烁噪声与电阻热噪声相同之处两者都是白噪声,不同之处在于电阻热噪声正比于温度而与电流显式无关,二极管热噪声正比于导通的静态电流而与温度显式无关。\n同样,二极管 $1/f$ 噪声也有类似的关系,与电流成正比而与温度显式无关,二极管 $1/f$ 的噪声系数约为 ${k}_{\\mathrm{{fD}}} \\approx  {10}^{-{21}}{\\mathrm{\\;{cm}}}^{2}\\mathrm{\\;A}$ 。同样,增加二极管有效面积,可以降低 $1/f$ 噪声系数。\n## 3) MOS管噪声\n以 NMOS 为例, 根据图 11-8 所示的物理结构, 在信号的输入端, 栅电阻引入电阻热噪声和 $1/f$ 噪声,而源漏寄生电阻 ${R}_{\\mathrm{S}}$ 、 ${R}_{\\mathrm{D}}$ 与沟道电阻 ${R}_{\\mathrm{{CH}}}$ 同样在输出端引入噪声。对于 $\\mathrm{{CS}}$ 增益电路,漏极电阻 ${R}_{\\mathrm{D}}$ 可归结到负载电阻噪声的计算中,因此首先考虑 MOS 管的本征噪声。\n![0196aaa2-bbe2-70ee-823d-d4abf5c67805_310_388_1725_815_397_0.jpg](images/0196aaa2-bbe2-70ee-823d-d4abf5c67805_310_388_1725_815_397_0.jpg)\n图 11-8 MOS 管等效模型\n如图 11-9(a) 所示 MOS 管本征噪声由多晶电阻 ${R}_{\\mathrm{G}}$ 和沟道电阻 ${R}_{\\mathrm{{CH}}}$ 两部分组成。在饱和工作区域, MOS 管沟道直流电阻 ${R}_{\\mathrm{{CH}}} = 1/\\left( {\\gamma {g}_{\\mathrm{m}}}\\right)$ ,则有\n$$\n\\left. \\begin{array}{l} \\overline{\\mathrm{d}{V}_{\\mathrm{G}}^{2}} = {4kT}{R}_{\\mathrm{G}} = {4kT}\\frac{1}{\\gamma {g}_{\\mathrm{m}}} \\\\  \\overline{\\mathrm{d}{I}_{\\mathrm{{DS}}}^{2}} = \\frac{4kT}{{R}_{\\mathrm{{CH}}}} = {4kT\\gamma }{g}_{\\mathrm{m}} \\end{array}\\right\\}   \\tag{11 - 16}\n$$\n式中: $\\gamma$ ——MOS 沟道电阻与小信号跨导 ${g}_{\\mathrm{m}}$ 之间的关联系数。\n对于长沟道器件, $\\gamma  = 2/3$ ,在短沟道条件下, $\\gamma$ 值增大。\n将沟道电阻形成的输出噪声等效到输入端,如图 11-9(b) 所示,则总的输入等效噪声为\n$$\n\\overline{\\mathrm{d}{V}_{\\mathrm{{ieq}}}^{2}} = \\overline{\\mathrm{d}{V}_{\\mathrm{G}}^{2}} + \\frac{\\overline{\\mathrm{d}{V}_{\\mathrm{{out}}}^{2}}}{{A}_{\\mathrm{d}}^{2}} = \\overline{\\mathrm{d}{V}_{\\mathrm{G}}^{2}} + \\frac{\\overline{\\mathrm{d}{I}_{\\mathrm{{DS}}}^{2}}{r}_{\\mathrm{{DS}}}^{2}}{{g}_{\\mathrm{m}}^{2}{r}_{\\mathrm{{DS}}}^{2}} = {4kT}\\left( {{R}_{\\mathrm{G}} + \\frac{\\gamma }{{g}_{\\mathrm{m}}}}\\right)  = {4kT}{R}_{\\mathrm{{eff}}} \\tag{11 - 17}\n$$\n此时等效的输入噪声电阻 ${R}_{\\mathrm{{eff}}} = {R}_{\\mathrm{G}} + \\gamma /{g}_{\\mathrm{m}}$ ,其噪声等效电路如图 11-9(b) 所示。降低栅寄生电阻、采用长沟器件并提高输入管跨导,成为减小 MOS 管电压噪声功率的基本方法。 在高频下, 以上电压噪声等效的输入电流噪声功率为\n$$\n\\overline{\\mathrm{d}{I}_{\\mathrm{{ieq}}}^{2}} = \\overline{\\mathrm{d}{V}_{\\mathrm{{ieq}}}^{2}} \\cdot  {\\left( \\omega {C}_{\\mathrm{{GS}}}\\right) }^{2} = {\\left( \\omega {C}_{\\mathrm{{GS}}}\\right) }^{2}{4kT}\\left( {{R}_{\\mathrm{G}} + \\gamma /{g}_{\\mathrm{m}}}\\right)  \\tag{11 - 18}\n$$\n![0196aaa2-bbe2-70ee-823d-d4abf5c67805_311_234_1054_1074_278_0.jpg](images/0196aaa2-bbe2-70ee-823d-d4abf5c67805_311_234_1054_1074_278_0.jpg)\n图 11-9 MOS 管本征噪声\nMOS 管衬底寄生电阻 ${R}_{\\mathrm{B}}$ 同样对输出噪声产生影响,且 ${R}_{\\mathrm{B}}$ 噪声同样可等效到输入端。 如图 11-10 所示由于衬底跨导 ${g}_{\\mathrm{{mb}}} = {g}_{\\mathrm{m}}/\\left( {n - 1}\\right)$ ,衬底调制电流为 ${g}_{\\mathrm{{mb}}}{V}_{\\mathrm{{BS}}} = {g}_{\\mathrm{m}}{V}_{\\mathrm{{BS}}}/(n -$ 1),将该电流与栅控电流 ${g}_{\\mathrm{m}}{V}_{\\mathrm{{GS}}}$ 相等效,则 ${V}_{\\mathrm{{BS}}}$ 可等效为 $\\left( {n - 1}\\right) {V}_{\\mathrm{{GS}}}$ 。设 ${R}_{\\mathrm{B}}$ 衬底电阻等效到输入端电阻后, 形成相同的输出噪声功率, 则两者的等效关系为\n$$\n{4kT}{R}_{\\mathrm{B}}\\overline{\\mathrm{d}{V}_{\\mathrm{{BS}}}^{2}} = {4kT}{R}_{\\mathrm{B}}{\\left( n - 1\\right) }^{2}\\overline{\\mathrm{d}{V}_{\\mathrm{{GS}}}^{2}} = {4kT}{R}_{\\text{Beff }}\\overline{\\mathrm{d}{V}_{\\mathrm{{GS}}}^{2}} \\tag{11 - 19}\n$$\n![0196aaa2-bbe2-70ee-823d-d4abf5c67805_311_206_1690_1142_329_0.jpg](images/0196aaa2-bbe2-70ee-823d-d4abf5c67805_311_206_1690_1142_329_0.jpg)\n图 11-10 MOS 管衬底寄生电阻与源寄生电阻的噪声\n因此,衬底电阻 ${R}_{\\mathrm{B}}$ 等效到输入端后变为 ${\\left( n - 1\\right) }^{2}{R}_{\\mathrm{B}}$ 。此外,源寄生电阻 ${R}_{\\mathrm{S}}$ 由于与沟道电阻串联,并且由于寄生电阻 ${R}_{\\mathrm{S}}$ 远小于 $1/{g}_{\\mathrm{m}}$ ,对电路增益影响不大,可看为沟道电阻的一部分。考虑衬底电阻 ${R}_{\\mathrm{B}}$ 及寄生源电阻 ${R}_{\\mathrm{S}}$ 的作用后,等效的输入总噪声电阻为\n$$\n{R}_{\\mathrm{{eff}}} = {R}_{\\mathrm{G}} + {R}_{\\mathrm{{CH}}} + {R}_{\\mathrm{{Beff}}} = {R}_{\\mathrm{G}} + \\frac{\\gamma }{{g}_{\\mathrm{m}}} + {R}_{\\mathrm{S}} + {R}_{\\mathrm{B}}{\\left( n - 1\\right) }^{2} \\tag{11 - 20}\n$$\n通常, 采用良好的版图设计可使寄生栅电阻、寄生衬底电阻和寄生源电阻引起的噪声功率降低到远低于沟道电阻所对应的噪声功率水平, 则本征 MOS 器件的热噪声仅由沟道电阻决定。\n![0196aaa2-bbe2-70ee-823d-d4abf5c67805_312_962_444_459_212_0.jpg](images/0196aaa2-bbe2-70ee-823d-d4abf5c67805_312_962_444_459_212_0.jpg)\n图 11-11 MOS 管 1/ $f$ 噪声\n对于 MOS 管 $1/f$ 噪声如图 11-11 所示,其等效输入噪声电压和噪声电流功率分别为\n$$\n\\overline{\\mathrm{d}{V}_{\\mathrm{{ieq}}}^{2}} = \\frac{{k}_{\\mathrm{{fF}}}}{{WL}{C}_{\\mathrm{{ox}}}}\\frac{1}{f}\n$$\n(11 - 21 - a)\n$$\n\\overline{\\mathrm{d}{I}_{\\mathrm{{ieq}}}^{2}} = {g}_{\\mathrm{m}}^{2}\\overline{\\mathrm{d}{V}_{\\mathrm{{ieq}}}^{2}} = \\frac{{k}_{\\mathrm{{fF}}}}{{WL}{C}_{\\mathrm{{ox}}}}\\frac{1}{f}{g}_{\\mathrm{m}}^{2}\n$$\n(11 - 21 - b)\n式中 $1/f$ 噪声系数与 MOS 管类型有关。对于 JFET $1/f$ 噪声系数最小, ${k}_{\\mathrm{{ff}}} = {10}^{-{33}}$ $\\mathrm{C}/{\\mathrm{{cm}}}^{2}$ ; 对于 $\\mathrm{{PMOS}},{k}_{\\mathrm{{fF}}} = {10}^{-{32}}\\mathrm{C}/{\\mathrm{{cm}}}^{2}$ ; 对于 $\\mathrm{{NMOS}},{k}_{\\mathrm{{fF}}} = 4 \\times  {10}^{-{31}}\\mathrm{C}/{\\mathrm{{cm}}}^{2}$ 。因此,在同等条件下, JFET 的低频噪声低于 PMOS, 而 PMOS 的低频噪声又明显低于 NMOS。由 MOS 沟道电阻热噪声与 $1/f$ 噪声谱密度相等的条件,得到的转折频率 ${f}_{\\mathrm{C}}$ 与 ${WL}$ 面积成反比而与 ${g}_{\\mathrm{m}}$ 近似成正比。通常在噪声带宽较高的前提下,较高的 ${f}_{\\mathrm{C}}$ 有利于噪声总功率的下降。\n以上分析表明, MOS 管中包含的各类噪声源所产生的电压或电流噪声,依据噪声源的等效模型,分别位于 MOS 管的输入或输出位置。对于输出噪声,可以采用与输入噪声等价、或通过增益变换的方式, 将输出噪声等效到输入端。经过以上变换后, 本征 MOS 管可视为无噪声管,只是在 MOS 管的输入端存在一个包含热噪声与 $1/f$ 噪声的等效噪声源,即\n$$\n\\overline{\\mathrm{d}{V}_{\\mathrm{{ieq}}\\mathrm{T}}^{2}} = \\overline{\\mathrm{d}{V}_{\\mathrm{{ieq}}}^{2}} + \\overline{\\mathrm{d}{V}_{\\mathrm{{ieqf}}}^{2}} = {4kT}\\left( {{R}_{\\mathrm{G}} + \\frac{\\gamma }{{g}_{\\mathrm{m}}} + {R}_{\\mathrm{S}} + {\\left( n - 1\\right) }^{2}{R}_{\\mathrm{B}}}\\right)  + \\frac{{k}_{\\mathrm{{IF}}}}{{WL}{C}_{\\mathrm{{ox}}}}\\frac{1}{f}\n$$\n(11 - 22)"
}