{
  "section_num": "2.2",
  "title": "PN 结与晶体管",
  "start_line": 365,
  "end_line": 428,
  "content": "### 2.2 PN 结与晶体管\n#### 2.2.1 PN 结\n$\\mathrm{P}$ 型与 $\\mathrm{N}$ 型半导体相互接触,或者在掺杂半导体中掺入补偿杂质,均可形成 $\\mathrm{{PN}}$ 结。 $\\mathrm{{PN}}$ 结是构成各类半导体器件的物理基础, $\\mathrm{{PN}}$ 结作为一种非线性元件,其核心就是其单向导电特性。当 $\\mathrm{{PN}}$ 结中施主与受主掺杂浓度分别为 ${N}_{\\mathrm{D}}$ 和 ${N}_{\\mathrm{A}}$ 时,则其形成的内建电场为\n$$\n{V}_{\\mathrm{j}} = {V}_{\\mathrm{T}}\\ln \\frac{{N}_{\\mathrm{A}}{N}_{\\mathrm{D}}}{{n}_{\\mathrm{i}}^{2}} \\tag{2 - 1}\n$$\n式中: ${n}_{\\mathrm{i}}$ 一一本征载流子浓度; ${V}_{\\mathrm{T}} = {kT}/q$ 为热电压。\n当外加电场为零时, PN 结保持电中性,载流子的扩散与电场漂移相平衡,净电流为零。 $\\mathrm{{PN}}$ 结势垒区形成势垒电容,轻掺杂区域耗尽层宽度总是大于重掺杂区耗尽层宽度,且反偏下耗尽层展宽。载流子对耗尽层的充放电形成少子扩散电容。正偏条件下, 势垒耗尽层减小,漂移扩散间的平衡被打破,注入的载流子形成 $\\mathrm{{PN}}$ 结扩散电流。\n在 $\\mathrm{{PN}}$ 结上施加非平衡电压 $V$ ,则半导体中的多子与少子密度满足以下限制条件\n$$\n{np} = {n}_{\\mathrm{i}}^{2}\\exp \\left( \\frac{V}{{V}_{\\mathrm{T}}}\\right)  \\tag{2 - 2}\n$$\n在 $V = 0$ 的平衡条件下, ${np} = {n}_{\\mathrm{i}}{}^{2}$ 。以 $P$ 型半导体为例,空穴多子 $p = {N}_{\\mathrm{A}}$ ,电子 $n$ 为少子。正偏 $\\mathrm{{PN}}$ 结中,由 $\\mathrm{N}$ 型半导体注入到 $\\mathrm{P}$ 型半导体中的非平衡少子电子密度为\n$$\nn = \\frac{{n}_{\\mathrm{i}}^{2}}{{N}_{\\mathrm{A}}}\\exp \\left( \\frac{V}{{V}_{\\mathrm{T}}}\\right)  = {n}_{0}\\exp \\left( \\frac{V}{{V}_{\\mathrm{T}}}\\right)  = {N}_{\\mathrm{D}}\\exp \\left( \\frac{V - {V}_{\\mathrm{j}}}{{V}_{\\mathrm{T}}}\\right)  \\tag{2 - 3}\n$$\n式中: ${n}_{0} = P$ 型半导体中的平衡少子浓度; ${V}_{\\mathrm{j}}$ 为结电压。\n对于 $\\mathrm{N}$ 型半导体中的非平衡少子空穴,可以写出类似的表达式。非平衡少子在半导体内的扩散长度为 ${L}_{\\mathrm{n}}$ ,则形成的扩散电流为\n$$\n{J}_{\\mathrm{n}} = q{D}_{\\mathrm{n}}\\frac{\\partial n}{\\partial x} = q{V}_{\\mathrm{T}}{\\mu }_{\\mathrm{n}}\\frac{n - {n}_{0}}{{L}_{\\mathrm{n}}} = \\frac{q{\\mu }_{\\mathrm{n}}{V}_{\\mathrm{T}}{n}_{0}}{{L}_{\\mathrm{n}}}\\left\\lbrack  {\\exp \\left( \\frac{V}{{V}_{\\mathrm{T}}}\\right)  - 1}\\right\\rbrack   \\tag{2 - 4}\n$$\n由此形成的正偏 $\\mathrm{{PN}}$ 结电流为\n$$\n{I}_{\\mathrm{{PN}}} = {I}_{\\mathrm{S}0}\\left\\lbrack  {\\exp \\left( \\frac{V}{{V}_{\\mathrm{T}}}\\right)  - 1}\\right\\rbrack   \\tag{2 - 5}\n$$\n式中: ${I}_{\\mathrm{S}0}$ 为反向饱和电流。\n对于反偏 $\\mathrm{{PN}}$ 结,由于非平衡少子被耗尽,而少子浓度梯度主要由平衡少子浓度决定, 因此反偏电流达到饱和使 ${I}_{\\mathrm{{SO}}}$ 与反偏电压无关。正偏 $\\mathrm{{PN}}$ 结在模拟电路中主要起偏置、直流电平移位、电压钳位和交流短路等作用,而反偏 PN 结则主要起反向隔离稳压和电容等作用。\n#### 2.2.2 双极型晶体管 BJT\n通过一定的工艺,将两个PN结结合在一起则可形成双极型晶体管 BJT。当外界提供合适的电压或电流偏置时, BJT 将具有电流或电压放大作用。从物理结构上看,发射区提供对基区的少子注入, 因此其掺杂浓度最高; 基区为避免耗尽区引起的基区宽度调制效应, 其浓度适中;集电区因承担高反偏电压因此其掺杂浓度最低;此外,基区宽度应远低于少子扩散长度,以降低基区复合、提高电流放大倍数。\nBJT 正常的工作条件为发射结正偏而集电结反偏。以 NPN 晶体管为例, 发射结负责向基区注入非平衡少子电子,少子在基区中只有极少部分被多子空穴复合,主要部分均扩散到集电结边缘,在集电结反偏电场的作用下被全部或部分收集而形成输出电流。设发射结正偏电压为 ${V}_{\\mathrm{{BE}}}$ 、集电结输出电压为 ${V}_{\\mathrm{{CE}}}$ ,则输出电流为\n$$\n{I}_{\\mathrm{C}} \\approx  {I}_{\\mathrm{E}} = {I}_{\\mathrm{S}0}\\exp \\left( \\frac{{V}_{\\mathrm{{BE}}}}{{V}_{\\mathrm{T}}}\\right) \\left\\lbrack  {1 - \\exp \\left( {-\\frac{{V}_{\\mathrm{{CE}}}}{{V}_{\\mathrm{T}}}}\\right) }\\right\\rbrack   \\tag{2 - 6}\n$$\n由于 ${V}_{\\mathrm{{CE}}} = {V}_{\\mathrm{{CB}}} + {V}_{\\mathrm{{BE}}}$ ,即 ${V}_{\\mathrm{{CB}}} = {V}_{\\mathrm{{CE}}} - {V}_{\\mathrm{{BE}}}$ 。当 ${V}_{\\mathrm{{CE}}} \\gg  {V}_{\\mathrm{{BE}}}$ 时, ${V}_{\\mathrm{{CB}}} \\gg  0$ ,集电结反偏, 少子全部收集,电流达到饱和。在放大区,由于 ${V}_{\\mathrm{{CE}}}$ 引起的基区宽度调制效应使基区宽度减小、少子复合降低、导致基区电流减小、集电极电流增加,输出电流的饱和恒流特性不再理想。为此,引入调制系数 $\\lambda  = 1/{V}_{\\mathrm{A}}$ , ${V}_{\\mathrm{A}}$ 为厄利电压,则非理想恒流输出为\n$$\n{I}_{\\mathrm{C}} = {I}_{\\mathrm{S}0}\\exp \\left( \\frac{{V}_{\\mathrm{{BE}}}}{{V}_{\\mathrm{T}}}\\right) \\left( {1 + \\lambda {V}_{\\mathrm{{CE}}}}\\right)  = {I}_{\\mathrm{{C0}}}\\left( {1 + \\frac{{V}_{\\mathrm{{CE}}}}{{V}_{\\mathrm{A}}}}\\right)  \\tag{2 - 7}\n$$\n当 ${V}_{\\mathrm{{CE}}} < {V}_{\\mathrm{{BE}}}$ 时, ${V}_{\\mathrm{{CB}}} < 0$ ,对应于收集结正偏,电场方向与电子的运动方向相同,阻止少子的收集,即部分收集,形成比例输出电流,因此线性电阻区下的输出电流 ${I}_{\\mathrm{C}}$ 随 ${V}_{\\mathrm{{CE}}}$ 而线性变化。\nBJT 作为一种体内结构的少子扩散器件, 电流电压满足指数关系, 噪声低, 电流驱动能力强,因而在模拟电路中获得了广泛的应用。BJT 中载流子对势垒电容与少子扩散电容的充放电,影响器件的最高工作频率,而由基极电流 ${I}_{\\mathrm{B}}$ 决定的静态功耗则成为 $\\mathrm{{BJT}}$ 在大规模模拟集成电路应用中的主要限制因素。"
}