{
  "section_num": "11.7",
  "title": "参考文献",
  "start_line": 10027,
  "end_line": 10048,
  "content": "### 11.7 参考文献\n[ 1 ] Owens B E, Adluri S, Birrer P, Shreeve R. Simulation and Measurement of Supply and Substrate Noise in Mixed-Signal ICs. IEEE J. Solid-State Circuits, 2005, 40(2):382~391\n[ 2 ] Steyaert M S J, Sansen W M C. Power Supply Rejection Ratio in Operational Transconductance Amplifiers. IEEE Trans. Circuits and Systems, ${1990},{37}\\left( 9\\right)  : {1077} \\sim  {1083}$\n[3] Sackinger E, Goette J, Guggenbuhk W. A General Relationship Between Amplifier Parameters, And its Application to PSRR Improvement. IEEE Trans. Circuits and Systems, 1991, 38 (10): 1173 ~1181\n[4] Eynde F O, Wambacq P, Sansen W. On the Relationship Between the CMRR or PSRR and the Second Harmonic Distortion of Differential Input Amplifiers. IEEE J. Solid-State Circuits, 1989, 24 (6): ${1740} \\sim  {1744}$\n[ 5 ] Ribner D B, Copeland M A. Design Techniques for Cascoded CMOS OP Amps with Improved PSRR and Common-Mode Input Range. IEEE J. Solid-State Circuits, 1984, 19(6):919-925\n[6] O'Halloran, Sarpeshkar M G. A Low Open-loop Gain, High-PSRR, Micropower CMOS Amplifier for Mixed-signal Applications. IEEE ISCAS 2002, 2: 424 %\n[7] Loikkanen M, Bognar G, Kostamovaara J. PSRR Improvement Technique for Single Supply Class AB Power Amplifiers. IEE Electronics Letters,2006,42(25):1435 1 435 1 4 36\n[ 8 ] Bhattacharyya A B, Dey S. Sub-circuit Analysis for Power Supply Rejection Ratio in Regulated Cas-code Operational Transconductance Amplifiers and Filters. IEEE Cof. VLSI Design 1999,7(10) :164 ~168\n[ 9 ] Jindal R P. Compact Noise Models for MOSFETs. IEEE Trans-ED. 2006, 53(9):2051-2061\n## 第 12 章 低压运放系统"
}