{
  "section_num": "9.6",
  "title": "参考文献",
  "start_line": 8085,
  "end_line": 8114,
  "content": "### 9.6 参考文献\n[1] Palumbo G, Pennisis S. Design Methodology and Advances in Nested-Miller Compensation. IEEE J. Solid-State Circuits, 2002, 49(7):893~904\n[2] Leung K N, Mok P K T. Optimum Nested Miller Compensation for Low-Voltage Low-Power CMOS Amplifier Design. IEEE J. Solid-State Circuits, 1999:616-621\n[ 3 ] Leung K N, Mok P K T. Nested Miller Compensation in Low-Power CMOS Design. IEEE J. Solid-State Circuits,2001, ${48}\\left( 4\\right)  : {388} \\sim  {395}$\n[ 4 ] Leung K N, Mok P K T. Right-Half-Plane Zero Removal Technique for Low-Voltage Low-Power Nested Miller Compensation CMOS Amplifier. IEEE J. Solid-State Circuits, 1999:599-603\n[ 5 ] Ramos J, Steyaert M S J. Positive Feedback Frequency Compensation for Low-Voltage Low-Power Three-Stage Amplifier. IEEE J. Solid-State Circuits,2004,51(10):1967 1975\n[ 6 ] Lee H, Mok P K T. Actice-Feedback Frequency-Compensation Technique for Low-Power Multistage Amplifiers. IEEE J. Solid-State Circuits,2003,38(3) :511%-520\n[7] Chan P K, Chen Y C. Gain-Enhanced Feedforward Path Compensation Technique for Pole-Zero Cancellation at Heavy Capacitive Loads. IEEE J. Solid-State Circuits, 2003, 50(12) :933~942\n[8] Leung K N, Mok P K T. Analysis of Multistage Amplifier-Frequency Compensation. IEEE J. Solid-State Circuits,2001,48(9):1041 $\\sim  {1055}$\n[9] Fan X H, Mishra C, Edgar Sánchez-Sinencio. Single Miller Capacitor Frequency Compensation Technique for Low-Power Multistage Amplifiers. IEEE J. Solid-State Circuits, 2005, 40(3): 584~ 592\n[10] Peng X H, Sansen W. Nested Feed-Forward Gm-Stage and Nulling Resistor Plus Nested-Miller Compensation for Multistage Amplifiers. IEEE J. Solid-State Circuits, 2002,329~333\n[11] Mita R, Oalumbo G. Design Guidelines for Reversed Nested Miller Compensation in Three-Stage Amplifiers. IEEE J. Solid-State Circuits,2003,50(5):227~234\n[12] Leung K N, Mok P K T. Three-Stage Large Capacitive Load Amplifier with Damping-Factor-Cou-trol Frequency Compensation. IEEE J. Solid-State Circuits,2000,35(2): ${221} \\sim  {230}$\n[13] Leung K N, Mok P K T. A Capacitor-Free CMOS Low-Dropout Regulator with Damping-Factor-Control Frequency Compensation. IEEE J. Solid-State Circuits,2003,58(10) : 1691 D. 1702\n## 第 10 章 运放瞬态特性"
}