{
  "section_num": "10.",
  "title": "1 概述",
  "start_line": 8115,
  "end_line": 8122,
  "content": "### 10.1 概述\n前面章节分析了单级和基本集成运放的交直流特性,以低频直流增益和带宽为重点,讨论了在保证闭环系统稳定的前提下,提高增益、扩展带宽的基本原理和有效方法,重点分析了多级放大电路各类频率补偿技术,为高性能运放设计和应用奠定了良好的基础。\n仅仅具备运放的基础知识尚不足以完成对复杂运放电路的最优设计, 针对不同系统的特殊要求, 采取针对性的结构和参数设计, 考虑速度、功耗、工作电压范围、噪声等在应用背景和系统下的不同要求,才能以最小的代价实现最优的系统性能。\n带宽与增益是制约运放电路性能的两个重要指标, 在高频应用下反映了速度与精度(即失真)的关系。因此, 本章在运放交流小信号分析的基础上, 重点分析运放的高速信号处理与高精度性能设计的关键技术。在系统速度性能的分析中, 区分对待交流小信号瞬态响应与大信号瞬态响应之间的差异,建立适应范围广、精度高的统一瞬态特性分析模型,并重点完成一种电压倍增型 Cascode 高速高精度运放的分析和设计。"
}