{
  "section_num": "5.6",
  "title": "小结",
  "start_line": 3861,
  "end_line": 3872,
  "content": "### 5.6 小结\n线性放大电路实现的是对输入电压(或电流)交流小信号的各种线性处理,包括线性放大、线性跟随等。基本的线性电路单元结构包括电压放大的共源(CS)结构、电压跟随电流放大的共漏(CD)结构、电压放大电流跟随的共栅(CG)结构。三种基本的电路结构相互配合使用可提高电路信号的处理能力,提高适用范围。\n线性放大电路通常工作在具有最高线性度的 Class A 模式下,但静态工作电流较高。 将单一类型的单管放大, 扩展到互补类型的双管放大, 构成的一类电路称为互补推挽放大电路,该类电路具有负载电流驱动能力强的显著特点。根据互补管静态工作点设置的差异,可分别构成 Class A、Class B、Class AB 等多种工作模式,不同模式的互补推挽放大管在驱动能力、静态电流、电源转换效率和失真等方面的表现及特点各不相同。Class AB 以其效率高、失真小、功耗低而在功率放大中获得了广泛的应用。\n普通的单级及组合放大电路存在的一个主要问题是无法区别共模信号与差模信号, 两者的增益相同,其直接的后果是当输入信号共模范围增大时导致电路进入线性电阻区,增益下降、非线性失真增加。因此, 此类组合电路必须对输入信号的共模范围进行限制, 从而限制了电路的应用范围。另外, 由于噪声多以共模电压或电流的形式表现, 因此噪声对以上电路的影响很大,电路的抗噪声性能难以提高。\n在 $\\mathrm{{CS}}$ 电路基础上,通过源端接入尾电流电阻 $2{R}_{\\mathrm{S}}$ 的共模负反馈控制结构,实现了对共模与差分信号的区分,由此构造的差分输入级克服了普通组合放大电路的缺点,实现了宽共模输入范围、宽输出动态范围的特性。参数失配的随机失调以及工作点失配的系统失调,构成了差分对的总失调,等效输入失调对差分电路的控制精度和 CMRR 等性能均产生不利影响。差分输入对只有在小信号输入条件下,才有较高的线性度。\n电压放大的基本过程包含输入跨导 ${g}_{\\mathrm{m}}$ 将输入电压转换为电流,对此电流线性变换后, 在负载电阻上转换成电压输出。因此,提高输入跨导和输出阻抗成为提高电压增益的主要技术措施。利用电流电压的相互转换关系,可构造电流放大器。实际上,电流放大即可利用电压增益中内部的电流转换结构实现。"
}