{
  "section_num": "2.3.7",
  "title": "跨导模型",
  "level": 3,
  "content": "MOS 器件在模拟电路中的功能之一为小信号放大作用,其中最关键的参数包括跨导和输出阻抗等交流参数。从数学方法上看,各类交流参数均可通过输出电流的直流模型经相关变量的求导后得到; 从物理过程上看, 交流小信号的处理必须建立在合适的静态工作点条件下, 从而实现直流与交流、线性与非线性的统一。\n\n若仅考虑正向饱和区电流,由统一模型的 ${I}_{\\mathrm{{DS}}} = {I}_{\\mathrm{F}}$ 关系,得到\n\n$$\n\\sqrt{\\frac{{I}_{\\mathrm{{DS}}}}{{I}_{\\mathrm{S}}}} = \\ln \\left( {1 + \\exp \\left( \\frac{{V}_{\\mathrm{p}} - {V}_{\\mathrm{S}}}{2{V}_{\\mathrm{T}}}\\right) }\\right)  \\tag{2 - 58}\n$$\n\n跨导参数的物理含义为输入栅电压变化所引起输出电流的变化, 表明输入电压对输出电流的控制能力,即 ${g}_{\\mathrm{m}} = \\partial {I}_{\\mathrm{{DS}}}/\\partial {V}_{\\mathrm{{GS}}}$ ,由统一模型的 ${I}_{\\mathrm{{DS}}}$ 表达式以及 $n{V}_{\\mathrm{p}} = {V}_{\\mathrm{{GS}}} - {V}_{\\mathrm{{TH}}}$ 的关系,有\n\n$$\n{g}_{\\mathrm{m}} = 2{I}_{\\mathrm{S}}\\ln \\left( {1 + \\exp \\left( \\frac{{V}_{\\mathrm{p}} - {V}_{\\mathrm{S}}}{2{V}_{\\mathrm{T}}}\\right) }\\right) \\frac{1}{1 + \\exp \\left\\lbrack  {\\left( {{V}_{\\mathrm{p}} - {V}_{\\mathrm{S}}}\\right) /2{V}_{\\mathrm{T}}}\\right\\rbrack  }\\exp \\left( \\frac{{V}_{\\mathrm{p}} - {V}_{\\mathrm{S}}}{2{V}_{\\mathrm{T}}}\\right) \\frac{1}{2{V}_{\\mathrm{T}}}\\frac{1}{n}\n$$\n\n(2 - 59)化简后可得\n\n$$\n{g}_{\\mathrm{m}} = \\frac{{I}_{\\mathrm{S}}}{n{V}_{\\mathrm{T}}}\\ln \\left( {1 + \\exp \\left( \\frac{{V}_{\\mathrm{p}} - {V}_{\\mathrm{S}}}{2{V}_{\\mathrm{T}}}\\right) }\\right) \\frac{1}{1 + \\exp \\left\\lbrack  {-\\left( {{V}_{\\mathrm{p}} - {V}_{\\mathrm{S}}}\\right) /2{V}_{\\mathrm{T}}}\\right\\rbrack  } \\tag{2 - 60}\n$$\n\n将式(2 - 58)代入上式后,得到\n\n$$\n{g}_{\\mathrm{m}} = \\frac{{I}_{\\mathrm{S}}}{n{V}_{\\mathrm{T}}}\\frac{\\sqrt{{I}_{\\mathrm{{DS}}}/{I}_{\\mathrm{S}}}}{1 + \\frac{1}{\\exp \\left( \\sqrt{{I}_{\\mathrm{{DS}}}/{I}_{\\mathrm{S}}}\\right)  - 1}} = \\frac{1}{n{V}_{\\mathrm{T}}}\\sqrt{{I}_{\\mathrm{{DS}}}{I}_{\\mathrm{S}}}\\frac{\\exp \\left( \\sqrt{{I}_{\\mathrm{{DS}}}/{I}_{\\mathrm{S}}}\\right)  - 1}{\\exp \\left( \\sqrt{{I}_{\\mathrm{{DS}}}/{I}_{\\mathrm{S}}}\\right) } \\tag{2 - 61}\n$$\n\n经输出驱动电流 ${I}_{\\mathrm{{DS}}}$ 归一化后的跨导为\n\n$$\n\\frac{{g}_{\\mathrm{m}}}{{I}_{\\mathrm{{DS}}}} = \\frac{1}{n{V}_{\\mathrm{T}}}\\sqrt{{I}_{\\mathrm{S}}/{I}_{\\mathrm{{DS}}}}\\left\\lbrack  {1 - \\exp \\left( {-\\sqrt{{I}_{\\mathrm{{DS}}}/{I}_{\\mathrm{S}}}}\\right) }\\right\\rbrack   = \\frac{1}{n{V}_{\\mathrm{T}}}\\frac{1 - \\exp \\left( {-\\sqrt{{I}_{\\mathrm{{DS}}}/{I}_{\\mathrm{S}}}}\\right) }{\\sqrt{{I}_{\\mathrm{{DS}}}/{I}_{\\mathrm{S}}}} \\tag{2 - 62}\n$$\n\n最终得到的输出电流与跨导的非线性等效关系为\n\n$$\n{I}_{\\mathrm{{DS}}} = n{V}_{\\mathrm{T}}{g}_{\\mathrm{m}}\\frac{\\sqrt{{I}_{\\mathrm{{DS}}}/{I}_{\\mathrm{S}}}}{1 - \\exp \\left( {-\\sqrt{{I}_{\\mathrm{{DS}}}/{I}_{\\mathrm{S}}}}\\right) } \\tag{2 - 63}\n$$\n\n在 ${I}_{\\mathrm{{DS}}}/{I}_{\\mathrm{S}} \\rightarrow  0$ 的亚阈电流偏置区域,由于 $\\exp \\left( {-\\sqrt{{I}_{\\mathrm{{DS}}}/{I}_{\\mathrm{S}}}}\\right)  \\rightarrow  1 - \\sqrt{{I}_{\\mathrm{{DS}}}/{I}_{\\mathrm{S}}}$ ,则上式对应的亚阈输出电流和最大单位电流跨导为\n\n$$\n{I}_{\\mathrm{{DS}},\\min } \\approx  n{V}_{\\mathrm{T}}{g}_{\\mathrm{m}}\\frac{\\sqrt{{I}_{\\mathrm{{DS}}}/{I}_{\\mathrm{S}}}}{1 - \\left( {1 - \\sqrt{{I}_{\\mathrm{{DS}}}/{I}_{\\mathrm{S}}}}\\right) } = n{V}_{\\mathrm{T}}{g}_{\\mathrm{m}}\n$$\n\n(2 - 64 - a)\n\n$$\n{\\left( \\frac{{g}_{\\mathrm{m}}}{{I}_{\\mathrm{{DS}}}}\\right) }_{\\max } = \\frac{1}{n{V}_{\\mathrm{T}}}\n$$\n\n(2 - 64 - b)\n\n与此相对应的,在 ${I}_{\\mathrm{{DS}}} \\gg  {I}_{\\mathrm{S}}$ 的强反型区内,由于 $\\exp \\left( {-\\sqrt{{I}_{\\mathrm{{DS}}}/{I}_{\\mathrm{S}}}}\\right)  \\rightarrow  0$ ,则输出的强反型电流及其所对应的单位电流跨导为\n\n$$\n{I}_{\\mathrm{{DS}}} \\approx  n{V}_{\\mathrm{T}}{g}_{\\mathrm{m}}\\sqrt{{I}_{\\mathrm{{DS}}}/{I}_{\\mathrm{S}}}\n$$\n\n(2 - 65 - a)\n\n$$\n\\frac{{g}_{\\mathrm{m}}}{{I}_{\\mathrm{{DS}}}} \\approx  \\frac{1}{n{V}_{\\mathrm{T}}}\\sqrt{{I}_{\\mathrm{S}}/{I}_{\\mathrm{{DS}}}}\n$$\n\n(2 - 65 - b)\n\n由于饱和区下输出电流满足 ${I}_{\\mathrm{S}}/{I}_{\\mathrm{{DS}}} \\ll  1$ 的条件,则以上结果表明 MOS 管的最大单位电流跨导一定发生在亚阈值区。当输出电流增加时,单位电流跨导随 ${I}_{\\mathrm{{DS}}}$ 而减小,表明电流对跨导贡献的效率逐步下降,但跨导的绝对数值仍然随输出电流的增加而变大。\n\n比较 MOS 管与双极型 BJT 管跨导因子的区别。在 BJT 中,因 ${I}_{\\mathrm{C}}$ 与 ${V}_{\\mathrm{{BE}}}$ 满足指数关系,即 ${I}_{\\mathrm{C}} = {I}_{0}\\exp \\left( {{V}_{\\mathrm{{BE}}}/{V}_{\\mathrm{T}}}\\right)$ ,在导通偏置下 BJT 的跨导为\n\n$$\n{g}_{\\mathrm{m}} = \\frac{\\partial {I}_{\\mathrm{C}}}{\\partial {V}_{\\mathrm{{BE}}}} = \\frac{{I}_{0}}{{V}_{\\mathrm{T}}}\\exp \\left( \\frac{{V}_{\\mathrm{{BE}}}}{{V}_{\\mathrm{T}}}\\right)  = \\frac{{I}_{\\mathrm{C}}}{{V}_{\\mathrm{T}}} \\tag{2 - 66}\n$$\n\n因此, BJT 的归一化跨导表现为与输出电流无关的常数, 并且只要不发生大电流效应, 在各类偏置下均成立,即 ${g}_{\\mathrm{m}}/{I}_{\\mathrm{C}} = 1/{V}_{\\mathrm{T}}$ 。而亚阈饱和状态下的 MOS 管具有与 BJT 相同性质的跨导。由于 MOS 管的亚阈值斜率 $n > 1$ ,在同样静态电流偏置的水平下, BJT 仍具有比亚阈 MOS 管更大的单位电流跨导, 即电流的跨导利用率最高。同时,当电流增大后, BJT 跨导线性增加, 相反, 亚阈 MOS 管则因进入强反型工作区, 跨导增加的幅度逐渐变缓,这也是 BJT 具有更大负载驱动能力的原因之一。图 2-10 给出了 BJT 与不同工作状态下 MOS 管单位电流跨导因子的比较。\n\n![0196aaa2-bbe2-70ee-823d-d4abf5c67805_33_876_236_527_420_0.jpg](images/0196aaa2-bbe2-70ee-823d-d4abf5c67805_33_876_236_527_420_0.jpg)\n\n图 2-10 MOS 管与 BJT 管单位电流跨导比较\n\n图 2-11 给出了 MOS 管单位电流跨导相对于其最大值的归一因子与过驱动电压的关系。与基本的物理模型相比, 统一模型得到跨导归一化因子的连续变化特性, 并且在饱和区域内两者模型之间的差异随电流的增加而逐渐减小。通过降低过驱动电压以降低输出电流, 单位电流跨导将接近其最大值。过驱动电压 ${0.2}\\mathrm{\\;V}$ 为强反型的下限,适合低功耗电路。过大的电压驱动将导致载流子速度饱和,导致跨导达到最大饱和值 ${g}_{\\text{mat }}$ ,此时继续增加电压驱动对提高跨导不再有效。\n\n![0196aaa2-bbe2-70ee-823d-d4abf5c67805_33_216_979_1140_450_0.jpg](images/0196aaa2-bbe2-70ee-823d-d4abf5c67805_33_216_979_1140_450_0.jpg)\n\n图 2-11 MOS 管归一化单位电流跨导与过驱动下的跨导\n\n在跨导模型的分析中发现,有源器件的 ${g}_{\\mathrm{m}}$ 跨导因子总是与静态电流密切相关。一方面,静态工作点电流越大, ${g}_{\\mathrm{m}}$ 也越大；另一方面,在大的静态电流偏置下,小信号输入电压引起输出电流对静态工作电流的改变相应地减小, ${g}_{\\mathrm{m}}$ 的动态变化范围小,最终引起的非线性失真较低。因此,虽然 MOS 管大信号下的 $I - V$ 关系呈现明显的非线性关系,但小信号的常数 ${g}_{\\mathrm{m}}$ 却反映出 MOS 器件所具有的小信号线性放大的能力。在大信号下,由于 ${g}_{\\mathrm{m}}$ 偏离常数性质, 电路的大信号放大必然带来显著的非线性失真, 或者说为满足线性信号的放大性质, MOS 管的小信号存在特定线性输入范围的限制。",
  "subsections": []
}