{
  "section_num": "7.1",
  "title": "概述",
  "start_line": 4653,
  "end_line": 4664,
  "content": "### 7.1 概述\n由于增益稳定性、线性范围和带宽等方面的限制,各类开环运放电路一般无法在实际电路系统中直接应用。只有将开环增益电路通过反馈网络构成闭环系统后,才能解决运放电路实际应用所面临的诸多问题。从提高稳定性和改善系统性能的角度出发, 模拟信号处理系统中的运放电路通常工作在闭环负反馈状态下。\n在闭环系统中,信号在电路中的传递具有明显的方向性,通常信号由输入端经过有源或无源器件的传输到达输出, 这种由输入向输出传递所经历的通路称为正向通路。在一个复杂的电路系统中,信号的正向通路中一般包含不同的环节,同时,在输入和输出之间或内部前后两结点之间可能包含不止一条正向通路, 包含两条甚至多条并行的通路, 每个通路内所包含的元件数目与类型也不尽相同。其中一条决定信号传输基本性质的通路称为主通路, 其余的信号前向通路为辅助或次通路。与前向传输相反,信号由输出通过某种方式反馈到输入, 或由局部的输出反馈到前级的输入, 均构成电路系统信号的反馈通路。前馈与反馈构成一个完整的闭环系统,闭环系统的性能与构成该系统的开环增益电路性能密切相关,同时也与反馈电路的性能紧密关联。\n由开环增益电路所组成的闭环电路结构种类繁多, 性能变化多样, 如何选择合适的闭环结构并优化其总体性能,成为运放电路设计与应用需要解决的一个重要问题。本章对运放电路的分析主要从静态低频特性和高频动态特性入手。在静态特性方面,主要分析 4 种双端口等效电路在构造闭环运放系统中的应用,以及实现不同类型放大器所应采取的闭环结构设计方法。在高频动态特性方面, 主要针对 CMOS 高输入电阻开环电压增益结构,分析单位负反馈闭环系统的不同分析与设计方法。 对闭环运放的交直流特性分析的关系如图 7-1 所示, 图中, VCVS 为电压控制电压源；VCCS 为电压控制电流源； CCCS 为电流控制电流源；CCVS 为电流控制电压源。\n![0196aaa2-bbe2-70ee-823d-d4abf5c67805_179_724_1573_698_349_0.jpg](images/0196aaa2-bbe2-70ee-823d-d4abf5c67805_179_724_1573_698_349_0.jpg)\n图 7-1 运放特性分析关系示意图"
}