{
  "section_num": "3.8",
  "title": "小结",
  "start_line": 1997,
  "end_line": 2004,
  "content": "### 3.8 小结\n电阻分压结构概念是分析与设计偏置电路的基本出发点。高性能偏置电路都是基于电阻分压的基本原理,通过反馈或电路结构的设计,提高支路的输出阻抗和有源器件电压状态的匹配特性,获得电流精度和稳定性的提高,改善电流传输的线性度和 PSRR。偏置电路性能的提高往往是以增加功耗和电路复杂程度为代价的。不同的偏置结构在电路的瞬态过程、稳定性、输出动态范围以及最小电源电压、功耗等方面具有不同的特点,应根据不同的需要合理选择。对偏置电路的深入分析,需要从静态稳定点和动态及瞬态变化两方面考虑。 静态方面应考虑工作点的定义与建立,动态方面应考虑在扰动下电路的反馈机制及工作点稳定性。\n偏置电路在瞬态启动过程存在不稳定因素, 应解决启动中可能出现的各种问题。小电流和大电流注入是两种常用的启动方式, 启动电路在结构上的特点是存在电源到地的低阻通路。启动电路能否完成预期功能还与启动电流注入点的位置密切相关, 以此合理调配系统正反馈与负反馈的相互作用,既达到启动的目的,同时又能维持主偏置电路工作点的稳定状态。各种启动电路具有不同的特点及其适用范围和相应的设计方法。\n偏置电路提供放大器等信号处理功能元件稳定的工作点, 同时偏置电路中的具体结构又包含了基本放大器的动态控制, 这是一个问题的多个层面。多方位、多视角地分析偏置电路,对今后模拟信号处理电路、电压与电流基准,尤其是放大电路的设计有重要的指导意义。"
}