{
  "section_num": "1",
  "title": ")饱和区与亚阈值区",
  "level": 1,
  "content": "此工作区域包含 $\\mathrm{B}$ 和 $\\mathrm{D}$ ,由于电流饱和,漏电位满足 ${V}_{\\mathrm{D}} > {V}_{\\mathrm{P}}$ 的条件,同时反向电流 ${I}_{\\mathrm{R}} = 0$ ,则由以上两式得到的实际输出电流为\n\n$$\n{I}_{\\mathrm{{DS}}} = {I}_{\\mathrm{F}} = 2\\mathrm{n}k{V}_{\\mathrm{T}}^{2}{\\ln }^{2}\\left\\lbrack  {1 + \\exp \\left( {\\frac{{V}_{\\mathrm{{GS}}} - {V}_{\\mathrm{{TH}}}}{{2n}{V}_{\\mathrm{T}}} - \\frac{{V}_{\\mathrm{S}}}{2{V}_{\\mathrm{T}}}}\\right) }\\right\\rbrack   \\tag{2 - 51}\n$$\n\n在 NMOS 中 ${V}_{\\mathrm{S}}$ 通常接最低电位,满足 ${V}_{\\mathrm{S}} \\ll  {V}_{\\mathrm{p}}$ 条件,同时 MOS 管处于输出电流的饱和区,过驱动电压 $\\Delta  \\gg  {V}_{\\mathrm{T}}$ ,则式中指数项占主导地位,因此有\n\n$$\n{I}_{\\mathrm{{PS}}} \\approx  {I}_{\\mathrm{S}}{\\ln }^{2}\\left\\lbrack  {\\exp \\left( \\frac{{V}_{\\mathrm{p}} - {V}_{\\mathrm{S}}}{2{V}_{\\mathrm{T}}}\\right) }\\right\\rbrack   = {I}_{\\mathrm{S}}{\\left( \\frac{{V}_{\\mathrm{p}} - {V}_{\\mathrm{S}}}{2{V}_{\\mathrm{T}}}\\right) }^{2} \\approx  \\frac{k}{2n}{\\left( {V}_{\\mathrm{{GS}}} - {V}_{\\mathrm{{TH}}}\\right) }^{2} \\tag{2 - 52}\n$$\n\n输出电流完全等同于强反型平方律模型。当 ${V}_{\\mathrm{S}}$ 电位逐渐提高并接近 ${V}_{\\mathrm{p}}$ 时, $\\mathrm{{MOS}}$ 管感应电荷急剧降低,使器件进入亚阈工作区,则指数下降为小项,利用 $\\ln \\left( {1 + x}\\right)  \\approx  x$ 的条件, 有\n\n$$\n{I}_{\\mathrm{{PS}}} \\approx  {I}_{\\mathrm{S}}{\\left\\lbrack  \\exp \\left( \\frac{{V}_{\\mathrm{p}} - {V}_{\\mathrm{S}}}{2{V}_{\\mathrm{T}}}\\right) \\right\\rbrack  }^{2} = {I}_{\\mathrm{S}}\\exp \\left( \\frac{{V}_{\\mathrm{{GS}}} - {V}_{\\mathrm{{TH}}}}{n{V}_{\\mathrm{T}}}\\right) \\exp \\left( {-\\frac{{V}_{\\mathrm{S}}}{{V}_{\\mathrm{T}}}}\\right)  \\tag{2 - 53}\n$$\n\n通常 ${V}_{\\mathrm{S}}$ 固定为地 $\\mathrm{{GND}}$ 偏置,则以上条件中 ${V}_{\\mathrm{S}}$ 电位的提高对应于 ${V}_{\\mathrm{S}} = {V}_{\\mathrm{{GND}}}$ 条件下 ${V}_{\\mathrm{p}}$ 电压即栅压的降低,则最终的弱反型饱和电流近似为\n\n$$\n{I}_{\\mathrm{{DS}}} \\approx  {I}_{\\mathrm{S}}\\exp \\left( \\frac{{V}_{\\mathrm{{GS}}} - {V}_{\\mathrm{{TH}}}}{n{V}_{\\mathrm{T}}}\\right)  \\tag{2 - 54}\n$$\n\n显然,以上模型在亚阈值区同样可以得到指数规律的输出电流关系。",
  "subsections": []
}