{
  "section_num": "5.7",
  "title": "参考文献",
  "start_line": 3873,
  "end_line": 3894,
  "content": "### 5.7 参考文献\n[1] Butkovic Z, Szabo A. Analysis of the CMOS Differential Amplifier with Active Load and Single-Ended Output. IEEE Melecon,2004,(1) :417 (420\n[ 2 ] Cheng K H, Wang H C. Design of Current Mode Operational Amplifier with Differential-Input and Differential-Output. IEEE ISCAS,1997,(6) :9~12\n[3] Schneider K, Zimmermann H. Three-Stage Burst-Mode Transimpedance Amplifier in Deep-Sub- $\\mu \\mathrm{m}$ CMOS Technology. IEEE Trans. CTrcuits and Systems, July 2006, 53(7) :1458 1:167\n[ 4 ] Senderowicz D, Hodges D, Gray P. High-performance NMOS Operational Amplifier. IEEE J. Solid-State Circuits, 1978,13(12):760~766\n[ 5 ] John A F. A High-Performance CMOS Power Amplifier. IEEE J. Solid-State Circuits, 1985, (6):20\n[ 6 ] Brehmer K E, Wieser J B. Large Swing CMOS Power Amplifier. IEEE J. Solid-State Circuits, 1983, ${18}\\left( {11}\\right)  : {624} \\sim  {629}$\n[ 7 ] Antonio J L, Sushmita B, Jame R A, Ramon G C. Low-Voltage Super Class AB CMOS OTA Cells with Very High Slew Rate and Power Efficiency. IEEE J. Solid-State Circuits, 2005,40(5): 1068~1077\n[ 8 ] Giustolisi G, Palmisano G, Palumbo G and Segreto T. 1. 2-V CMOS Op-Amp with a Dynamically Biased Output Stage. IEEE J. Solid-State Circuits,2000,35(4):632~636\n[ 9 ] Wenchang H, Edgar S S, Robust Highly Linear High-Frequency CMOS OTA With IM3 Below-70 dB at 26 MHz. IEEE Trans. Circuits and Systems,2006,53(7) :1433 (1447\n## 第 6 章 运算放大电路"
}