{
  "section_num": "4.3",
  "title": "电流模带隙电压基准",
  "start_line": 2385,
  "end_line": 2450,
  "content": "### 4.3 电流模带隙电压基准\n对基本 BGR 改进的另一个方面体现在输出基准的电压数值上。根据对电压模式 BGR 的分析,如图 4-8(a) 所示的带隙基准电压在 ${1.2}\\mathrm{\\;V}$ 附近。显然,对于日益广泛的低压运用,需要提供低于 ${1.2}\\mathrm{\\;V}$ 的基准。采用电压缓冲跟随后的电阻分压,只是低压基准的一种实现方式。然而,当电源电压接近甚至低于 $1\\mathrm{\\;V}$ 时,基本的带隙电压产生电路将无法正常工作。因此,对于小于 $1\\mathrm{\\;V}$ 电源驱动的基准电路,需要采用完全不同于以上电压求和的电压基准生成方式, 即电流求和模式。\n电流求和模式中, 由偏置电路生成的各类温度特性电流在同一输出电阻上线性叠加,产生基准输出,如图 4-8(b) 所示。实际上,求和电流也可从负载电阻的不同部位注入,相当于调节注入电流的相对比例系数构成如图 4-8(c) 所示的混合求和模式电路结构。采用电流注入求和比较容易完成非线性温度补偿。\n![0196aaa2-bbe2-70ee-823d-d4abf5c67805_88_244_253_1056_380_0.jpg](images/0196aaa2-bbe2-70ee-823d-d4abf5c67805_88_244_253_1056_380_0.jpg)\n图 4-8 输出基准电压的形成方式\n根据以上原理得到的基本电流模式基准电路结构 (简单电流求和) 如图 4-9 所示。采用两条独立的支路完成电流的线性叠加,虽直观但电路规模较大,需要两个运放,增加了电路的功耗和结构复杂度。一种改进的实现方式 (合并式电流求和) 如图 4-10 所示, 运放强制 ${V}_{\\mathrm{a}} = {V}_{\\mathrm{b}}$ ,由于 ${R}_{1} = {R}_{2}$ ,则 ${R}_{1}$ 上的 ${V}_{\\mathrm{{BE}}1}/{R}_{1}$ 负温度系数电流被无失真地传输到电阻 ${R}_{2}$ 上。 ${R}_{0}$ 上产生的是近似 PTAT 电流,两者叠加后在 ${\\mathrm{M}}_{2}$ 管上形成近似零温度系数电流。该电流经过 ${\\mathrm{M}}_{3}$ 电流镜的线性变换后,在 ${R}_{3}$ 电阻上转换成零温度系数电压输出。\n![0196aaa2-bbe2-70ee-823d-d4abf5c67805_88_166_1017_616_420_0.jpg](images/0196aaa2-bbe2-70ee-823d-d4abf5c67805_88_166_1017_616_420_0.jpg)\n图 4-9 简单电流求和\n![0196aaa2-bbe2-70ee-823d-d4abf5c67805_88_883_1014_501_420_0.jpg](images/0196aaa2-bbe2-70ee-823d-d4abf5c67805_88_883_1014_501_420_0.jpg)\n图 4-10 合并式电流求和\n通过调节输出支路电阻 ${R}_{3}$ 的大小,以及改变输出管电流镜 $W/L$ 的比例关系,可在允许范围内任意改变输出基准电压的数值,从而获得小于 ${1.2}\\mathrm{\\;V}$ 的低压基准输出,即\n$$\n{V}_{\\text{ref }} = \\frac{{R}_{3}}{{R}_{1}}\\left\\lbrack  {{V}_{\\mathrm{{BE}}1} + \\frac{{R}_{1}}{{R}_{0}}{V}_{\\mathrm{T}}\\ln \\left( N\\right) }\\right\\rbrack  \\frac{{\\left( W/L\\right) }_{3}}{{\\left( W/L\\right) }_{2}} \\tag{4 - 31}\n$$\n式中括号内为典型的电压模带隙基准表达式, 该基准再乘以一个线性比例系数, 得到最后的基准输出。从理论上看,只要降低 ${R}_{3}$ 电阻,就可以获得任意低的基准电压。当基准输出足够低时,通常也希望电路的最低工作电压也能不断减小。\n在以上电路中,由于 ${V}_{\\mathrm{{BE}}}$ 将运放输入共模信号钳位在 ${0.7}\\mathrm{\\;V}$ 附近,而 NMOS 的开启电压通常也在此范围内,因此运放的差分输入级应采用 PMOS 差分对。另一方面,电路工作电压 ${V}_{\\mathrm{{CC}}}$ 的减小受到运放共模信号电平钳位的制约。图 4-10 中,对于采用 PMOS 差分对输入的运放电路,其最小工作电压随输入共模信号的增加而提高。图 4-11 给出了一种简单的改进方式,将 ${R}_{1}$ 和 ${R}_{2}$ 电阻分别裂变成对称的两个电阻的串联,以降低运放输入的共模信号电平,消除 $\\mathrm{{PN}}$ 结导通电压的限制。这种调节方式可使电路的最低工作电压下降高达 ${0.4}\\mathrm{\\;V}$ 以上。\n![0196aaa2-bbe2-70ee-823d-d4abf5c67805_89_820_351_569_380_0.jpg](images/0196aaa2-bbe2-70ee-823d-d4abf5c67805_89_820_351_569_380_0.jpg)\n图 4-12 高阶补偿电流模带隙基准\n![0196aaa2-bbe2-70ee-823d-d4abf5c67805_89_143_422_641_313_0.jpg](images/0196aaa2-bbe2-70ee-823d-d4abf5c67805_89_143_422_641_313_0.jpg)\n图 4-11 低共模电压电流模带隙基准\n电流求和模式带隙基准可以方便地完成二次曲率补偿。图 4-12 是图 4-10 的一种简单改进形式,增加了一个独立的 ${Q}_{3}$ 偏置支路,用以产生非线性电流项。经过一阶线性补偿后, ${\\mathrm{M}}_{1}$ 和 ${\\mathrm{M}}_{2}$ 管具有近似零温度系数的电流偏置特性,该电流传输到 ${\\mathrm{M}}_{12}$ 支路中用以偏置 ${\\mathrm{Q}}_{3}$ 管, ${\\mathrm{Q}}_{1}$ 和 ${\\mathrm{Q}}_{2}$ 管则为 $\\mathrm{{PTAT}}$ 电流。 ${\\mathrm{Q}}_{1}$ 与 ${\\mathrm{Q}}_{3}$ 、 ${\\mathrm{Q}}_{2}$ 与 ${\\mathrm{Q}}_{3}$ 形成的电压差 $\\Delta {V}_{\\mathrm{{BE}}}$ 则用于产生非线性温度补偿项,实现高阶曲率补偿。根据式 (4-28) 给出的 ${V}_{\\mathrm{{NL}}}$ ,以 ${\\mathrm{Q}}_{1} \\sim  {\\mathrm{Q}}_{3}$ 的 ${V}_{\\mathrm{{BE}}}$ 电压差为例, 经电阻转换后得到的非线性补偿电流为\n$$\n{I}_{\\mathrm{{NL}}} = \\frac{{V}_{\\mathrm{{BE}}}\\left( {I}_{\\mathrm{{PTAT}}}\\right)  - {V}_{\\mathrm{{BE}}}\\left( {I}_{\\mathrm{{TI}}}\\right) }{{R}_{4}} = \\frac{{\\alpha }_{\\mathrm{{PTAT}}} - {\\alpha }_{\\mathrm{{TI}}}}{{R}_{4}}{V}_{\\mathrm{T}}\\ln \\left( \\frac{T}{{T}_{0}}\\right)  = \\frac{\\Delta \\alpha }{{R}_{4}}{V}_{\\mathrm{T}}\\ln \\left( \\frac{T}{{T}_{0}}\\right)  \\tag{4 - 32}\n$$\n理想状态下 ${\\Delta \\alpha } = {\\alpha }_{\\mathrm{{PTAT}}} - {\\alpha }_{\\mathrm{{TI}}} = 1$ 。然而由于电阻温度系数的影响,电路提供的 PTAT 和温度无关, ${I}_{\\mathrm{{TI}}}$ 电流与各自的理想状态均有一定偏离,即 $\\alpha$ 系数受电阻温度系数的调制,使非理想状态下的 ${\\Delta \\alpha } \\approx  {\\alpha }_{\\mathrm{{PTAT}}} - {\\alpha }_{\\mathrm{{TI}}} \\neq  1$ ,并影响到高阶曲率温度补偿的精度。\n补偿电流 ${I}_{\\mathrm{{NL}}}$ 与原始的 PTAT 电流、 ${V}_{\\mathrm{{BE}}}$ 负温度系数电流以特定的方式叠加一起,共同参与构成 ${\\mathrm{M}}_{1}$ 和 ${\\mathrm{M}}_{2}$ 管电流,并使该电流具有更接近零的温度系数,通过输出管电流的线性传递,最终在输出电阻 ${R}_{5}$ 上形成所需的高阶补偿带隙基准电压,即\n$$\n{V}_{\\text{ref }} = \\frac{{\\left( W/L\\right) }_{3}}{{\\left( W/L\\right) }_{1}}\\frac{{R}_{3}}{{R}_{1}}\\left\\lbrack  {{V}_{\\mathrm{{BE}}1} + \\frac{{R}_{1}}{{R}_{0}}{V}_{\\mathrm{T}}\\ln N + \\frac{{R}_{1}}{{R}_{4}}{\\Delta \\alpha }{V}_{\\mathrm{T}}\\ln \\frac{T}{{T}_{0}}}\\right\\rbrack\n$$\n$$\n= m\\left\\lbrack  {{V}_{\\mathrm{g}} - \\left( {\\gamma  - \\alpha }\\right) {V}_{\\mathrm{T}}\\ln \\frac{T}{{T}_{0}} + \\frac{{R}_{1}}{{R}_{4}}{\\Delta \\alpha }{V}_{\\mathrm{T}}\\ln \\frac{T}{{T}_{0}}}\\right\\rbrack   \\tag{4 - 33}\n$$\n式中 $m$ 为 $W/L$ 和电阻比决定的比例系数,用以调节电流模输出基准电压的大小。\n基准中的非线性可由 ${V}_{\\mathrm{{NL}}}$ 或 ${I}_{\\mathrm{{NL}}}$ 提供的同样大小但极性相反的非线性项抵消。因 ${\\Delta \\alpha } >$ 0 和 $\\gamma  - \\alpha  > 0$ ,调节 ${R}_{1}/{R}_{4}$ 的比例关系可使二阶残余项中的 ${V}_{\\mathrm{T}}\\ln \\left( {T/{T}_{0}}\\right)$ 非线性电压量得到完全补偿,即有\n$$\n\\frac{{R}_{1}}{{R}_{4}} = \\frac{\\gamma  - \\alpha }{\\Delta \\alpha } \\approx  \\gamma  - \\alpha  \\tag{4 - 34}\n$$\n在此高阶补偿条件下,最终的电压基准输出为 ${V}_{\\text{ref }} = m{V}_{\\mathrm{g}}$ 。由于电阻温度系数造成 ${\\Delta \\alpha }$ 的变化特性以及 ${V}_{\\mathrm{g}}\\left( T\\right)$ 非线性负温度系数的影响,非线性并不能完全补偿,实际的补偿应与式 (4-34) 略有偏差。通常,二阶补偿电压量在 $\\mathrm{{mV}}$ 量级,因此要求电路中运放及相关电流镜失配造成的总失调电压必须控制在 $\\mathrm{{mV}}$ 量级以内,这就导致了复杂基准电路结构的高阶补偿控制难度大幅度提高。因此,各种不同形式的电压基准结构便成为重点关注的设计内容之一。"
}