{
  "section_num": "9.1",
  "title": "概述",
  "start_line": 6689,
  "end_line": 6694,
  "content": "### 9.1 概述\n通常独立的开环运放由于所有极点都具有左半平面 LHP 极点的性质, 因此不存在稳定性问题。但由于运放电路不会直接工作于开环状态, 因此仅仅关心开环运放的稳定性是不够的。当然, 开环运放的稳定性是构成闭环系统稳定性的基础。当运放组成闭环系统后, 闭环运放的 LHP 极点性质可能发生改变, 这种改变与原有的开环极点与零点位置密切相关, 即可认为闭环系统的稳定性由运放开环增益的频率特性所决定, 因此通常又归结到开环运放频率特性的设计。\n对开环运放频率补偿的目的在于实现闭环电路的稳定性控制, 并达到带宽、速度与精度等不同指标要求的平衡, 满足不同领域的应用需要。本章首先讨论系统稳定设计的基本原理和设计方法, 其次讨论两级放大器频率补偿的各种可行结构, 进而推进到三级增益系统的频率补偿设计。"
}