{
  "section_num": "2.3.6",
  "title": "MOS 管统一模型",
  "level": 3,
  "content": "已建立的 MOS 输出电流是基于器件在实际工作状态下的物理分析, 是器件的物理模型,包含实际的物理意义。正因如此,在不同的工作区域其物理模型具有完全不同的表现形式, 并分别在各自的工作区域内如强反型和弱反型状态下适用。但在以上两个状态的过渡区域,两种模型都因存在较大误差而不适用。\n\n基于数学分析的方法, 可以建立一个统一的并适合各个工作状态的 MOS 器件输出电流模型,即满足以上要求的一种器件电流方程统一模型。该模型所利用的基本数学原理为: 当模型既能精确描述弱反型又能精确描述强反型下的输出电流, 则由模型函数的连续性性质,该模型一般也能精确模拟两者过渡区即临界弱反型及临界强反型区域内的输出电流。 显然, 该模型以建立的精度为首要目标, 通常缺乏明确和实际的物理意义。\n\n采用图形分析和数学拟合的方法可完成统一模型的建立。根据图 2-4 所示的 NMOS 中感应电荷电压 $- {Q}_{\\mathrm{{mv}}}/{C}_{\\mathrm{{ox}}}$ 与沟道横向电位的关系,转化得到如图 2-8 所示的形式,图中横轴与纵轴的量纲均为电压,则其面积单位为 ${V}^{2}$ ,即对应于 $I/k$ 归一化电流的物理量。显然, 图中 ${V}_{\\mathrm{S}} \\sim  {V}_{\\mathrm{D}}$ 区域内的面积对应于 ${I}_{\\mathrm{{DS}}}/k$ 电流,而此面积可以由两个独立面积的差得到。由此定义\n\n$$\n{I}_{\\mathrm{{DS}}} = {I}_{\\mathrm{F}} - {I}_{\\mathrm{R}} = I\\left( {{V}_{\\mathrm{S}},{V}_{\\mathrm{G}}}\\right)  - I\\left( {{V}_{\\mathrm{D}},{V}_{\\mathrm{G}}}\\right)  \\tag{2 - 47}\n$$\n\n其中在 ${V}_{\\mathrm{G}}$ 栅压偏置下,正向电流 ${I}_{\\mathrm{F}}$ 为 ${V}_{\\mathrm{S}}$ 点电位到无穷大横向电位下感应电荷形成的虚拟电流,简称源点总电流,而反向电流 ${I}_{\\mathrm{R}}$ 则对应于漏端虚拟电流。从数学角度看,两电流之差,即为 ${V}_{\\mathrm{G}}$ 偏置下 ${V}_{\\mathrm{{DS}}}$ 所形成的物理电流。因此,正反向电流的数学描述具有相同的形式:\n\n$$\n{I}_{\\mathrm{R}} = k{\\int }_{{\\mathrm{V}}_{\\mathrm{D}}}^{\\infty }\\frac{-{Q}_{\\mathrm{{inv}}}\\left( {V}_{\\mathrm{{ch}}}\\right) }{{C}_{\\mathrm{{ox}}}}\\mathrm{d}{V}_{\\mathrm{{ch}}}\n$$\n\n(2 - 48 - a)\n\n$$\n{I}_{\\mathrm{F}} = k{\\int }_{{\\mathrm{V}}_{\\mathrm{s}}}^{\\infty }\\frac{-{Q}_{\\mathrm{{inv}}}\\left( {V}_{\\mathrm{{ch}}}\\right) }{{C}_{\\mathrm{{ox}}}}\\mathrm{d}{V}_{\\mathrm{{ch}}}\n$$\n\n(2 - 48 - b)\n\n分别以 ${V}_{\\mathrm{S}}$ 和 ${V}_{\\mathrm{D}}$ 电位作为横轴与纵轴,根据此平面内 ${I}_{\\mathrm{F}}$ 和 ${I}_{\\mathrm{R}}$ 关系,可得到 4 个工作区域,如图 2-9 所示。其中正向导通区 $\\mathrm{A}$ 中, ${I}_{\\mathrm{D}} = {I}_{\\mathrm{F}} - {I}_{\\mathrm{R}}$ ；正向饱和区 $\\mathrm{B}$ 中,因 ${I}_{\\mathrm{R}} = 0$ ,则 ${I}_{\\mathrm{D}} = {I}_{\\mathrm{F}}$ ; 反向饱和区 $\\mathrm{C}$ 中,正反相位的性质互换,因 ${I}_{\\mathrm{F}} = 0$ ,则 ${I}_{\\mathrm{D}} = {I}_{\\mathrm{R}}$ ; 最后在弱反型区和截止区 $\\mathrm{D}$ 中,因 ${I}_{\\mathrm{F}} \\approx  {I}_{\\mathrm{R}}$ ,则 ${I}_{\\mathrm{D}} \\approx  0$ 。因此,对 ${I}_{\\mathrm{F}}$ 和 ${I}_{\\mathrm{R}}$ 虚拟电流的拟合,成为统一模型分析的关键。\n\n![0196aaa2-bbe2-70ee-823d-d4abf5c67805_30_233_416_462_372_0.jpg](images/0196aaa2-bbe2-70ee-823d-d4abf5c67805_30_233_416_462_372_0.jpg)\n\n图 2-8 正向与反向电流\n\n![0196aaa2-bbe2-70ee-823d-d4abf5c67805_30_793_334_501_454_0.jpg](images/0196aaa2-bbe2-70ee-823d-d4abf5c67805_30_793_334_501_454_0.jpg)\n\n图 2-9 工作区域的划分\n\n在统一模型中,采用以下相同规律的非线性连续函数拟合 ${I}_{\\mathrm{F}}$ 与 ${I}_{\\mathrm{R}}$ 电流,并设\n\n$$\nI\\left( {V,{V}_{\\mathrm{G}}}\\right)  = {I}_{\\mathrm{S}}{\\ln }^{2}\\left\\lbrack  {1 + \\exp \\left( \\frac{{V}_{\\mathrm{p}} - V}{2{V}_{\\mathrm{T}}}\\right) }\\right\\rbrack   \\tag{2 - 49}\n$$\n\n式中: $V$ ——沟道电势;\n\n${V}_{\\mathrm{G}}$ ——栅偏置电压, ${V}_{\\mathrm{G}}$ 决定的沟道夹断电压为 ${V}_{\\mathrm{p}} = \\left( {{V}_{\\mathrm{G}} - {V}_{\\mathrm{{TH}}0}}\\right) /n$ ；\n\n## ${I}_{\\mathrm{S}}$ ——标称电流。\n\n## ${I}_{\\mathrm{S}}$ 可表示为\n\n$$\n{I}_{\\mathrm{S}} = {2nk}{V}_{\\mathrm{T}}^{2} = {2n\\mu }{C}_{\\mathrm{{ox}}}\\frac{W}{L}{V}_{\\mathrm{T}}^{2} \\tag{2 - 50}\n$$\n\n由于正反相工作区电流输出结果为对称关系,因此仅需考虑 ${V}_{\\mathrm{D}} > {V}_{\\mathrm{S}}$ 的正向工作区,具体分以下两种情况进行讨论。",
  "subsections": []
}