{
  "section_num": "2.3.2",
  "title": "表面电势",
  "level": 3,
  "content": "改变半导体导电类型,除掺杂外,电场感应也是一个重要的方法,电场通过弯曲表面能带的作用而达到反型的目的, 因此沟道感应电荷密度 ${Q}_{\\text{inv }}$ 直接与半导体表面电势密切相关。设衬底掺杂浓度为 ${N}_{\\mathrm{{sub}}}$ 的半导体,体费米势为 ${\\phi }_{\\mathrm{B}} = {V}_{\\mathrm{T}}\\ln \\left( {{N}_{\\mathrm{{sub}}}/{n}_{\\mathrm{i}}}\\right)$ ,其中 ${n}_{\\mathrm{i}}$ 为本征载流子浓度。设 ${E}_{\\mathrm{C}}\\text{、}{E}_{\\mathrm{V}}\\text{、}{E}_{\\mathrm{i}}$ 分别为掺杂半导体的导带、价带和本征费米能级,其中 ${E}_{\\mathrm{i}}$ 近似位于禁带中央位置。当 ${\\left( {E}_{\\mathrm{C}} - {E}_{\\mathrm{i}}\\right) }_{\\text{surface }} = {\\left( {E}_{\\mathrm{i}} - {E}_{\\mathrm{V}}\\right) }_{\\text{bulk }}$ 成立时,表面感应的载流子浓度与衬底多子浓度相同。以 NMOS 为例, ${n}_{\\text{sense }} = p = {N}_{\\mathrm{A},\\text{ sub }}$ ,此时,表面能带相对于体内能级的弯曲量即表面势达到 ${\\phi }_{\\mathrm{S}} = 2{\\phi }_{\\mathrm{B}}$ ,即对应于强反型条件。 $\\mathrm{P}$ 型半导体能带弯曲及表面势 ${\\phi }_{\\mathrm{s}}$ 的变化关系如图 2-2 所示。\n\n![0196aaa2-bbe2-70ee-823d-d4abf5c67805_22_957_1199_467_391_0.jpg](images/0196aaa2-bbe2-70ee-823d-d4abf5c67805_22_957_1199_467_391_0.jpg)\n\n图 2-2 能带弯曲与表面势\n\n作为表面相对于体内的电势差的 ${\\phi }_{\\mathrm{S}}$ 表面势,由 ${V}_{\\mathrm{G}}$ 引起。除此之外, ${V}_{\\mathrm{G}}$ 还要感应生成反型载流子,在感应载流子之前,首先需要将衬底耗尽。因此,施加的栅电压 ${V}_{\\mathrm{G}}$ 将消耗在反型沟道 ${Q}_{\\text{inv }}/{C}_{\\text{ox }}$ 、衬底耗尽 ${Q}_{\\mathrm{B}}/{C}_{\\text{ox }}$ 和表面势 ${\\phi }_{\\mathrm{S}}$ 三个方面,即\n\n$$\n{V}_{\\mathrm{G}} =  - \\frac{{Q}_{\\mathrm{t}}}{{C}_{\\mathrm{{ox}}}} + {\\phi }_{\\mathrm{S}} =  - \\frac{{Q}_{\\mathrm{{inv}}} + {Q}_{\\mathrm{B}}}{{C}_{\\mathrm{{ox}}}} + {\\phi }_{\\mathrm{S}} \\tag{2 - 13}\n$$\n\n式中电荷总量 ${Q}_{\\mathrm{t}}$ 与表面势 ${\\phi }_{\\mathrm{S}}$ 、体费米势 $2{\\phi }_{\\mathrm{B}}$ 和沟道电位 $V$ 的关系为\n\n$$\n- \\frac{{Q}_{\\mathrm{t}}}{{C}_{\\mathrm{{ox}}}} = \\gamma \\sqrt{{V}_{\\mathrm{T}}\\exp \\left( \\frac{{\\phi }_{\\mathrm{S}} - 2{\\phi }_{\\mathrm{B}} - V}{{V}_{\\mathrm{T}}}\\right)  + {\\phi }_{\\mathrm{S}}} \\tag{2 - 14}\n$$\n\n式中衬底调制系数 $\\gamma$ 为\n\n$$\n\\gamma  = \\frac{\\sqrt{{2q}{\\varepsilon }_{0}{\\varepsilon }_{\\mathrm{r}}/{N}_{\\mathrm{{sub}}}}}{{C}_{\\mathrm{{ox}}}} \\tag{2 - 15}\n$$\n\n由以上两式可计算得到 ${\\phi }_{\\mathrm{S}} \\sim  {V}_{\\mathrm{G}}$ 的变化关系, 其中沟道水平方向非平衡电压 $V$ 为参变量,计算结果如图 2-3 所示。 ${\\phi }_{\\mathrm{S}}$ 开始阶段跟随 ${V}_{\\mathrm{G}}$ 变化,但斜率略小于 1,说明开始阶段 ${V}_{\\mathrm{G}}$ 主要用于形成表面电势。此后, ${\\phi }_{\\mathrm{S}}$ 逐渐趋于饱和,随 ${V}_{\\mathrm{G}}$ 增加,其变化减缓,即 ${V}_{\\mathrm{G}}$ 主要消耗在式(2-14)中根号内的指数项,即此时 ${V}_{\\mathrm{G}}$ 电压大部分用于产生感应载流子,而感应的电荷与 ${\\phi }_{\\mathrm{S}}$ 呈指数关系,因此表面势随 ${V}_{\\mathrm{G}}$ 的增加而逐渐趋于饱和,并导致 ${V}_{\\mathrm{G}} - {\\phi }_{\\mathrm{S}}$ 增加。\n\n![0196aaa2-bbe2-70ee-823d-d4abf5c67805_23_872_399_532_449_0.jpg](images/0196aaa2-bbe2-70ee-823d-d4abf5c67805_23_872_399_532_449_0.jpg)\n\n图 2-3 表面电势与栅电压\n\n对于非平衡沟道电压 $V$ ,当 $V$ 越大,相同 ${V}_{\\mathrm{G}}$ 下的表面电势也越高,即 ${V}_{\\mathrm{G}} - {\\phi }_{\\mathrm{S}}$ 越低,感应的载流子密度减小。这意味着非平衡电压越高,沟道反型越困难。当 ${V}_{\\mathrm{G}}$ 固定时, ${\\phi }_{\\mathrm{s}}$ 同样存在饱和效应,当非平衡电压 $V$ 超过某特定限度后, ${\\phi }_{\\mathrm{S}}$ 将不随 $V$ 变化,即感应沟道消失。",
  "subsections": []
}