{
  "section_num": "8.",
  "title": "7 参考文献",
  "start_line": 6665,
  "end_line": 6688,
  "content": "### 8.7 参考文献\n[1] Leung K N, Mok P K T. Analysis of Multistage Amplifier-Frequency Compensation. IEEE Trans-actrons on Grcuits and systems, Sept. ${2001},{48}\\left( \\mathrm{a}\\right)  : {1041} \\sim  {1056}$\n[2] Hennig E, Sommer R. Frequency Compensation of Closed-Loop Feedback Amplifier Systems. ISCAS 2000-IEEE International Symposium on Circuits and Systems, May. 2000, 111~121\n[ 3 ] Chan P K, Chen Y C. Gain-Enhanced Feedforward Path Compensation Technique for Pole-Zero Cancellation at Heavy Capacitive Loads. IEEE Transactions on Circuits and Systerms-II: Analog and Digital Signal Processing, Dec. 2003,50(12): ${933} \\sim  {941}$\n[ 4 ] Calleja H. An Approach to Amplifier Frequency Compensation. IEEE Transactions on Education, Feb. ${2003},{46}\\left( 1\\right)  : {43} \\sim  {49}$\n[ 5 ] Loikkanen M, Kostamovaara J. Improving Capacitive Drive Capability of Two-Stage Op Amps with Current Buffer. Proceedings of the 2005 European Conference on Circuit Theory and Design, Sept. 2005(1):99~102\n[ 6 ] Taherzadeh-Sani M, Lotfi R, hoaei OS. A Novel Frequency Compensation Technique for Two-Stage CMOS Operational Amplifiers. Proceedings of the 2003 10th IEEE International Conference on Elec-tronices, Circuits and Systems, Dec. 2003,1: ${256} \\sim  {259}$\n[ 7 ] Mahattanakul J, chutichatuporn J. Design Procedure for Two-stage CMOS Operational Amplifiers Emplaying Current Buffer. IEEE Trans. Circuits and Systems, Nov. 2005,52(11) : 766~770\n[8] Kent HL. Internal and External Op-Amp Compensation: A Control-Centric Tutorial. Proceeding of the 2004 American Control Conference, June. 2004, 5197 20211\n[9] 黄晶生,吴金,刘凡等. 低压高速 LDO 电路系统的分析与设计. 电子器件,2007, 30(1):259~262\n[10] Lake K R, Sanse W. Design of Analog Integrated Circuits and System, Mc Graw- Hill, Inc, 1994\n## 第 9 章 频 率 补 偿"
}