{
  "section_num": "12.6",
  "title": "参考文献",
  "start_line": 10815,
  "end_line": 10837,
  "content": "### 12.6 参考文献\n[1] Sakurai S, Ismail M. Low-voltage CMOS Op Amp, Kluwer Academic Publishers, 1995\n[2] Rajput S S, Jamuar S S. Low Voltage Analog Circuit Design Techniques. IEEE 2002: 30~40\n[ 3 ] Blalock B J, Allen P E. A Low-Voltage Bulk-Driven MOSFET Current Mirror for CMOS Technology. IEEE ISCAS 1995: 1972 1975\n[4] Langen K J and Huijsing J H. Compact Low-Voltage Power-Efficient Operational Amplifier Cells for VLSI. IEEE J. Solid-State Circuits, 1998, 33(10): 1482 -1496\n[ 5 ] Huijsing J H and Hogervorst R. Rail-to-Rail Input Stage with Constant-g ${}_{m}$ and Constant Common-mode Output Currents. IEEE J. Solid-State Circuits, July 1996,31(7): 1035~1040\n[ 6 ] White W R. A High Bandwidth Constant-g ${}_{\\mathrm{m}}$ and Slew-Rate Rail-to-Rail CMOS Input Circuits and Its Application to Analog Cells for Low Voltage VLSI System. IEEE J. Solid-State Circuits, 1997, 32(5): 701~712\n[7] Carrillo J F D, Ausin J L, Torelli G, et al. 1-V Rail-to-Rail Operational Amplifiers in Standard CMOS Technology. IEEE J. Solid-State Circuits,2000,35(1) : 33~44\n[ 8 ] Carrillo J M, Duque-Carrillo J F. Input/Output Rail-to-Rail Video Op-Amp with Constant Behavior over the Entire Voltage Range. IEEE Solid State Circuits Conference 2003: 378~381\n[ 9 ] Song Tongyu, Hu Jingyu, Li Xiaohong. A Constant-g. Constant-Slew-Rate Rail-to-Rail Input Stage With Static Feedback and Dynamic Current Steering for VLSI Cell Libraries. IEEE Trans. Circuits and Systems, 2007, ${54}\\left( 9\\right)  : {76} \\sim  {80}$\n[10] Angulo J R, Sawant M S, Thoutam S. New Low-Voltage Class AB/AB CMOS Op Amp With Rail-to-Rail Input/Output Swing. IEEE Trans. Circuits and Systems, 2006, 53(4): 289~293\n[11] 周震,吴金,杨廉峰,等. 一种 3V CMOS 恒跨导运算放大器的设计. 微电子学,2002,32(1):50~61"
}