{
  "section_num": "8.3",
  "title": "单级增益频响特性",
  "start_line": 5779,
  "end_line": 6270,
  "content": "### 8.3 单级增益频响特性\n#### 8.3.1 CS 电压放大器频响特性\n共源增益 $\\mathrm{{CS}}$ 电路及其不同条件下的电路结构如图 8-4 所示, ${R}_{\\mathrm{L}}$ 为等效输出阻抗, ${C}_{\\mathrm{L}}$ 为等效负载电容。在图 8-4(a) 所示的理想电压源激励下,信号源内阻 ${R}_{\\mathrm{S}} = 0$ ,在低频下, 对于 CMOS 高阻输入,这种对 ${R}_{\\mathrm{S}}$ 的假设条件通常成立,进一步忽略 Miller 电容的作用,则电路只有输出极点起作用,因此 CS 增益的单极点传递函数为\n$$\n{A}_{\\mathrm{v}}\\left( s\\right)  =  - \\frac{{g}_{\\mathrm{m}}{R}_{\\mathrm{L}}}{1 + s{R}_{\\mathrm{L}}{C}_{\\mathrm{L}}} =  - \\frac{{A}_{\\mathrm{v}0}}{1 + s/p} \\tag{8 - 10}\n$$\n式中 ${A}_{v0}$ 为 $\\mathrm{{CS}}$ 反相放大的低频直流增益,主极点频率 $p = 1/\\left( {{R}_{\\mathrm{L}}{C}_{\\mathrm{L}}}\\right)$ 定义为开环增益的 $- 3\\mathrm{\\;{dB}}$ 带宽。则 $\\mathrm{{CS}}$ 增益的单位增益带宽 $\\mathrm{{GBW}}$ 为\n$$\n\\mathrm{{GBW}} = {A}_{\\mathrm{v}0}p = {g}_{\\mathrm{m}}{R}_{\\mathrm{L}}\\frac{1}{{R}_{\\mathrm{L}}{C}_{\\mathrm{L}}} = \\frac{{g}_{\\mathrm{m}}}{{C}_{\\mathrm{L}}} \\tag{8 - 11}\n$$\n![0196aaa2-bbe2-70ee-823d-d4abf5c67805_218_213_445_1160_419_0.jpg](images/0196aaa2-bbe2-70ee-823d-d4abf5c67805_218_213_445_1160_419_0.jpg)\n图 8-4 单级 CS 电路及其等效近似\nGBW 是描述电压放大电路频率特性的一个重要指标, 它表示在电压放大倍数为 1 时对应的频率。对于同一个 MOS 管在相同的偏置电流下, ${g}_{\\mathrm{m}}$ 相同,但通常有 ${C}_{\\mathrm{L}} \\gg  {C}_{\\mathrm{{GS}}}$ ,即 ${\\omega }_{\\mathrm{T}} \\gg  \\mathrm{{GBW}}$ ,这说明器件的高频能力决定电路的高频能力。随着频率的升高,电路首先失去应有的电压放大能力, 频率继续增加后, 器件才失去应有的电流放大能力。在相同的偏置电流下,由于 ${g}_{\\mathrm{m}}\\left( \\mathrm{{BJT}}\\right)  \\gg  {g}_{\\mathrm{m}}\\left( \\mathrm{{MOS}}\\right)$ ,因此 $\\mathrm{{BJT}}$ 电路具有比 $\\mathrm{{MOS}}$ 电路更优越的频率特性, 适合高速电路的应用。\n理想单极点增益系统的频率特性如图 8-5 所示,若高频次极点与零点均远高于 GBW,则可采用单极点近似。在单极点近似下, 主极点频率处的增益相对低频直流增益下降 $3\\mathrm{\\;{dB}}$ ,并且相位滞后 ${45}^{ \\circ  }$ , 在该极点频率的前后 10 倍距离范围内,相位滞后由 ${0}^{ \\circ  }$ 近似线性变化到 ${90}^{ \\circ  }$ 。\n![0196aaa2-bbe2-70ee-823d-d4abf5c67805_218_902_1249_519_515_0.jpg](images/0196aaa2-bbe2-70ee-823d-d4abf5c67805_218_902_1249_519_515_0.jpg)\n图 8-5 单极点增益系统频率特性曲线\n在理想电压源输入零内阻的假设下, 输入结点处的极点频率趋向无穷远, 因此无需考虑输入端的频响特性。然而,当采用 CS 增益构成多级放大时, 其输入信号已不是理想激励源,同时本级的输入作为前级的负载, 对前级的频率响应产生影响。基于这两方面的考虑,需要考察 $\\mathrm{{CS}}$ 输入结点的频率响应。图 8-4(b) 中在有限内阻为 ${R}_{\\mathrm{S}}$ 的电压源激励下,由 ${R}_{\\mathrm{S}}$ 与 ${C}_{\\mathrm{{GS}}}$ 的串联积分网络,形成的输入级传递函数为\n$$\n{G}_{0}\\left( s\\right)  = \\frac{{V}_{\\mathrm{i}}\\left( s\\right) }{{V}_{\\mathrm{i}0}\\left( s\\right) } = \\frac{1}{1 + s{R}_{\\mathrm{S}}{C}_{\\mathrm{{GS}}}} = \\frac{1}{1 + s/{p}_{0}} \\tag{8 - 12}\n$$\n增加一对电阻电容相应地增加一个极点。由于 ${R}_{\\mathrm{S}} \\ll  {R}_{\\mathrm{L}}\\text{、}{C}_{\\mathrm{{GS}}} \\ll  {C}_{\\mathrm{L}}$ ,则 ${p}_{0} \\gg  p$ ,该 $\\mathrm{{CS}}$ 放大器的主极点仍然由输出极点决定。\n在图 8-4(c) 中,进一步考虑寄生电容的作用, MOS 管的 ${C}_{\\mathrm{{GD}}}$ 电容在 $\\mathrm{{CS}}$ 电路中跨接输入与输出, 导致前馈与反馈共存, 这种电容即为 Miller 电容, 该电容不但对输入极点和输出极点都有调制, 同时形成 RHP 零点并增加一个新极点, 对 CS 频率响应产生重要影响。因此,可采用外接的 Miller 电容来调制电路的频响特性。\n## 1) Miller 电容 ${C}_{M}$ 对输入输出极点的调制\n如图 8-6(a) 所示, Miller 电容由于跨接输入和输出两个结点, 使得对两极点调制作用的分析十分复杂。为简化分析, 可采用电容等效的方法, 消除输入一输出之间的耦合影响。 设 $\\mathrm{{CS}}$ 的增益为 ${A}_{\\mathrm{v}},{C}_{\\mathrm{M}}$ 等效到输入端的电容为 ${C}_{\\text{in }}$ 、等效到输出端的电容为 ${C}_{\\text{out }}$ 如图 8-6 (b) 所示。根据等效结构结点电流相同的条件, 在输入端, 有\n$$\n{I}_{\\text{in }} = \\left( {{V}_{\\text{in }} - {V}_{o}}\\right) s{C}_{\\mathrm{M}} = {V}_{\\text{in }}\\left( {1 - {A}_{\\mathrm{v}}}\\right) s{C}_{\\mathrm{M}} = {V}_{\\text{in }}s{C}_{\\text{in }} \\tag{8 - 13}\n$$\n则 ${C}_{\\mathrm{M}}$ 等效到输入端的电容为\n$$\n{C}_{\\text{in }} = \\left( {1 - {A}_{\\mathrm{v}}}\\right) {C}_{\\mathrm{M}} \\approx   - {A}_{\\mathrm{v}}{C}_{\\mathrm{M}} = \\left| {A}_{\\mathrm{v}}\\right| {C}_{\\mathrm{M}} \\tag{8 - 14}\n$$\n同样,在输出端的电流关系为\n$$\n{I}_{\\text{out }} = \\left( {{V}_{\\mathrm{o}} - {V}_{\\text{in }}}\\right) s{C}_{\\mathrm{M}} = {V}_{\\mathrm{o}}\\left( {1 - {A}_{\\mathrm{v}}^{-1}}\\right) s{C}_{\\mathrm{M}} = {V}_{\\mathrm{o}}s{C}_{\\text{out }} \\tag{8 - 15}\n$$\n则 ${C}_{\\mathrm{M}}$ 等效到输出端的电容为\n$$\n{C}_{\\text{out }} = \\left( {1 - {A}_{\\mathrm{v}}^{-1}}\\right) {C}_{\\mathrm{M}} \\approx  {C}_{\\mathrm{M}} \\tag{8 - 16}\n$$\n![0196aaa2-bbe2-70ee-823d-d4abf5c67805_219_194_1142_1172_311_0.jpg](images/0196aaa2-bbe2-70ee-823d-d4abf5c67805_219_194_1142_1172_311_0.jpg)\n图 8-6 Miller 电容等效结构\nMiller 电容 ${C}_{\\mathrm{M}}$ 等效到输入端后将增加 ${A}_{\\mathrm{v}}$ 倍,等效到输出端则近似不变,与以上电容开路与电容短路 RC 时间常数分析方法得到的结果相同。如此,原来的 CS 增益在 Miller 电容作用下,输入极点改变为\n$$\n{p}_{0} = \\frac{1}{{R}_{\\mathrm{S}}\\left( {{C}_{\\mathrm{{GS}}} + \\left| {A}_{\\mathrm{v}}\\right| {C}_{\\mathrm{M}}}\\right) } \\approx  \\frac{1}{\\left| {A}_{\\mathrm{v}}\\right| }\\frac{1}{{R}_{\\mathrm{S}}{C}_{\\mathrm{M}}} \\tag{8 - 17}\n$$\n显然, Miller 电容效应对输入极点有显著的压缩作用,当 ${R}_{\\mathrm{S}} \\rightarrow  0$ 时,主极点仍然由输出极点决定, 如果 CS 作为系统输入放大级, 以上结果通常成立。而在多级增益系统中, 若 CS 为输出级,则由于前级的输出阻抗 ${R}_{\\mathrm{S}} = {R}_{\\mathrm{O}}$ 不满足趋于零的条件,即 $\\left| {{A}_{\\mathrm{v}}{R}_{\\mathrm{S}}}\\right|  \\gg  {R}_{\\mathrm{L}}$ ,则主极点由本级的输入即前级的输出极点决定。\nMiller 电容对输出的影响, 等效为 Miller 电容直接与负载的并联, 导致输出极点的降低。以上结论对 CS 结构而言存在很大的误差, 原因在于仅考虑了 Miller 电容对输出负载电容变化的影响,而忽略了 Miller 电容对放大管输出阻抗的影响。Miller 电容对输出管阻抗的影响在电容短路的 $\\mathrm{{RC}}$ 时间常数分析中已有明确体现,实际上, Miller 电容通过 $\\mathrm{{RC}}$ 网络在频率的作用下会对输出阻抗产生显著的影响。\n一种简便的理解是 ${C}_{\\mathrm{M}}$ 的短路作用,对于较大的 Miller 补偿电容,在频率较高的条件下, ${C}_{\\mathrm{M}}$ 短路的假设近似成立。正是由于 ${C}_{\\mathrm{M}}$ 的短路作用,输出阻抗由恒流高阻输出 ${r}_{\\mathrm{o}}$ 变为 $1/$ ${g}_{\\mathrm{m}}$ 的低阻输出。 ${C}_{\\mathrm{M}}$ 越大,以上假设近似成立的精度也越高。\n一般条件下,由于高频的频率范围总是在系统 $- 3\\mathrm{\\;{dB}}$ 以外的中高频区域,因此放大管的输出阻抗 ${r}_{\\mathrm{o}}$ 远高于该频率范围内负载 ${C}_{\\mathrm{L}}$ 的容抗, ${r}_{\\mathrm{o}}$ 的作用可以忽略。\n更符合实际的分析为 ${C}_{\\mathrm{M}}$ 电容的耦合效应。一方面,当输出信号发生变化时,通过 ${C}_{\\mathrm{M}}$ 与栅电容 ${C}_{\\mathrm{{GS}}}$ 的串联分压耦合作用,输出反馈到输入的电压为 ${V}_{\\mathrm{i},\\mathrm{{fb}}} = {V}_{\\mathrm{o}}{C}_{\\mathrm{M}}/\\left( {{C}_{\\mathrm{M}} + {C}_{\\mathrm{{GS}}}}\\right)$ 。这表明当输出电压 ${V}_{\\mathrm{o}}$ 发生变化时,在高频下通过电容耦合会使输入电压产生相应的变化,而输入的变化将调制放大管的输出阻抗,即\n$$\n{R}_{\\mathrm{O}} = \\frac{{V}_{\\mathrm{o}}}{i} = \\frac{{V}_{\\mathrm{o}}}{{g}_{\\mathrm{m}}{V}_{\\mathrm{i},\\mathrm{{fb}}}}//{r}_{\\mathrm{o}} \\approx  \\frac{{C}_{\\mathrm{M}} + {C}_{\\mathrm{{GS}}}}{{C}_{\\mathrm{M}}}\\frac{1}{{g}_{\\mathrm{m}}}//{R}_{\\mathrm{L}} \\tag{8 - 18}\n$$\n输出阻抗与补偿电容 ${C}_{\\mathrm{M}}$ 的相对大小与 ${C}_{\\mathrm{M}}$ 与 ${C}_{\\mathrm{{GS}}}$ 的比值密切相关。在未补偿条件下 ${C}_{\\mathrm{M}} = {C}_{\\mathrm{{GD}}} \\ll  {C}_{\\mathrm{{GS}}},{R}_{\\mathrm{O}} \\approx  {r}_{\\mathrm{o}} = {R}_{\\mathrm{L}}$ ; 在 ${C}_{\\mathrm{M}} \\gg  {C}_{\\mathrm{{GS}}}$ 的补偿条件下, ${R}_{\\mathrm{O}} \\approx  1/{g}_{\\mathrm{m}}$ 。因此,当 ${C}_{\\mathrm{M}}$ 从小到大变化时,输出阻抗在 ${R}_{\\mathrm{L}} \\sim  1/{g}_{\\mathrm{m}}$ 的范围内变化。\n另一方面, ${C}_{\\mathrm{M}}$ 与放大管 ${C}_{\\mathrm{{GS}}}$ 电容的串联容抗也对 $\\mathrm{{CS}}$ 的输出电容产生影响,因此总的输出电容为 ${C}_{\\mathrm{{GS}}}$ 与 ${C}_{\\mathrm{M}}$ 的串联,再与负载 ${C}_{\\mathrm{L}}$ 的并联,即\n$$\n{C}_{\\mathrm{L},\\mathrm{{eff}}} = {C}_{\\mathrm{L}} + {C}_{\\mathrm{{eq}}} = {C}_{\\mathrm{L}} + \\frac{{C}_{\\mathrm{M}}{C}_{\\mathrm{{GS}}}}{{C}_{\\mathrm{M}} + {C}_{\\mathrm{{GS}}}} \\tag{8 - 19}\n$$\n无论 ${C}_{\\mathrm{M}}$ 与 ${C}_{\\mathrm{{GS}}}$ 关系如何,只要 ${C}_{\\mathrm{M}} \\ll  {C}_{\\mathrm{L}}\\text{、}{C}_{\\mathrm{{GS}}} \\ll  {C}_{\\mathrm{L}}$ ,总有 ${C}_{\\mathrm{L},\\mathrm{{eff}}} = {C}_{\\mathrm{L}} + \\min \\left( {{C}_{\\mathrm{M}},{C}_{\\mathrm{{GS}}}}\\right)  \\approx$ ${C}_{\\mathrm{L}}$ ,等效负载电容基本保持 ${C}_{\\mathrm{L}}$ 不变。\n根据补偿电容 ${C}_{\\mathrm{M}}$ 对输出阻抗和输出负载电容的作用机制,对于 ${C}_{\\mathrm{M}} = 0$ 的未补偿结构, 有\n$$\np = \\frac{1}{{R}_{\\mathrm{O}}\\left( {{C}_{\\mathrm{L}} + {C}_{\\mathrm{{eq}}}}\\right) } \\approx  \\frac{1}{{R}_{\\mathrm{L}}{C}_{\\mathrm{L}}} \\tag{8 - 20}\n$$\n而在较高 Miller 电容 ${C}_{\\mathrm{M}}$ 补偿下,输出极点为\n$$\np = \\frac{1}{{R}_{\\mathrm{O}}\\left( {{C}_{\\mathrm{L}} + {C}_{\\mathrm{{eq}}}}\\right) } \\approx  \\frac{{g}_{\\mathrm{m}}}{{C}_{\\mathrm{L}}} \\tag{8 - 21}\n$$\n由于 Miller 电容引起输出阻抗的显著下降,输出极点扩展到高频段,此结果与采用短路 RC 时间常数模型计算的输出极点结果相同。需要强调的是, Miller 电容近似仅在低频下比较精确。当频率增加后, ${A}_{\\mathrm{v}}$ 随频率下降,而频率的下降又与 ${C}_{\\mathrm{M}}$ 密切相关,导致 Miller 电容的等效值不再是一个常数的线性等效关系。由于零极点本身与频率无关, 只与系统中各结点位置下的阻抗和电容等参数有关, 等效电容随频率变化, 使得利用 Miller 电容等效原理计算极点的方法误差增大。因此, Miller 电容等效仅适用于低频下的工作状态, 同时 Miller 电容等效还近似忽略了 RHP 零点的重要作用。\n## 2) 对 Miller 电容 ${C}_{\\mathrm{M}}$ 的 RHP 零点抑制\nMiller 电容 ${C}_{\\mathrm{M}}$ 的前馈引入 $\\mathrm{{RHP}}$ 零点,使电路的相位裕度减小,包含零点作用的传递函数为\n$$\n{A}_{\\mathrm{v}}\\left( s\\right)  =  - \\frac{{g}_{\\mathrm{m}}{R}_{\\mathrm{L}}\\left( {1 - s{C}_{\\mathrm{M}}/{g}_{\\mathrm{m}}}\\right) }{1 + s{R}_{\\mathrm{L}}{C}_{\\mathrm{L}}} =  - \\frac{{A}_{\\mathrm{v}0}\\left( {1 - s/z}\\right) }{1 + s/p} \\tag{8 - 22}\n$$\n根据零点的相位作用,电路中应避免引入 RHP 零点,但允许接受 LHP 零点。消除 RHP 零点影响的方法主要有两类, 首先是被动方式, 即将 RHP 零点的频率外推到远离信号带宽的高频处, 其相位影响自然减弱到零; 另一种则是更加积极主动的方式, 将 RHP 零点改变性质,使其变为 LHP 零点,可以将不利因素改变为有利因素。\n在图 8-4(c) 所示的结构中,只需在 ${C}_{\\mathrm{M}}$ 电容上再串联一个较大的电阻 $R\\left( {R = 1/{g}_{\\mathrm{m}}}\\right)$ , 就可以控制零电流输出方式。两支路在输出端产生大小相等,方向相反的变化量,形成零点。当 $R = 0$ 时,栅控作用等效于负阻 $- 1/{g}_{\\mathrm{m}}$ ,与电容 ${C}_{\\mathrm{M}}$ 并联谐振形成很高的阻抗,使分压后的输出为 0,因此形成 $- \\left( {-{g}_{\\mathrm{m}}/C}\\right)  = {g}_{\\mathrm{m}}/C$ 的 RHP 零点。当引入电阻 $R$ 后, $R$ 与 $- 1/{g}_{\\mathrm{m}}$ 电阻串联再与电容 ${C}_{\\mathrm{M}}$ 并联谐振形成零点,当 $R \\gg  1/{g}_{\\mathrm{m}}$ 时,形成的零点即可改变为 $\\mathrm{{LHP}}$ 性质。\n同样,在零点条件下,根据前馈电流与栅控电流相同的条件,即 ${g}_{\\mathrm{m}}{V}_{\\mathrm{i}} = {V}_{\\mathrm{i}}/(R +$ $\\left. {1/s{C}_{\\mathrm{M}}}\\right)$ ,由此得到的 LHP 零点位置为\n$$\ns = z = \\frac{{g}_{\\mathrm{m}}}{\\left( {1 - {g}_{\\mathrm{m}}R}\\right) {C}_{\\mathrm{M}}} =  - \\frac{1}{\\left( {R - {g}_{\\mathrm{m}}^{-1}}\\right) {C}_{\\mathrm{M}}} \\approx   - \\frac{1}{R{C}_{\\mathrm{M}}} \\tag{8 - 23}\n$$\n以上分析表明,消除 RHP 零点的方法主要有:\n(1)采用大的串联电阻 $R$ 补偿负阻 $- 1/{g}_{\\mathrm{m}}$ 。\n(2)在电容支路中采用单向的 Cascode(Current/Voltage buffer)传输结构,电流只能由后端反馈到前端,而不能从前端流入后端,从而消除电容引起的前馈通道。此时, Cascode 管的等效输入阻抗为 $1/{g}_{\\mathrm{{mc}}}$ ,此等效阻抗与 Miller 电容 ${C}_{\\mathrm{M}}$ 串联,将输出电压反馈到输入端, 与原始输入信号叠加,使等效输入信号为零,维持输出为零,形成相应的零点。此时,输入输出都为零,相当于电容支路串联谐振,形成 $z =  - {g}_{\\mathrm{{mc}}}/{C}_{\\mathrm{M}}$ 的 LHP 零点。\nMiller 电容等效可以提供 CS 电路达到 GBW 带宽范围下系统频率响应的分析方法。 更高频段的分析需要采用等效电路进行分析,以考虑包含 ${C}_{\\mathrm{{GD}}}$ 在内的 Miller 电容在高频下的影响。当考虑寄生电容效应后,单级放大器由原来的单极点变成双极点,增加一个由寄生电容决定的高频次极点, 由于该高频次极点通常远大于 GBW, 因此对系统稳定性的影响可以忽略,这反过来说明以上 Miller 电容的分析方法可以获得足够精确的结果。\n## 3)零极点的参量化分析\n在以上频率特性的分析中,为分析简便易于理解,采用了频率分段、电容作用独立线性叠加策略。在一阶系统的高频分析中, 需要考虑电容的相互耦合作用。输入极点时间常数 ${\\tau }_{1} = {R}_{\\mathrm{S}}{C}_{\\mathrm{{GS}}}$ 、输出极点时间常数 ${\\tau }_{2} = {R}_{\\mathrm{L}}{C}_{\\mathrm{L}}$ ,则 ${\\tau }^{2} = {\\tau }_{1}{\\tau }_{2} = {R}_{\\mathrm{S}}{R}_{\\mathrm{L}}{C}_{\\mathrm{{GS}}}{C}_{\\mathrm{L}}$ ,考虑 ${C}_{\\mathrm{{GD}}}$ 的耦合作用后, ${s}^{2}$ 项的系数近似为 ${\\tau }^{2} = {R}_{\\mathrm{S}}{R}_{\\mathrm{L}}\\left( {{C}_{\\mathrm{{GS}}}{C}_{\\mathrm{L}} + {C}_{\\mathrm{{GS}}}{C}_{\\mathrm{{GD}}} + {C}_{\\mathrm{{GD}}}{C}_{\\mathrm{L}}}\\right)  = {R}_{\\mathrm{S}}{R}_{\\mathrm{L}}{C}^{2}$ 。由此得到电压驱动单级增益系统的传递函数为\n$$\n{A}_{\\mathrm{v}} = {A}_{\\mathrm{v}0}\\frac{1 - s{g}_{\\mathrm{m}}/{C}_{\\mathrm{{GD}}}}{1 + \\left\\lbrack  {{R}_{\\mathrm{S}}\\left( {{C}_{\\mathrm{{GS}}} + M{C}_{\\mathrm{{GD}}}}\\right)  + {R}_{\\mathrm{L}}{C}_{\\mathrm{L}}}\\right\\rbrack  s + {R}_{\\mathrm{S}}{R}_{\\mathrm{L}}{C}^{2}{s}^{2}} \\tag{8 - 24}\n$$\n式中: ${A}_{\\mathrm{v}0} =  - {g}_{\\mathrm{m}}{R}_{\\mathrm{L}}$ ——低频直流增益;\n${R}_{\\mathrm{L}}$ ——包含输出阻抗在内的等效输出负载；\n$M$ ——Miller 电容倍增因子。\n在 ${C}^{2}$ 中的 3 项为三类电容的两两乘积,通常条件下 ${C}_{\\mathrm{{GS}}}$ 和 ${C}_{\\mathrm{{GD}}}$ 为低值寄生电容,导致 ${s}^{2}$ 系数为小项, 将高频次极点推向高频段。此外, 电流驱动模式下的低输入和输出阻抗, 同样有利于次极点向高频段推移。在 Miller 补偿状态下的次极点为\n$$\n{p}_{2} = \\frac{1}{{\\tau }^{2}{p}_{1}} \\approx  \\frac{{R}_{\\mathrm{S}}M{C}_{\\mathrm{M}}}{{R}_{\\mathrm{S}}{R}_{\\mathrm{L}}{C}_{\\mathrm{L}}\\left( {{C}_{\\mathrm{{GS}}} + {C}_{\\mathrm{M}}}\\right) } \\approx  \\frac{{g}_{\\mathrm{m}}{R}_{\\mathrm{L}}}{{R}_{\\mathrm{L}}{C}_{\\mathrm{L}}}\\frac{{C}_{\\mathrm{M}}}{{C}_{\\mathrm{{GS}}} + {C}_{\\mathrm{M}}} \\approx  \\frac{{g}_{\\mathrm{m}}}{{C}_{\\mathrm{L}}} \\tag{8 - 25}\n$$\n高频极点的计算结果与式 (8-21) 的近似模型结果相同。现重点考察极点随 ${g}_{\\mathrm{m}}$ 和电容参量的变化规律,根据式(8 - 24)或(8 - 3),在下式中\n$$\n\\frac{1}{{p}_{1}} = \\left( {{R}_{\\mathrm{S}}{C}_{\\mathrm{{GS}}} + {R}_{\\mathrm{L}}{C}_{\\mathrm{L}}}\\right) \\left\\lbrack  {1 + \\frac{\\left( {{R}_{\\mathrm{S}} + {R}_{\\mathrm{L}} + {g}_{\\mathrm{m}}{R}_{\\mathrm{S}}{R}_{\\mathrm{L}}}\\right) {C}_{\\mathrm{M}}}{{R}_{\\mathrm{S}}{C}_{\\mathrm{{GS}}} + {R}_{\\mathrm{L}}{C}_{\\mathrm{L}}}}\\right\\rbrack\n$$\n$$\n\\approx  \\left( {{R}_{\\mathrm{S}}{C}_{\\mathrm{{GS}}} + {R}_{\\mathrm{L}}{C}_{\\mathrm{L}}}\\right) \\left( {1 + \\frac{{g}_{\\mathrm{m}}{R}_{\\mathrm{S}}{R}_{\\mathrm{L}}{C}_{\\mathrm{M}}}{{R}_{\\mathrm{S}}{C}_{\\mathrm{{GS}}} + {R}_{\\mathrm{L}}{C}_{\\mathrm{L}}}}\\right)  = \\frac{1}{{p}_{\\mathrm{d}0}}\\left( {1 + \\frac{{g}_{\\mathrm{m}}}{{g}_{\\mathrm{{mr}}}}}\\right)  \\tag{8 - 26}\n$$\n式中: ${p}_{\\mathrm{d}0} \\rightarrow  {g}_{\\mathrm{m}} \\rightarrow  0$ 时的主极点频率,由独立的输入和输出 $\\mathrm{{RC}}$ 时间常数决定,即\n$$\n{p}_{\\mathrm{d}0} = \\frac{1}{{R}_{\\mathrm{S}}{C}_{\\mathrm{{GS}}} + {R}_{\\mathrm{L}}{C}_{\\mathrm{L}}} \\tag{8 - 27}\n$$\n${g}_{\\mathrm{{mr}}}$ 为某一参考跨导值,为\n$$\n{g}_{\\mathrm{{mr}}} = \\frac{{R}_{\\mathrm{S}}{C}_{\\mathrm{{GS}}} + {R}_{\\mathrm{L}}{C}_{\\mathrm{L}}}{{R}_{\\mathrm{L}}{R}_{\\mathrm{S}}{C}_{\\mathrm{M}}} = \\frac{1}{{R}_{\\mathrm{L}}}\\frac{{C}_{\\mathrm{{GS}}}}{{C}_{\\mathrm{M}}} + \\frac{1}{{R}_{\\mathrm{S}}}\\frac{{C}_{\\mathrm{L}}}{{C}_{\\mathrm{M}}} \\approx  \\frac{1}{{R}_{\\mathrm{S}}}\\frac{{C}_{\\mathrm{L}}}{{C}_{\\mathrm{M}}} \\tag{8 - 28}\n$$\n则与 ${g}_{\\mathrm{m}}$ 和 ${C}_{\\mathrm{M}}$ 相关的主极点为\n$$\n{p}_{\\mathrm{d}} = {p}_{1} = {p}_{\\mathrm{d}0}\\frac{1}{1 + {g}_{\\mathrm{m}}/{g}_{\\mathrm{{mr}}}} \\tag{8 - 29}\n$$\n对应地,高频次极点与 ${g}_{\\mathrm{m}}$ 和 ${C}_{\\mathrm{M}}$ 参数的关系为\n$$\n{p}_{\\mathrm{{nd}}} = \\frac{1}{{\\tau }^{2}{p}_{\\mathrm{d}}} = \\frac{1}{{\\tau }^{2}{p}_{\\mathrm{d}0}}\\left( {1 + \\frac{{g}_{\\mathrm{m}}}{{g}_{\\mathrm{{mr}}}}}\\right)  = {p}_{\\mathrm{{nd}}0}\\left( {1 + \\frac{{g}_{\\mathrm{m}}}{{g}_{\\mathrm{{mr}}}}}\\right)  = \\frac{{R}_{\\mathrm{S}}{C}_{\\mathrm{{GS}}} + {R}_{\\mathrm{L}}{C}_{\\mathrm{L}}}{{R}_{\\mathrm{S}}{R}_{\\mathrm{L}}{C}^{2}}\\left( {1 + \\frac{{g}_{\\mathrm{m}}}{{g}_{\\mathrm{{mr}}}}}\\right)\n$$\n(8 - 30)\n显然,当 ${g}_{\\mathrm{m}} \\rightarrow  0$ 时, ${p}_{\\mathrm{d}} = {p}_{\\mathrm{d}0}$ 最大, ${p}_{\\mathrm{{nd}}} = {p}_{\\mathrm{{nd}}0}$ 最小。此时虽然 ${p}_{\\mathrm{{nd}}0} > {p}_{\\mathrm{d}0}$ ,但两者十分接近,甚至于进入 ${p}_{\\mathrm{n}\\mathrm{d}0} < {p}_{\\mathrm{d}0}$ 的状态。此时需通过提高 ${g}_{\\mathrm{m}}$ 以增加高频极点 ${p}_{\\mathrm{{nd}}}$ 、降低主极点 ${p}_{\\mathrm{d}}$ 实现主次极点的分离,其代价为增加电路功耗和 $W/L$ 。当 ${g}_{\\mathrm{m}} \\gg  {g}_{\\mathrm{{mr}}}$ 后,则 ${p}_{\\mathrm{d}}$ 和 ${p}_{\\mathrm{{nd}}}$ 退化为以上基本模型给出的极点表达式。\n类似地,以 Miller 电容 ${C}_{\\mathrm{M}}$ 为参变量,则主极点可表示为\n$$\n{p}_{\\mathrm{d}} = {p}_{\\mathrm{d}0}\\frac{1}{1 + {C}_{\\mathrm{M}}M{R}_{\\mathrm{S}}{p}_{\\mathrm{d}0}} = {p}_{\\mathrm{d}0}\\frac{1}{1 + {C}_{\\mathrm{M}}/{C}_{\\mathrm{{Mt}}}} \\tag{8 - 31}\n$$\n式中,参考电容 ${\\mathrm{C}}_{\\mathrm{{Mt}}}$ 为\n$$\n{C}_{\\mathrm{{Mt}}} = \\frac{1}{M{R}_{\\mathrm{S}}{p}_{\\mathrm{d}0}} = \\frac{1}{{g}_{\\mathrm{m}}{R}_{\\mathrm{L}}{R}_{\\mathrm{S}}}\\left( {{R}_{\\mathrm{S}}{C}_{\\mathrm{{GS}}} + {R}_{\\mathrm{L}}{C}_{\\mathrm{L}}}\\right)  = \\frac{{C}_{\\mathrm{{GS}}}}{{g}_{\\mathrm{m}}{R}_{\\mathrm{L}}} + \\frac{{C}_{\\mathrm{L}}}{{g}_{\\mathrm{m}}{R}_{\\mathrm{S}}} \\approx  \\frac{{C}_{\\mathrm{L}}}{{g}_{\\mathrm{m}}{R}_{\\mathrm{S}}} \\tag{8 - 32}\n$$\n由于 ${C}_{\\mathrm{M}}$ 为包含 ${C}_{\\mathrm{{GD}}}$ 寄生电容在内的 Miller 电容,当未采用 Miller 电容补偿时, ${C}_{\\mathrm{M},\\min } =$ ${C}_{\\mathrm{{GD}}}$ ,此时对应最大主极点。随着 ${C}_{\\mathrm{M}}$ 的增大,当 ${C}_{\\mathrm{M}} \\gg  {C}_{\\mathrm{{Mt}}}$ 时, ${p}_{\\mathrm{d}}$ 随 ${C}_{\\mathrm{M}}$ 而线性降低。\n根据以下关系\n$$\n{C}^{2} = {C}_{\\mathrm{{GS}}}{C}_{\\mathrm{L}}\\left( {1 + \\frac{{C}_{\\mathrm{{GS}}}{C}_{\\mathrm{M}} + {C}_{\\mathrm{L}}{C}_{\\mathrm{M}}}{{C}_{\\mathrm{{GS}}}{C}_{\\mathrm{L}}}}\\right)  = {C}_{\\mathrm{{GS}}}{C}_{\\mathrm{L}}\\left\\lbrack  {1 + \\frac{{C}_{\\mathrm{M}}}{{C}_{\\mathrm{{GS}}}{C}_{\\mathrm{L}}/\\left( {{C}_{\\mathrm{{GS}}} + {C}_{\\mathrm{L}}}\\right) }}\\right\\rbrack   \\tag{8 - 33}\n$$\n定义参考电容 ${C}_{\\mathrm{{Mu}}}$ 为\n$$\n{C}_{\\mathrm{{Mu}}} = \\frac{{C}_{\\mathrm{{GS}}}{C}_{\\mathrm{L}}}{{C}_{\\mathrm{{GS}}} + {C}_{\\mathrm{L}}} = {C}_{\\mathrm{{GS}}}//{C}_{\\mathrm{L}} \\approx  {C}_{\\mathrm{{GS}}} \\tag{8 - 34}\n$$\n次极点频率与 ${C}_{\\mathrm{M}}$ 的关系为\n$$\n{p}_{\\mathrm{{nd}}} = \\frac{{R}_{\\mathrm{S}}{C}_{\\mathrm{{GS}}} + {R}_{\\mathrm{L}}{C}_{\\mathrm{L}}}{{R}_{\\mathrm{S}}{R}_{\\mathrm{L}}{C}^{2}}\\left( {1 + \\frac{{C}_{\\mathrm{M}}}{{C}_{\\mathrm{{Mt}}}}}\\right)  = \\frac{{R}_{\\mathrm{S}}{C}_{\\mathrm{{GS}}} + {R}_{\\mathrm{L}}{C}_{\\mathrm{L}}}{{R}_{\\mathrm{S}}{C}_{\\mathrm{{GS}}}{R}_{\\mathrm{L}}{C}_{\\mathrm{L}}}\\frac{1 + {C}_{\\mathrm{M}}/{C}_{\\mathrm{{Mt}}}}{1 + {C}_{\\mathrm{M}}/{C}_{\\mathrm{{Mu}}}} \\tag{8 - 35}\n$$\n最终,高频次极点为\n$$\n{p}_{\\mathrm{{nd}}} = \\left( {\\frac{1}{{R}_{\\mathrm{S}}{C}_{\\mathrm{{GS}}}} + \\frac{1}{{R}_{\\mathrm{L}}{C}_{\\mathrm{L}}}}\\right) \\frac{1 + {C}_{\\mathrm{M}}/{C}_{\\mathrm{{Mt}}}}{1 + {C}_{\\mathrm{M}}/{C}_{\\mathrm{{Mu}}}} = \\left( {{p}_{\\mathrm{{in}}} + {p}_{\\mathrm{{out}}}}\\right) \\frac{1 + {C}_{\\mathrm{M}}/{C}_{\\mathrm{{Mt}}}}{1 + {C}_{\\mathrm{M}}/{C}_{\\mathrm{{Mu}}}} \\tag{8 - 36}\n$$\n同样,当 ${C}_{\\mathrm{M}} = {C}_{\\mathrm{M}\\min } = {C}_{\\mathrm{{GD}}}$ 时, ${p}_{\\mathrm{{nd}}} \\approx  \\left( {{p}_{\\mathrm{{in}}} + {p}_{\\mathrm{{out}}}}\\right)$ ,当 ${C}_{\\mathrm{M}} \\gg  {C}_{\\mathrm{{Mt}}},{C}_{\\mathrm{M}} \\gg  {C}_{\\mathrm{{Mu}}}$ 时, ${p}_{\\mathrm{{nd}}} =$ $\\left( {{p}_{\\mathrm{{in}}} + {p}_{\\mathrm{{out}}}}\\right) {C}_{\\mathrm{{GS}}/}{C}_{\\mathrm{{Mt}}}$ 。此外,零点频率随 ${g}_{\\mathrm{m}}$ 增大而线性增加、随 ${C}_{\\mathrm{M}}$ 减小而线性增大。根据以上分析结果,给出主次极点和零点随 ${g}_{\\mathrm{m}}$ 和 ${C}_{\\mathrm{M}}$ 的变化情况分别如图 8-7(a),8-7(b) 所示。\n![0196aaa2-bbe2-70ee-823d-d4abf5c67805_223_326_1234_898_405_0.jpg](images/0196aaa2-bbe2-70ee-823d-d4abf5c67805_223_326_1234_898_405_0.jpg)\n图 8-7 主次极点、RHP 零点与 ${g}_{\\mathrm{m}}$ 和 ${C}_{\\mathrm{M}}$ 的关系\n同样,按照类似的分析方法,可以计算增益的幅频特性分别随 ${g}_{\\mathrm{m}}$ 及 ${C}_{\\mathrm{M}}$ 的变化关系。\n以上单级 $\\mathrm{{CS}}$ 电压增益频率特性的相关设计及结论完全适用于 $\\mathrm{{CS}}$ 差分放大电路中差模信号频率特性的分析。对于共模信号,高频下尾电流的等效输出阻抗下降,导致差分输入级的共模增益随频率提高而增加, 加上差模增益随频率的衰减特性, 电路的共模抑制比 CMRR 相对差模 ${A}_{\\mathrm{v}}$ 的频率特性衰减更快,带宽更窄。\n#### 8.3.2 CD 电压跟随器频响特性\n## 1)中低频特性\n低频下,可忽略输入电容、耦合寄生电容的作用,仅考虑输出负载电容的影响,构成单极点系统。正是由于高阻恒流作用并在没有衬偏调制效应的前提下,放大管保持恒定的 ${V}_{\\mathrm{{GS}}}$ 驱动电压,使输出跟随输入变化。设负载管与放大管两恒流高阻的并联输出阻抗为 ${r}_{0}$ ,同时驱动负载电容 ${C}_{\\mathrm{L}}$ ,则 $\\mathrm{{CD}}$ 跟随器的电压传递函数为\n$$\nA\\left( s\\right)  = \\frac{{g}_{\\mathrm{m}}{V}_{\\mathrm{{GS}}}\\left\\lbrack  {{r}_{\\mathrm{o}}//\\left( {1/s{C}_{\\mathrm{L}}}\\right) }\\right\\rbrack  }{{V}_{\\mathrm{{GS}}} + {g}_{\\mathrm{m}}{V}_{\\mathrm{{GS}}}\\left\\lbrack  {{r}_{\\mathrm{o}}//\\left( {1/s{C}_{\\mathrm{L}}}\\right) }\\right\\rbrack  }\n$$\n$$\n\\approx  \\frac{1}{{g}_{\\mathrm{m}}^{-1}\\left( {{r}_{\\mathrm{o}}^{-1} + s{C}_{\\mathrm{L}}}\\right)  + 1} = \\frac{{g}_{\\mathrm{m}}{r}_{\\mathrm{o}}}{1 + {g}_{\\mathrm{m}}{r}_{\\mathrm{o}} + s{r}_{\\mathrm{o}}{C}_{\\mathrm{L}}} \\tag{8 - 37}\n$$\n经整理, 得到\n$$\nA\\left( s\\right)  = \\frac{{g}_{\\mathrm{m}}{r}_{\\mathrm{o}}}{1 + {g}_{\\mathrm{m}}{r}_{\\mathrm{o}}}\\frac{1}{1 + s{r}_{\\mathrm{o}}{C}_{\\mathrm{L}}/\\left( {1 + {g}_{\\mathrm{m}}{r}_{\\mathrm{o}}}\\right) }\n$$\n$$\n= {A}_{0}\\frac{1}{1 + s{C}_{L}{A}_{0}/{g}_{\\mathrm{m}}} = {A}_{0}\\frac{1}{1 + s/p} \\tag{8 - 38}\n$$\n式中, ${A}_{0}$ 为跟随器在低频直流下的增益值,可表示为\n$$\n{A}_{0} = \\frac{{g}_{\\mathrm{m}}{r}_{\\mathrm{o}}}{1 + {g}_{\\mathrm{m}}{r}_{\\mathrm{o}}} = {g}_{\\mathrm{m}}\\frac{1}{{r}_{\\mathrm{o}}^{-1} + {g}_{\\mathrm{m}}} = {g}_{\\mathrm{m}}\\left( {{r}_{\\mathrm{o}}//{g}_{\\mathrm{m}}^{-1}}\\right)  = \\frac{\\left( {r}_{\\mathrm{o}}//{g}_{\\mathrm{m}}^{-1}\\right) }{{g}_{\\mathrm{m}}^{-1}} \\tag{8 - 39}\n$$\n在空载 ${R}_{\\mathrm{L}}$ 下,由于 ${r}_{\\mathrm{o}} \\gg  1/{g}_{\\mathrm{m}}$ ,近似有 ${A}_{0} \\approx  1$ 。电压跟随器在直流低频下的输出阻抗近似保持为 $\\left( {1/{g}_{\\mathrm{m}}//{r}_{\\mathrm{o}}}\\right)  = 1/{g}_{\\mathrm{m}}$ 的低阻特性。当 $\\mathrm{{CD}}$ 驱动负载 ${R}_{\\mathrm{L}}$ 后, ${A}_{0}$ 下降为\n$$\n{A}_{0} = \\frac{\\left( {r}_{0}//{R}_{\\mathrm{L}}//{g}_{\\mathrm{m}}^{-1}\\right) }{{g}_{\\mathrm{m}}^{-1}} \\approx  \\frac{\\left( {R}_{\\mathrm{L}}//{g}_{\\mathrm{m}}^{-1}\\right) }{{g}_{\\mathrm{m}}^{-1}} \\tag{8 - 40}\n$$\n当 ${R}_{\\mathrm{L}} = {10}/{g}_{\\mathrm{m}}$ 时, ${A}_{0} = {10}/{11} = {0.91}$ ,当 ${R}_{\\mathrm{L}} = 1/{g}_{\\mathrm{m}}$ 时, ${A}_{0} = 1/2$ 。对于满足一定电压跟随效果的 ${A}_{0}$ ,电压跟随器具有接近 ${R}_{\\mathrm{L}} = {10}/{g}_{\\mathrm{m}}$ 的负载电阻驱动能力。提高静态偏置电流或 $W/L$ 以增加跨导 ${g}_{\\mathrm{m}}$ ,有利于提高低频直流下 $\\mathrm{{CD}}$ 的负载驱动能力。\n负载恒流特性对电压跟随器的性能产生重要影响。一方面,放大管衬底电压的变化引起其输出电流的变化,其电流调制能力用背栅跨导 ${g}_{\\mathrm{{mb}}}$ 表示,等效于 ${g}_{\\mathrm{{mb}}}{V}_{\\mathrm{o}}$ 的电流流入 ${V}_{\\mathrm{{DD}}}$ 端,即交流流入 $\\mathrm{{GND}}$ 。这相当于在电压跟随器的输出端并联了一个 $r = {V}_{\\mathrm{o}}/\\left( {{g}_{\\mathrm{{mb}}}{V}_{\\mathrm{o}}}\\right)  =$ $1/{g}_{\\mathrm{{mb}}}$ 的阻抗,因此总跨导为 ${g}_{\\mathrm{{mT}}} = {g}_{\\mathrm{m}}\\left( {1 + {g}_{\\mathrm{{mb}}}/{g}_{\\mathrm{m}}}\\right)  = {g}_{\\mathrm{m}}\\left( {1 + \\alpha }\\right)$ 。则低频下的电压跟随传递函数变为 ${A}_{0} = \\left( {{r}_{0}//{R}_{\\mathrm{L}}//{g}_{\\mathrm{{mT}}}{}^{-1}}\\right) /{g}_{\\mathrm{{mT}}}{}^{-1}$ 。\n虽然由于总跨导 ${g}_{\\mathrm{{mT}}}$ 的增加导致了小信号跟随能力的提高,但跟随器漏端输出电压改变引起的衬底偏置效应会引起 ${V}_{\\mathrm{{TN}}}$ 变化,从而导致电压跟随的非线性失真。跟随器输出的非线性关系为\n$$\n{V}_{\\mathrm{i}} - {V}_{\\mathrm{o}} = {V}_{\\mathrm{T}0} + \\gamma \\left( {\\sqrt{2{\\phi }_{\\mathrm{f}} + {V}_{\\mathrm{o}}} - \\sqrt{2{\\phi }_{\\mathrm{f}}}}\\right)  + \\sqrt{2{I}_{0}/{k}_{\\mathrm{n}}} \\tag{8 - 41}\n$$\n当放大管 $W/L$ 很小时,过驱动电压增大,因此电平移位的大小可由 $W/L$ 控制。为消除 NMOS 的衬偏效应,同时降低与器件 $W/L$ 的关系,可采用 NPN 或 PNP 放大管的 CD 电压跟随器,这对提高电压跟随器的线性特性非常有效。\n对于电压跟随器, 在输出端负载电阻及电容与放大管和负载恒流管的输出阻抗为并联关系,总的输出阻抗为 ${R}_{\\mathrm{O}} = {\\left( {g}_{\\mathrm{{mT}}} + {g}_{\\mathrm{o}1} + {g}_{\\mathrm{o}2} + 1/{R}_{\\mathrm{L}}\\right) }^{-1}$ ,因此在单极点近似条件下, $p =$ $1/{R}_{\\mathrm{O}}{C}_{\\mathrm{L}}$ 即为电压跟随器的主极点频率。\n## 2)高频特性\n共漏 $\\mathrm{{CD}}$ 电压跟随器的高频等效电路如图 8-8 所示,其中输出接恒流负载管。 $\\mathrm{{CD}}$ 跟随器通常用于多级增益的输出级以实现负载驱动, 或用于多级增益的内部以实现阻抗隔离或电平移位。因此, $\\mathrm{{CD}}$ 的激励信号既可以为电压源、也可以是电流源。\n高频下 CD 跟随器对电容负载的驱动能力,限制了输出极点频率,在 ${A}_{0} \\approx  1$ 的条件下, 电压跟随器的主极点近似为\n$$\np = \\frac{1}{{R}_{0}\\left( {{C}_{\\mathrm{L}} + {C}_{\\mathrm{{GS}}1}}\\right) } \\approx  \\frac{{g}_{\\mathrm{m}} + {g}_{\\mathrm{{mb}}} + {g}_{\\mathrm{{ds}}1} + {g}_{\\mathrm{{ds}}2} + {G}_{\\mathrm{L}}}{{C}_{\\mathrm{L}}} \\approx  \\frac{{g}_{\\mathrm{m}} + {G}_{\\mathrm{L}}}{{C}_{\\mathrm{L}}} \\tag{8 - 42}\n$$\n![0196aaa2-bbe2-70ee-823d-d4abf5c67805_225_234_677_1076_542_0.jpg](images/0196aaa2-bbe2-70ee-823d-d4abf5c67805_225_234_677_1076_542_0.jpg)\n图 8-8 CD 电路结构及其高频等效模型\n在低频特定的负载下, ${g}_{\\mathrm{m}}$ 增加使 ${A}_{0}$ 提高,极点频率相应提高,而 ${C}_{\\mathrm{L}}$ 负载电容在高频率下容抗衰减使等效负载下降,并显著影响高频下的驱动能力。因此,若 ${A}_{0}$ 的跟随性能要求降低,则可驱动更重的负载 ${G}_{\\mathrm{L}}$ ,等效于高频下可以驱动更大的负载电容。然而,这种以牺牲低频跟随特性 ${A}_{0}$ 为代价的设计方法,虽然换取了 $\\mathrm{{CD}}$ 频率响应特性的改善,但缺乏实际的应用价值。\n${C}_{\\mathrm{{GS}}}$ 的前馈网络还将产生零点, $\\mathrm{{CD}}$ 电路中输出电流为电容电流与 $\\mathrm{{MOS}}$ 管电流同相相加性质, 与 CS 中 Miller 电容结构中输出电流反相相加的性质正好相反。由输出电流为零且输出电压同样为零的条件,得到 $\\left( {{V}_{\\mathrm{i}} - 0}\\right) s{C}_{\\mathrm{{GS}}} + {g}_{\\mathrm{m}}\\left( {{V}_{\\mathrm{i}} - 0}\\right)  = 0$ 。\n由此解出形成的 LHP 零点频率为 $z = {g}_{\\mathrm{m}}/{C}_{\\mathrm{{GS}}}$ ,该零点频率就是 MOS 管的极限工作频率,即截止频率,由于 ${C}_{\\mathrm{L}} \\gg  {C}_{\\mathrm{{GS}}}$ 导致 $z \\gg  p$ ,该零点频率对电路性能的影响可忽略。\n根据 $\\mathrm{{CD}}$ 等效电路,并与 $\\mathrm{{CS}}$ 相对照, $\\mathrm{{CD}}$ 中的负载 $1/{g}_{\\mathrm{m}}$ 等效于 $\\mathrm{{CS}}$ 中的负载 ${R}_{\\mathrm{L}}$ ,采用 $\\mathrm{{RC}}$ 开路时间常数和短路时间常数近似方法,计算得到与 $\\mathrm{{CS}}$ 相类似的主次极点约束条件为\n$$\n\\left. \\begin{array}{l} \\frac{1}{{p}_{1}} = \\left( {1 + \\frac{{R}_{\\mathrm{S}}}{{r}_{\\mathrm{{ds}}}}}\\right) \\frac{{C}_{\\mathrm{{GS}}}}{{g}_{\\mathrm{m}}} + \\frac{{C}_{\\mathrm{L}}}{{g}_{\\mathrm{m}}} + {R}_{\\mathrm{S}}{C}_{\\mathrm{{GD}}} \\\\  \\frac{1}{{p}_{1}{p}_{2}} = {R}_{\\mathrm{S}}\\frac{1}{{g}_{\\mathrm{m}}}{C}^{2} \\end{array}\\right\\}   \\tag{8 - 43}\n$$\n式中: ${\\mathrm{C}}^{2} = {C}_{\\mathrm{{GS}}}\\left( {{C}_{\\mathrm{L}} + {C}_{\\mathrm{{GD}}}}\\right)  \\approx  {C}_{\\mathrm{{GS}}}{C}_{\\mathrm{L}}$ 。 $\\mathrm{{CD}}$ 电压跟随器完整的传递函数为\n$$\n{A}_{\\mathrm{v}} = {A}_{\\mathrm{v}0}\\frac{1 + s{C}_{\\mathrm{{GS}}}/{g}_{\\mathrm{m}}}{1 + \\left\\lbrack  {\\left( {1 + \\frac{{R}_{\\mathrm{S}}}{{r}_{\\mathrm{{ds}}}}}\\right) \\frac{{C}_{\\mathrm{{GS}}}}{{g}_{\\mathrm{m}}} + \\frac{{C}_{\\mathrm{L}}}{{g}_{\\mathrm{m}}} + {R}_{\\mathrm{S}}{C}_{\\mathrm{{GD}}}}\\right\\rbrack  s + \\frac{{R}_{\\mathrm{S}}}{{g}_{\\mathrm{m}}}{C}_{\\mathrm{{GS}}}{C}_{\\mathrm{L}}{s}^{2}} \\tag{8 - 44}\n$$\n采用参量分析方法,分别考察主次极点与 ${g}_{\\mathrm{m}}$ 、各电容 $C$ 等参量的变化关系,其中主极点可表示为\n$$\n\\frac{1}{{p}_{\\mathrm{d}}} = \\frac{1}{{g}_{\\mathrm{m}}}\\left( {{C}_{\\mathrm{{GS}}} + {C}_{\\mathrm{L}}}\\right) \\left\\lbrack  {1 + \\frac{{R}_{\\mathrm{S}}\\left( {{C}_{\\mathrm{{GD}}} + {C}_{\\mathrm{{GS}}}/{g}_{\\mathrm{m}}{r}_{\\mathrm{{ds}}}}\\right) }{\\left( {{C}_{\\mathrm{{GS}}} + {C}_{\\mathrm{L}}}\\right) /{g}_{\\mathrm{m}}}}\\right\\rbrack   \\approx  \\frac{1}{{p}_{\\mathrm{d}0}}\\left\\lbrack  {1 + \\frac{{g}_{\\mathrm{m}}{R}_{\\mathrm{S}}{C}_{\\mathrm{{GD}}}}{\\left( {C}_{\\mathrm{{GS}}} + {C}_{\\mathrm{L}}\\right) }}\\right\\rbrack   \\tag{8 - 45}\n$$\n整理后得\n$$\n{p}_{\\mathrm{d}} = \\frac{{g}_{\\mathrm{m}}}{{C}_{\\mathrm{{GS}}} + {C}_{\\mathrm{L}}}\\frac{1}{1 + \\frac{{g}_{\\mathrm{m}}}{\\left( {{C}_{\\mathrm{{GS}}} + {C}_{\\mathrm{L}}}\\right) /\\left( {{R}_{\\mathrm{S}}{C}_{\\mathrm{{GD}}}}\\right) }} = {p}_{\\mathrm{d}0}\\frac{1}{1 + \\frac{{g}_{\\mathrm{m}}}{{g}_{\\mathrm{{mr}}}}} \\tag{8 - 46}\n$$\n式中 ${g}_{\\mathrm{{mr}}}$ 为参考跨导因子, ${g}_{\\mathrm{{mr}}} = \\left( {{C}_{\\mathrm{{GS}}} + {C}_{\\mathrm{L}}}\\right) /\\left( {{R}_{\\mathrm{S}}{C}_{\\mathrm{{GD}}}}\\right)$ 。\n当 ${g}_{\\mathrm{m}} \\ll  {g}_{\\mathrm{{mr}}}$ 时, ${p}_{\\mathrm{d}} = {p}_{\\mathrm{d}0}$ 并随 ${g}_{\\mathrm{m}}$ 的增加而线性增加,当 ${g}_{\\mathrm{m}} \\gg  {g}_{\\mathrm{{mr}}}$ 后, ${p}_{\\mathrm{d}}$ 近似保持常数性质不变, 即\n$$\n{p}_{\\mathrm{d}} \\approx  {p}_{\\mathrm{d}0}\\frac{{g}_{\\mathrm{{mr}}}}{{g}_{\\mathrm{m}}} = \\frac{1}{{C}_{\\mathrm{{GS}}} + {C}_{\\mathrm{L}}}\\frac{{C}_{\\mathrm{{GS}}} + {C}_{\\mathrm{L}}}{{R}_{\\mathrm{S}}{C}_{\\mathrm{{GD}}}} = \\frac{1}{{R}_{\\mathrm{S}}{C}_{\\mathrm{{GD}}}} = {p}_{\\text{in }} \\tag{8 - 47}\n$$\n类似地,高频次极点为\n$$\n{p}_{\\mathrm{{nd}}} = \\frac{1}{{\\tau }^{2}{p}_{\\mathrm{d}0}}\\left( {1 + \\frac{{g}_{\\mathrm{m}}}{{g}_{\\mathrm{{mr}}}}}\\right)  = \\frac{1}{\\left( {{R}_{\\mathrm{S}}/{g}_{\\mathrm{m}}}\\right) {C}^{2}}\\frac{{C}_{\\mathrm{{GS}}} + {C}_{\\mathrm{L}}}{{g}_{\\mathrm{m}}}\\left( {1 + \\frac{{g}_{\\mathrm{m}}}{{g}_{\\mathrm{{mr}}}}}\\right)  \\tag{8 - 48}\n$$\n整理后, 得到\n$$\n{p}_{\\mathrm{{nd}}} = \\frac{{C}_{\\mathrm{{GS}}} + {C}_{\\mathrm{L}}}{{R}_{\\mathrm{S}}{C}^{2}}\\left( {1 + \\frac{{g}_{\\mathrm{m}}}{{g}_{\\mathrm{{mr}}}}}\\right)  = {p}_{\\mathrm{{nd0}}}\\left( {1 + \\frac{{g}_{\\mathrm{m}}}{{g}_{\\mathrm{{mr}}}}}\\right)  \\approx  \\frac{1}{{R}_{\\mathrm{S}}{C}_{\\mathrm{{GS}}}}\\left( {1 + \\frac{{g}_{\\mathrm{m}}}{{g}_{\\mathrm{{mr}}}}}\\right)  \\tag{8 - 49}\n$$\n与 $\\mathrm{{CS}}$ 中高频次极点的变化规律相类似,当 ${g}_{\\mathrm{m}} \\rightarrow  0$ 时次极点保持为 ${p}_{\\mathrm{n}\\partial 0}$ ,并与 ${g}_{\\mathrm{m}}$ 无关; 而当 ${g}_{\\mathrm{m}} \\gg  {g}_{\\mathrm{{mr}}}$ 后, ${p}_{\\mathrm{{nd}}}$ 近似正比 ${g}_{\\mathrm{m}}$ 的增加而增加,即\n$$\n{p}_{\\mathrm{{nd}}} \\approx  {p}_{\\mathrm{{nd}}0}\\frac{{g}_{\\mathrm{m}}}{{g}_{\\mathrm{{mr}}}} = \\frac{{g}_{\\mathrm{m}}}{{C}^{2}/{C}_{\\mathrm{{GD}}}} \\tag{8 - 50}\n$$\n根据 ${p}_{\\mathrm{d}}$ 和 ${p}_{\\mathrm{{nd}}}$ 随 ${g}_{\\mathrm{m}}$ 的变化关系,可得到图 8-9 所示结果。\n![0196aaa2-bbe2-70ee-823d-d4abf5c67805_226_1013_1613_419_403_0.jpg](images/0196aaa2-bbe2-70ee-823d-d4abf5c67805_226_1013_1613_419_403_0.jpg)\n图 8-9 CD 电压跟随器主次极点与 LHP 零点随 ${g}_{\\mathrm{m}}$ 的变化关系\n图中 ${g}_{\\mathrm{{mu}}}$ 下零点可抵消次极点,即 ${g}_{\\mathrm{{mu}}}/{C}_{\\mathrm{{GS}}} \\approx$ $1/\\left( {{R}_{\\mathrm{S}}{C}_{\\mathrm{{GS}}}}\\right)$ ,得到 ${g}_{\\mathrm{{mu}}} \\approx  1/{R}_{\\mathrm{S}}$ 。 ${g}_{\\mathrm{{mb}}}$ 和 ${g}_{\\mathrm{{mt}}}$ 对应于主次极点性质临界转折的跨导参数。与 CS 结构不同, CD 中主次极点与 ${g}_{\\mathrm{m}}$ 的不同关系决定了两者存在 ${g}_{\\mathrm{{mb}}}$ 和 ${g}_{\\mathrm{{mt}}}$ 两个跨导交点, 由 ${p}_{\\mathrm{d}} = {p}_{\\mathrm{{nd}}}$ 解出\n$$\n\\frac{{g}_{\\mathrm{{mt}}}}{{g}_{\\mathrm{{mb}}}} \\approx  {\\left\\lbrack  \\frac{{C}^{2}}{\\left( {{C}_{\\mathrm{L}} + {C}_{\\mathrm{{GS}}}}\\right) {C}_{\\mathrm{{GD}}}}\\right\\rbrack  }^{2}\n$$\n$$\n= {\\left( 1 + \\frac{{C}_{\\mathrm{L}}{C}_{\\mathrm{{GS}}}}{{C}_{\\mathrm{L}} + {C}_{\\mathrm{{GS}}}}\\frac{1}{{C}_{\\mathrm{{GD}}}}\\right) }^{2} \\approx  {\\left( 1 + \\frac{{C}_{\\mathrm{{GS}}}}{{C}_{\\mathrm{{GD}}}}\\right) }^{2} \\tag{8 - 51}\n$$\n- 显然 ${g}_{\\mathrm{{mt}}} > {g}_{\\mathrm{{mb}}}$ ,且 ${g}_{\\mathrm{{mr}}}$ 包含在此范围内。在此 $\\left( {{g}_{\\mathrm{{mb}}} \\sim  {g}_{\\mathrm{{mt}}}}\\right)$ 范围内,由于 ${f}_{\\mathrm{{nd}}} < {f}_{\\mathrm{d}}$ ,这与初始计算时主次极点假设的前提条件相矛盾,因此,两个极点在 ${g}_{\\mathrm{{mb}}}$ 处重合,并随着 ${g}_{\\mathrm{m}}$ 的增大而变成一对共轭复极点,当增大到 ${\\mathrm{g}}_{\\mathrm{{mt}}}$ 处又还原成一个新的重合实极点。继续增加 ${\\mathrm{g}}_{\\mathrm{m}}$ 则导致主次极点的再次分离,并保持原有主次极点的性质关系不变。由于 $\\left( {{g}_{\\mathrm{{mb}}} \\sim  {g}_{\\mathrm{{mt}}}}\\right)$ 范围内共轭复极点形成输出过冲,并且在 ${g}_{\\mathrm{{mr}}}$ 处产生最大过冲,因此电压跟随器跨导 ${g}_{\\mathrm{m}}$ 的设计应远离 ${g}_{\\mathrm{{mr}}}$ 的位置。当 ${g}_{\\mathrm{m}} \\ll  {g}_{\\mathrm{{mr}}}$ 时带宽过小,但零点可用于抵消 ${f}_{\\mathrm{n}\\mathrm{d}0}$ 次极点。通常,电路较为理想的区域为 ${g}_{\\mathrm{m}} \\gg  {g}_{\\mathrm{{mt}}}$ 。\n以上分析结果表明,在 ${R}_{\\mathrm{S}} = 0$ 的理想电压源驱动下,主极点最大,电压跟随器输出的次极点被推向无穷远高频,并与 ${g}_{\\mathrm{m}}$ 无关。随着 ${R}_{\\mathrm{S}}$ 增加,主、次极点频率均下降,而 ${R}_{\\mathrm{S}}$ 很高时, 主极点随 ${R}_{\\mathrm{s}}$ 增加而下降,高频次极点则不随 ${R}_{\\mathrm{s}}$ 而变,但随 ${g}_{\\mathrm{m}}$ 而增加。因此,在 ${R}_{\\mathrm{s}}$ 的某一特定范围内,主次极点充分靠近并变化为一对共轭复极点,导致过冲。 ${R}_{\\mathrm{S}}$ 的选择应避免这一中间区域。从带宽性能扩展的要求出发,可选择 ${R}_{\\mathrm{S}} = 0$ 的电压驱动,而从可靠性设计的要求考虑,可选择 ${R}_{\\mathrm{S}}$ 较大的电流信号驱动。\n信号源内阻 ${R}_{\\mathrm{S}}$ 的另一个重要作用在于影响 $\\mathrm{{CD}}$ 电路高频输出阻抗特性。根据图 8-10 所示的等效输出结构,受控源等效输出阻抗为 ${r}_{\\mathrm{g}} = \\left( {1 + s{R}_{\\mathrm{S}}{C}_{\\mathrm{{GS}}}}\\right) /{g}_{\\mathrm{m}}$ ,则总的输出阻抗 ${R}_{\\mathrm{O}} = {r}_{\\mathrm{g}}//\\left( {{R}_{\\mathrm{S}} + 1/s{C}_{\\mathrm{{GS}}1}}\\right)  = \\left( {1 + s{R}_{\\mathrm{S}}{C}_{\\mathrm{{GS}}1}}\\right) /\\left( {{g}_{\\mathrm{m}} + s{C}_{\\mathrm{{GS}}1}}\\right)$ 。在中低频率下, ${C}_{\\mathrm{{GS}}}$ 开路并承受主要压降,则受控制源近似为 $1/{\\mathrm{g}}_{\\mathrm{m}}$ 阻抗并决定输出电阻的大小；而在极高频率下, ${C}_{\\mathrm{{GS}}}$ 电容短路,受控源近似开路,则输出阻抗趋近 ${R}_{\\mathrm{S}}$ 。输出阻抗中的零点频率为 ${R}_{\\mathrm{S}}$ 与 ${C}_{\\mathrm{{GSI}}}$ 的串联谐振频率,即 $z = 1/{R}_{\\mathrm{S}}{C}_{\\mathrm{{GSI}}}$ ；极点频率为 $1/{g}_{\\mathrm{m}}$ 与 ${C}_{\\mathrm{{GSI}}}$ 的并联谐振频率,即 $p = {g}_{\\mathrm{m}}/{C}_{\\mathrm{{GSI}}}$ 。在理想电压源激励条件下,由于 ${R}_{\\mathrm{S}} \\ll  1/{g}_{\\mathrm{m}}, z > p$ ,电压跟随器输出阻抗在零、极点之间仍随频率的增高而减小,表明电路在高频下仍有较强的电压跟随能力。对于实际电路的非理想电压驱动即电流源驱动,由于 ${R}_{\\mathrm{S}} \\gg  1/{g}_{\\mathrm{m}}$ ,则 $z < p$ ,输出阻抗在零极点之间随频率增加而提高, 电压跟随能力随频率增加而退化。对于这一种状态, 电路的输出阻抗在零极点之间的频段 $A$ 表现为一电感特性,可近似模拟电感的作用。\n![0196aaa2-bbe2-70ee-823d-d4abf5c67805_227_257_1446_1020_625_0.jpg](images/0196aaa2-bbe2-70ee-823d-d4abf5c67805_227_257_1446_1020_625_0.jpg)\n图 8-10 源极跟随器的输出阻抗\n虽然 ${R}_{\\mathrm{s}}$ 输入电阻对高频性能的影响很大,但在低频条件下电压跟随器的缓冲性能不受 ${R}_{\\mathrm{s}}$ 影响,低频输出阻抗仍保持为 $1/{g}_{\\mathrm{{mT}}}$ 的低阻,但低频的有效频率范围即 $- 3\\mathrm{\\;{dB}}$ 主极点区域则受制于 ${R}_{\\mathrm{S}}$ 。一般而言,电压跟随器的频率特性明显优于相应 $\\mathrm{{CS}}$ 电压放大电路的频率特性。\n#### 8.3.3 CG 电流跟随器频响特性\n$\\mathrm{{CG}}$ 电流跟随器电路结构如图 8-11 所示,信号施加到放大管 ${\\mathrm{M}}_{1}$ 的源极,栅极为固定电压偏置,并在其漏极高阻端实现电压增益输出且电流跟随输出。由于仅输入电压极性相反,则 $\\mathrm{{CG}}$ 增益的低频传递函数与 $\\mathrm{{CS}}$ 相同,为同相放大。然而,在 $\\mathrm{{CS}}$ 结构中存在的 Miller 电容效应显著影响电路的频率性能,使输入和输出极点均下降,频率特性退化。而在 CG 中,源输入一漏输出之间没有耦合的 Miller 电容,因此 CG 电路不存在影响频率特性的 Miller 电容效应, 也不存在 Miller 电容引起的 RHP 零点。从这个意义上讲, 在相同的条件和工作状态下, CG 电路比 CS 电路具有更加优越的频率响应特性。\n![0196aaa2-bbe2-70ee-823d-d4abf5c67805_228_330_890_931_369_0.jpg](images/0196aaa2-bbe2-70ee-823d-d4abf5c67805_228_330_890_931_369_0.jpg)\n图 8-11 CG 电路及其小信号等效结构\n由于低频下的输入阻抗近似为 $1/{g}_{\\mathrm{m}}$ ,则 CG 电流跟随器的输入通常表现为电流激励信号,在恒流负载的偏置下,输入电流信号的变化直接导致增益管电流的相同变化,以保持偏置电流的恒定,而增益管电流的变化只需源端微小的电压激励。在输出高阻 ${R}_{\\mathrm{O}} = {R}_{\\mathrm{L}}//{r}_{\\mathrm{o}}$ 下,有\n$$\n{A}_{\\mathrm{v}}\\left( s\\right)  = \\frac{{g}_{\\mathrm{m}}{V}_{\\mathrm{i}}\\left\\lbrack  {{R}_{\\mathrm{O}}//\\left( {1/s{C}_{\\mathrm{L}}}\\right) }\\right\\rbrack  }{{V}_{i}} = {g}_{\\mathrm{m}}\\frac{1}{{R}_{\\mathrm{O}}^{-1} + s{C}_{\\mathrm{L}}} = \\frac{{g}_{\\mathrm{m}}{R}_{\\mathrm{O}}}{1 + s{R}_{\\mathrm{O}}{C}_{\\mathrm{L}}} = \\frac{{A}_{\\mathrm{v}0}}{1 + s/{p}_{1}}\n$$\n(8 - 52)\n由于输入低阻,则输入极点位于 ${g}_{\\mathrm{m}}/{C}_{\\mathrm{{in}}}$ 的高频段,对电路影响可以忽略,输出端主极点为 ${p}_{1} = 1/{R}_{\\mathrm{O}}{C}_{\\mathrm{L}}$ 。电流跟随器的 $\\mathrm{{GBW}}$ 带宽为\n$$\n\\mathrm{{GBW}} = {A}_{\\mathrm{v}0}{p}_{1} = {g}_{\\mathrm{m}}{R}_{\\mathrm{O}}\\frac{1}{{R}_{\\mathrm{O}}{C}_{\\mathrm{L}}} = \\frac{{g}_{\\mathrm{m}}}{{C}_{\\mathrm{L}}} \\tag{8 - 53}\n$$\n根据图 8-12 的输入阻抗等效电路,考虑衬底偏置引起的 ${g}_{\\mathrm{{mb}}}$ ,负载管恒流源导纳为 ${g}_{\\mathrm{o}}$ ,输出负载 ${z}_{\\mathrm{{out}}}$ 。对于 $\\mathrm{{CG}}$ 电流跟随器,输入和输出小信号电流相同,则电压增益近似为 ${A}_{\\mathrm{v}} = {z}_{\\mathrm{{out}}}/{z}_{\\mathrm{{in}}}$ ,即 ${z}_{\\mathrm{{in}}} = {z}_{\\mathrm{{out}}}/{A}_{\\mathrm{v}} = {z}_{\\mathrm{{out}}}/{g}_{\\mathrm{m}}{z}_{\\mathrm{{out}}} = 1/{g}_{\\mathrm{m}}$ 。\nCG 输入阻抗及输出阻抗的测试结构如图 8-12 所示,独立的 MOS 单管从漏或源看入到 GND 的阻抗分别为 $1/{g}_{\\mathrm{o}}$ 和 $1/{g}_{\\mathrm{{ms}}}$ 。在实际电路中,由于漏或源端负载的加入,使输入和输出阻抗产生相应的变化。负载恒流源 ${I}_{\\mathrm{D}}$ 的输出阻抗与电容 $C$ 的并联,在 ${I}_{\\mathrm{D}}$ 为理想恒流源的条件下,负载电容容抗为 ${z}_{\\mathrm{L}} = 1/{sC}$ 。\n![0196aaa2-bbe2-70ee-823d-d4abf5c67805_229_316_391_919_525_0.jpg](images/0196aaa2-bbe2-70ee-823d-d4abf5c67805_229_316_391_919_525_0.jpg)\n图 8-12 CG 电路的输入、输出阻抗\n首先从输入端点看,电压激励下 $1/{g}_{\\mathrm{o}}$ 与 ${z}_{\\mathrm{L}}$ 为串联,电流阻抗下则等效 $\\mathrm{{CS}}$ 中 $1/{g}_{\\mathrm{o}}$ 与 ${z}_{\\mathrm{L}}$ 的并联。电压激励下两者相交的频率对应主极点频率 ${p}_{1} = {g}_{\\mathrm{o}}/{C}_{\\mathrm{o}}$ 在高于主极点的频率下, 增益降低且电容 $C$ 容抗小于 $\\mathrm{{MOS}}$ 管输出阻抗 $1/{g}_{0}$ ,则两者的串联输入阻抗近似为 ${z}_{\\text{inb }} \\approx  1/{g}_{0}$ 。相反,在主极点以内,两者的串联则以电容 ${z}_{\\mathrm{L}}$ 电抗为主导。由于增益作用,等效到输入端需除以本征增益 $A$ ,即 ${z}_{\\text{ina }} = {z}_{\\mathrm{L}}/{}_{\\mathrm{A}} = 1/\\left( {\\omega CA}\\right)$ ,如图 8-13(a) 中所示的低频部分串联输入阻抗 ${z}_{\\text{ina }}$ 。此外,由于输入源端还有一路独立的 ${g}_{\\mathrm{m}}{V}_{\\mathrm{i}}$ 电流输入,并与输出结点电位无关。因此,最终的输入阻抗为以上串联输入阻抗与 $\\mathrm{{CG}}$ 本征 $1/{\\mathrm{g}}_{\\mathrm{{ms}}}$ 并联输入阻抗,即 ${z}_{\\text{in }} = \\max \\left( {{z}_{\\text{ina }},{z}_{\\text{inb }}}\\right) //\\left( {1/{g}_{\\mathrm{m}s}}\\right)$ 。由于 $1/{g}_{\\mathrm{m}s}$ 阻抗既小于低频下的 ${z}_{\\mathrm{L}}/A$ ,又低于高频下的 $1/{g}_{\\mathrm{o}}$ ,则有 ${z}_{\\mathrm{{in}}} \\approx  1/{g}_{\\mathrm{{ms}}}$ 。因此,对于 $\\mathrm{{GBW}}$ 以内的 $\\mathrm{{CG}}$ 电路,不论负载与频率如何,输入阻抗为放大管本征输出阻抗的 $1/{A}_{\\mathrm{V}0}$ ,即 ${z}_{\\text{in }} = 1/\\left( {{g}_{\\mathrm{o}}{A}_{\\mathrm{v}0}}\\right)  = 1/{g}_{\\mathrm{{ms}}}$ 。当 $A$ 下降到单位 1 时,输出阻抗近似为 ${z}_{\\mathrm{L}}$ ,在电流跟随条件下,则由 ${z}_{\\mathrm{L}} = 1/{g}_{\\mathrm{{ms}}}$ 的 $A = 1$ 条件,得到 $\\mathrm{{GBW}} = {g}_{\\mathrm{{ms}}}/C$ 。\n![0196aaa2-bbe2-70ee-823d-d4abf5c67805_229_298_1525_968_560_0.jpg](images/0196aaa2-bbe2-70ee-823d-d4abf5c67805_229_298_1525_968_560_0.jpg)\n图 8-13 理想恒流源偏置下 CG 输入、输出阻抗的频率特性\n对于图 8-12(b),偏置及电容 $C$ 位于 $\\mathrm{{CG}}$ 管源极时,考虑其输出阻抗,若不考虑放大管的增益作用,输出阻抗的最小值为 $1/{g}_{\\mathrm{o}} + {z}_{\\mathrm{L}}$ 。 ${z}_{\\mathrm{L}}$ 负载电抗为负载电容与偏置恒流源输出阻抗的并联,其中电容 $C$ 主要由 $\\mathrm{{CG}}$ 管的 ${C}_{\\mathrm{{GS}}}$ 组成。在高频下,由于 ${z}_{\\mathrm{L}}$ 负载短路,输出电阻恢复到 MOS 管本征输出阻抗 $1/{g}_{0}$ 。在直流低频段,在增益倍增效应作用下, ${z}_{\\mathrm{L}}$ 等效到输出应放大 ${A}_{\\mathrm{v}}$ 倍。当采用理想恒流源, ${z}_{\\mathrm{L}}$ 由电容容抗决定,则 ${z}_{\\text{out }} = {A}_{\\mathrm{v}}\\left( {1/{sC}}\\right)$ 。在 ${I}_{\\mathrm{D}}$ 恒流源有限负载条件下,低频下的 ${z}_{\\mathrm{L}}$ 由恒流源输出阻抗 ${R}_{\\mathrm{D}}$ 取代,即 ${z}_{\\text{out }} = {A}_{\\mathrm{v}}{R}_{\\mathrm{D}}$ 。综合考虑增益 ${A}_{\\mathrm{v}} > 0$ 与 ${A}_{\\mathrm{v}} = 0$ 两者作用的线性叠加,则输出阻抗应为 ${z}_{\\text{out }} = 1/{g}_{\\mathrm{o}} + {z}_{\\mathrm{L}} + {A}_{\\mathrm{v}}{z}_{\\mathrm{L}}$ ,其中最后一项是 $\\mathrm{{CG}}$ 输出阻抗所能够达到的最大值。输出阻抗由 $\\mathrm{{RC}}$ 串联网络构成,形成零点,同时成为逆向电压增益 $1/A$ 的极点,其 $- 3\\mathrm{\\;{dB}}$ 带宽为 ${g}_{\\mathrm{{ms}}}/{C}_{\\mathrm{{GS}}}$ 。\n进一步比较源电阻 ${R}_{\\mathrm{S}}$ 在 $\\mathrm{{CS}}$ 和 $\\mathrm{{CG}}$ 结构中的不同作用可以发现,在 $\\mathrm{{CG}}$ 中 ${R}_{\\mathrm{S}}$ 的作用是使输出阻抗增大,只要满足 ${g}_{\\mathrm{m}}{R}_{\\mathrm{S}}$ $> 1$ 。 $\\mathrm{{CG}}$ 增益 ${A}_{\\mathrm{v}} = {g}_{\\mathrm{m}}{z}_{\\text{out }} = {g}_{\\mathrm{m}}\\left( {{g}_{\\mathrm{m}}{r}_{\\mathrm{o}}{R}_{\\mathrm{S}}}\\right)$ $= {g}_{\\text{meff }}{r}_{\\mathrm{o}}$ ,或者说 CG 中输出阻抗不变则等效跨导倍增为 ${g}_{\\text{meff }} = \\left( {{g}_{\\mathrm{m}}{R}_{\\mathrm{S}}}\\right) {g}_{\\mathrm{m}}$ 。而对于如图 8-14 所示的 CS 结构, ${R}_{\\mathrm{S}}$ 电阻反馈使等效跨导下降为 ${g}_{\\text{meff }} = {g}_{\\mathrm{m}}/(1 +$ $\\left. {{g}_{\\mathrm{m}}{R}_{\\mathrm{S}}}\\right)  \\approx  1/{R}_{\\mathrm{S}}$ ,虽然输出阻抗保持倍增关系不变,但 CS 增益为 ${A}_{\\mathrm{v}} = {g}_{\\text{meff }}{z}_{\\text{out }} =$ $1/{R}_{\\mathrm{S}}\\left( {{g}_{\\mathrm{m}}{r}_{\\mathrm{o}}{R}_{\\mathrm{S}}}\\right)  = {g}_{\\mathrm{m}}{r}_{\\mathrm{o}}$ 。显然,源电阻 ${R}_{\\mathrm{S}}$ 对 $\\mathrm{{CS}}$ 的 ${g}_{\\mathrm{m}}$ 和 ${z}_{\\mathrm{{out}}}$ 均有作用,但作用性质相反,相互抵消,保持单管本征 $\\mathrm{{CS}}$ 增量性质不变；而源电阻 ${R}_{\\mathrm{S}}$ 仅对 $\\mathrm{{CG}}$ 的 ${z}_{\\text{out }}$ 有作用, 对 ${g}_{\\mathrm{m}}$ 没有影响,或者仅对 ${g}_{\\mathrm{m}}$ 有作用而对 ${z}_{\\mathrm{{out}}}$ 没有影响。因此,导致增益倍增得以维持。\n![0196aaa2-bbe2-70ee-823d-d4abf5c67805_230_764_682_681_586_0.jpg](images/0196aaa2-bbe2-70ee-823d-d4abf5c67805_230_764_682_681_586_0.jpg)\n图 8-14 CS 中的输出阻抗倍增\n#### 8.3.4 CS+CG Cascode 单级放大器频响特性\nCS 结构如图 8-15(a), 而 CS+CG 的套筒式 Cascode 电路是综合增益与频率性能的一种自然选择,电路结构如图 8-15(b) 所示。 ${\\mathrm{M}}_{1}$ 作为前级 $\\mathrm{{CS}}$ 增益的放大管, ${\\mathrm{M}}_{2}$ 为其负载, 由于 ${\\mathrm{M}}_{1}$ 的输出为低阻,其增益很低,形成 ${g}_{\\mathrm{m}2}/{C}_{\\mathrm{{GS}}2}$ 的高频 ${p}_{2}$ 极点。在后级 $\\mathrm{{CG}}$ 中, ${\\mathrm{M}}_{2}$ 为放大管,利用 $\\mathrm{{CG}}$ 的高阻输出获得较高的直流增益,在相同的负载电容 ${C}_{\\mathrm{L}}$ 下,因输出电阻的倍增效应,主极点降低到原来的 $1/\\left( {{g}_{\\mathrm{m}2}{R}_{\\mathrm{{ds}}2}}\\right)$ ,但单位增益带宽 $\\mathrm{{GBW}} = {p}_{1}{A}_{\\mathrm{v}0} = {g}_{\\mathrm{{ml}}}/{C}_{\\mathrm{L}}$ 保持与CS相同的结果,如图 8-15(c) 所示。由于 ${C}_{\\mathrm{L}} \\gg  {C}_{\\mathrm{{GS}}2},{p}_{2} \\gg  \\mathrm{{GBW}}$ ,确保电路稳定。因此, 除去输入极点外, 虽然 CS+CG 套筒式 Cascode 结构具有两个极点, 但其中一个低阻高频极点的影响可忽略,因此具有单极点性质,同时可实现两级低频增益的性能。\nCascode 结构对输入极点的扩展也十分有效。图 8-16(a)中, ${\\mathrm{M}}_{1}$ 管 Miller 电容由于 CS 级增益很低,因此 ${C}_{\\mathrm{M}}$ 等效到输入端的电容倍增效应不明显,可认为基本保持不变,即输入电容 ${C}_{\\text{in }} \\approx  {C}_{\\mathrm{M}} + {C}_{\\mathrm{{GS}}1}$ 。在没有 Miller 补偿电容的条件下 ${C}_{\\mathrm{M}} \\approx  {C}_{\\mathrm{{GD}}}$ ,则低输入电阻 ${R}_{\\mathrm{S}}$ 与小输入电容 ${C}_{\\mathrm{{in}}}$ 形成的极点 ${p}_{\\mathrm{{in}}} = 1/\\left( {{R}_{\\mathrm{S}}{C}_{\\mathrm{{in}}}}\\right)$ 位于 $\\mathrm{{GBW}}$ 外的高频段,对电路频率特性的影响可以忽略。\nCascode 电路中,忽略与 ${R}_{\\mathrm{S}}$ 无关的 ${p}_{2}$ 高频次极点的作用,则电压激励信号内阻 ${R}_{\\mathrm{S}}$ 的变化对电路的主次极点产生不同的影响,如图 8-16(b) 所示。设 ${R}_{\\mathrm{{St}}}$ 为某临界输入信号内阻, 当 ${R}_{\\mathrm{S}} \\ll  {R}_{\\mathrm{{St}}}$ 时,正如上文讨论的那样,随着 ${R}_{\\mathrm{S}}$ 的增加,主极点位于输出仍保持 ${p}_{1} =$ $1/\\left( {{A}_{\\mathrm{v}2}{r}_{\\mathrm{o}1}{C}_{\\mathrm{L}}}\\right)$ 不变,而输入高频次极点 ${p}_{\\mathrm{{in}}} = 1/\\left( {{R}_{\\mathrm{S}}{A}_{\\mathrm{v}1}{C}_{\\mathrm{{in}}}}\\right)  \\approx  1/\\left( {{R}_{\\mathrm{S}}{C}_{\\mathrm{M}}}\\right)$ 则随 ${R}_{\\mathrm{S}}$ 的增加而线性下降。当 ${R}_{\\mathrm{S}} \\gg  {R}_{\\mathrm{{St}}}$ 后,输入极点仍保持原有关系不变,随 ${R}_{\\mathrm{S}}$ 的增大而减小,但性质发生变化,即由原来的 ${p}_{\\mathrm{{nd}}}$ 变为 ${p}_{\\mathrm{d}}$ ；另一方面, ${R}_{\\mathrm{S}}$ 相对中高频容抗等效于开路,则 ${\\mathrm{M}}_{1}$ 管的 Miller 补偿电容 ${C}_{\\mathrm{M}}$ 与 ${C}_{\\mathrm{{GSI}}}$ 的分压作用使 $\\mathrm{M}$ 管的输出阻抗由 ${r}_{\\mathrm{o}1}$ 变为近似的 $1/{g}_{\\mathrm{{ml}}}$ ,则输出极点变为 ${p}_{\\text{out }} = 1/\\left\\lbrack  {{A}_{\\mathrm{v}2}\\left( {1/{g}_{\\mathrm{{ml}}}}\\right) {C}_{\\mathrm{L}}}\\right\\rbrack   \\approx  1/\\left( {{r}_{\\mathrm{o}2}{C}_{\\mathrm{L}}}\\right)$ ,此时,输出极点由原来的主极点变为 ${p}_{\\mathrm{{nd}}}$ 次极点。\n![0196aaa2-bbe2-70ee-823d-d4abf5c67805_231_259_228_1049_464_0.jpg](images/0196aaa2-bbe2-70ee-823d-d4abf5c67805_231_259_228_1049_464_0.jpg)\n图 8-15 CS-CG 频率特性\n根据以上分析,套筒式 Cascode 的输入应采用低输入电阻的电压激励信号,如图 8-16 所示对应于以上两种机制的临界转折点,由条件 $1/\\left( {{R}_{\\mathrm{{St}}}{C}_{\\mathrm{M}}}\\right)  \\approx  1/\\left( {{r}_{\\mathrm{o}2}{C}_{\\mathrm{L}}}\\right)$ ,得到 ${R}_{\\mathrm{{St}}} =$ $\\left( {{C}_{\\mathrm{L}}/{C}_{\\mathrm{M}}}\\right) {r}_{\\mathrm{o}2}$ ,由于 ${C}_{\\mathrm{M}} \\ll  {C}_{\\mathrm{L}}$ ,得到 ${R}_{\\mathrm{{St}}} \\gg  {r}_{\\mathrm{o}2}$ 。因此通常的条件下 Cascode 放大器,由于其过高的输出阻抗,一般不再适合驱动下级 Cascode 增益级。通常 ${C}_{\\mathrm{M}}$ 尽量小以增加 ${R}_{\\mathrm{{St}}}$ 临界输入信号源内阻的最大值,使一般条件下对 CS-CG Cascode 的驱动都满足低输入阻抗电压驱动的要求,以获得稳定的主极点及 GBW,实现最优的频响特性。电流镜应采用如图 8- 17 所示的阻抗匹配的 Cascode 恒流偏置结构,以保证高阻输出和低频直流增益。\n![0196aaa2-bbe2-70ee-823d-d4abf5c67805_231_127_1441_882_478_0.jpg](images/0196aaa2-bbe2-70ee-823d-d4abf5c67805_231_127_1441_882_478_0.jpg)\n图 8-16 CS-CG 中的 Miller 电容效应\n![0196aaa2-bbe2-70ee-823d-d4abf5c67805_231_1066_1505_304_409_0.jpg](images/0196aaa2-bbe2-70ee-823d-d4abf5c67805_231_1066_1505_304_409_0.jpg)\n图 8-17 Cascode 输出阻抗匹配\n总之, Cascode 放大器兼容了 CS 和 CG 两种结构的优点,其中仅在漏端输出为高阻,实现了电压放大；同时 CS 输出即 CG 的输入为低阻,通过大幅度降低 CS 增益的方法抑制了 CS 中所固有的 Miller 电容效应。在已有的 Cascode 分析中, 主要依据各结点阻抗的相互关系,为进一步考察 Cascode 特性,可从 CS 与 CG 独立增量的相关作用角度入手,则 ${\\mathrm{{CS}}}_{\\mathrm{{in}}}$ 、 ${A}_{\\mathrm{{vl}}}$ 与 ${\\mathrm{{CG}}}_{\\text{in }}\\text{、}{A}_{v2}$ 两者间的相互作用可分为以下几个不同的频段如图 8-18 所示。\n![0196aaa2-bbe2-70ee-823d-d4abf5c67805_232_323_351_921_807_0.jpg](images/0196aaa2-bbe2-70ee-823d-d4abf5c67805_232_323_351_921_807_0.jpg)\n图 8-18 Cascode 的频率特性\n(1)Cascode 主极点频率以内的低频段。Cascode 的主极点与 ${A}_{v1}$ 独立增益的主极点相同,此时输出电容容抗经过本征 ${A}_{\\mathrm{v}2}$ 的变换后,即输出电容增加 ${A}_{\\mathrm{v}2}$ 倍后与 ${\\mathrm{M}}_{1}$ 管 ${g}_{\\mathrm{o}1}$ 并联,谐振后形成 ${A}_{\\mathrm{v}1}$ 主极点,在此极点频率之内 ${A}_{\\mathrm{v}1}$ 和 ${A}_{\\mathrm{v}2}$ 均为常数。当继续增加频率,则 ${A}_{\\mathrm{v}1}$ 开始下降, ${A}_{\\mathrm{v}2}$ 仍保持为常数,致使总增量 ${A}_{\\mathrm{v}}$ 下降,因此 ${A}_{\\mathrm{v}}$ 的 $- 3\\mathrm{\\;{dB}}$ 带宽由 ${A}_{\\mathrm{v}1}$ 的 $- 3\\mathrm{\\;{dB}}$ 带宽决定, 在此带宽范围内, Cascode 增益保持最大的低频直流增益值。\n(2)Cascode 主极点到 ${A}_{\\mathrm{v}2}$ 主极点频率。输出电容 ${C}_{\\mathrm{L}}$ 与 ${\\mathrm{M}}_{2}$ 管 ${g}_{\\mathrm{o}2}$ 谐振构成 ${A}_{\\mathrm{v}2}$ 的主极点,当大于该极点频率时, ${A}_{\\mathrm{v}2}$ 开始下降。在此阶段 Cascode 增益随频率的下降主要受 ${A}_{\\mathrm{v}1}$ 影响,即主要决定于 ${A}_{\\mathrm{v}1}$ 的频率特性。与此同时,对于 ${A}_{\\mathrm{v}1}$ ,由于 ${g}_{\\mathrm{o}2}$ 与 ${C}_{\\mathrm{L}}$ 构成串联谐振网络,形成 ${A}_{v1}$ 的零点,即 ${A}_{v2}$ 的主极点与 ${A}_{v1}$ 的零点频率相同,而在 ${A}_{v}$ 中两者的作用相互抵消, Cas-code 在 ${A}_{\\mathrm{v}2}$ 主极点处仍然保持原有的 $- {20}\\mathrm{\\;{dB}}/\\mathrm{{dec}}$ 增益衰减的频率特性。\n(3) ${A}_{v2}$ 主极点到 Cascode 的 GBW。在 ${A}_{v2}$ 的主极点频率下,由于 ${A}_{v2}$ 仍保持低频直流值,电容容抗下降到 $1/{g}_{o2}$ ,则该等效容抗经 ${A}_{v2}$ 的变换,得到 ${\\mathrm{M}}_{1}$ 管输出阻抗为 $1/\\left( {{A}_{v2}{g}_{o2}}\\right)$ $\\approx  1/{g}_{-2}$ ,并达到最小饱和值,因此 ${A}_{-1} = {g}_{-1}/{g}_{-2}$ ,此后正是由于零点的作用使 ${A}_{-1}$ 近似保持不变,且输出阻抗也保持 $1/{g}_{\\mathrm{{ms}}2}$ 不变。当输出容抗下降到 $1/{g}_{\\mathrm{{ms}}2}$ 时, ${A}_{\\mathrm{v}2} = 1$ ,对应 $\\mathrm{{CG}}$ 的单位增益带宽 $\\mathrm{{GBW}}\\left( \\mathrm{{CG}}\\right)$ 为 ${g}_{\\mathrm{{ms}}2}/{C}_{\\mathrm{L}}$ 。而在 ${g}_{\\mathrm{{ml}}}/{C}_{\\mathrm{L}}$ 频率下,或者输出容抗下降到 $1/{g}_{\\mathrm{{ml}}}$ 时, ${A}_{\\mathrm{v}} = {A}_{\\mathrm{v}1}{A}_{\\mathrm{v}2} = 1$ 即对应 Cascode 的 GBW。\n(4)GBW 到 Cascode 次极点频率。当频率继续增加时, ${\\mathrm{M}}_{1}$ 输出电容 ${C}_{\\mathrm{S}}$ 容抗等于 $1/{g}_{\\mathrm{{ms}}2}$ ,即两者并联形成 ${A}_{\\mathrm{{vl}}}$ 的高频次极点, ${A}_{\\mathrm{{vl}}}$ 继续以 $- {20}\\mathrm{\\;{dB}}/\\mathrm{{dec}}$ 斜率下降,同时构成 $\\mathrm{{Cas}}$ - code 的高频次极点。\n以上是 $\\mathrm{{CS}} - \\mathrm{{CG}}$ 频率特性的图解方法,可通过以下传递函数精确描述\n$$\nG\\left( s\\right)  =  - \\frac{{g}_{\\mathrm{m}1}}{{g}_{\\mathrm{m}2} + s{C}_{\\mathrm{{GS}}2}} \\cdot  \\frac{{g}_{\\mathrm{m}2}}{{r}_{\\mathrm{o}}^{-1} + s{C}_{\\mathrm{L}}} =  - \\frac{{g}_{\\mathrm{m}1}{r}_{\\mathrm{o}}}{\\left( {1 + s{C}_{\\mathrm{{GS}}2}/{g}_{\\mathrm{m}2}}\\right) \\left( {1 + s{r}_{\\mathrm{o}}{C}_{\\mathrm{L}}}\\right) } \\tag{8 - 54}\n$$\n设 ${A}_{\\mathrm{V}0} =  - {g}_{\\mathrm{m}1}{r}_{\\mathrm{o}}$ 为 $\\mathrm{{CS}} - \\mathrm{{CG}}$ Cascode 直流低频下的电压增益, ${r}_{\\mathrm{o}}$ 为包含倍增作用的 Cascode 输出高阻。主极点频率 ${p}_{1} = 1/{r}_{\\mathrm{o}}{C}_{\\mathrm{L}}$ ,高频次极点频率 ${p}_{2} = {g}_{\\mathrm{m}2}/{C}_{\\mathrm{{GS}}2}$ ,同时考虑 Miller 电容效应引起的 $\\mathrm{{RHP}}$ 零点频率 $z = {g}_{\\mathrm{{ml}}}/{C}_{\\mathrm{{GDI}}}$ ,则 $G\\left( s\\right)$ 修正为\n$$\nG\\left( s\\right)  = \\frac{{A}_{\\mathrm{V}0}\\left( {1 - s/z}\\right) }{\\left( {1 + s/{p}_{1}}\\right) \\left( {1 + s/{p}_{2}}\\right) } \\tag{8 - 55}\n$$\n单位增益带宽为\n$$\n\\mathrm{{GBW}} = {p}_{0}\\left| {A}_{\\mathrm{V}0}\\right|  = \\frac{{g}_{\\mathrm{m}1}}{{C}_{\\mathrm{L}}} \\ll  \\frac{{g}_{\\mathrm{m}2}}{{C}_{\\mathrm{{GS}}2}} = {p}_{2} \\tag{8 - 56}\n$$\n同样有 $\\mathrm{{GBW}} \\ll  z$ ,零点的影响也可忽略。因此,虽然 $\\mathrm{{CS}} - \\mathrm{{CG}}$ 最多可存在 3 个极点,但输入与 CS 输出两个高频次极点通常远大于 GBW, 对电路频率特性的影响可以忽略, Cas-code 电路最终可归结为典型的单级电压增益的频率特性。"
}