{
  "section_num": "12.5",
  "title": "小结",
  "start_line": 10807,
  "end_line": 10814,
  "content": "### 12.5 小结\n对于低压电路, CMOS 电路的最低工作电压受 MOS 管开启电压 ${V}_{\\mathrm{{TH}}}$ 的限制。由于 ${V}_{\\mathrm{{TH}}}$ 电压难以跟随电源电压 ${V}_{\\mathrm{{CC}}}$ 按比例降低,使得低压电路通常需要采用新的工艺和电路结构。 因而亚阈工作区、衬底微弱正偏、背栅驱动和浮栅结构等新型电路正逐渐成为低压电路设计的有效选择。\nCMOS运算放大器设计常采用牺牲某一性能以换取其他性能改善的折中方法。轨到轨(轨至轨)差分运放以电路结构的复杂性及其控制为代价,实现低压运放的宽输入及输出摆幅的优异特性。同时由于无需特殊工艺支持,因此轨至轨结构比较适合 IP 设计的要求。\n输入的轨至轨特性主要依靠 $\\mathrm{N}$ 型和 $\\mathrm{P}$ 型互补并联的差分对实现,为保证系统稳定性, 需要采用 TL 线性环路结构实现差分输入恒定跨导以及近似恒定增益的控制。输出的轨至轨特性主要依靠共源 CS 结构的宽摆幅实现。为提高电流驱动降低静态非线性失真,输出级通常偏置在 Class AB 的静态工作点下。各类前馈及反馈、截止与无截止的不同控制方式, 对低压电路的输出驱动和响应速度等性能均产生不同的影响。选择不同的控制结构以兼容输入与输出的轨至轨要求,最终可实现具有输入和输出轨至轨特性的差分运放,满足低压和宽摆幅驱动的应用要求。"
}