{
  "section_num": "5.2",
  "title": "单级放大电路",
  "start_line": 3045,
  "end_line": 3372,
  "content": "### 5.2 单级放大电路\n在 CMOS 单级放大的 CS、CG 和 CD 三种基本结构中, CS 和 CG 分别为反相与同相电压放大。电压放大的原理是基于输入放大管的交流小信号跨导 ${g}_{\\mathrm{m}}$ 在输入信号 ${V}_{\\mathrm{{in}}}$ 的作用下产生相应的输出电流变化, 而电流的变化在负载上转换成输出电压的变化。显然, 若放大管的输出阻抗和 ${g}_{\\mathrm{m}}$ 越大,在相同的输入电压信号下可以获得更高的输出电压,电压增益也相应提高。对于 $\\mathrm{{CS}}$ ,输入 ${V}_{\\mathrm{{in}}}$ 施加于 ${V}_{\\mathrm{G}},{V}_{\\mathrm{S}} = {V}_{\\mathrm{{GND}}},{V}_{\\mathrm{{GS}}} = {V}_{\\mathrm{{in}}}$ ; 对于 $\\mathrm{{CG}}$ ,输入信号施加于 ${V}_{\\mathrm{S}},{V}_{\\mathrm{G}} = {V}_{\\mathrm{{GND}}},{V}_{\\mathrm{{GS}}} =  - {V}_{\\text{in }}$ ,而 $\\mathrm{{CS}}/\\mathrm{{CG}}$ 增益的输出位置相同,因此两者的增益极性相反,但绝对值基本相等。CG 在实现电压增益的同时具有电流跟随的作用,与此相对应的是, CD 在实现电流驱动的同时具有电压跟随的作用。\n#### 5.2.1 CS/CG 单级放大\n## 1)CS/CG 基本原理\n为深入理解电压放大器的基本原理和结构特点, 可以从多方位多视角推导出电压增益模型。首先可以从对直流工作点的分析中求出 $\\mathrm{{CS}}$ 电路的增益。在静态分析法中,根据图 5-1所示电阻负载 CS 电路结构下的静态饱和工作电流连续性约束条件,得\n$$\n{V}_{\\mathrm{{CC}}} - \\frac{1}{2}k{\\left( {V}_{\\mathrm{{in}}} - {V}_{\\mathrm{{TH}}}\\right) }^{2}\\left( {1 + \\lambda {V}_{\\mathrm{o}}}\\right) {R}_{\\mathrm{L}} = {V}_{\\mathrm{o}} \\tag{5 - 1}\n$$\n方程两边同时对 ${V}_{\\text{in }}$ 求偏导,得到\n$$\n\\frac{\\partial {V}_{\\mathrm{o}}}{\\partial {V}_{\\mathrm{{in}}}}\\left( {1 + \\frac{\\lambda {I}_{\\mathrm{{DS}}}}{1 + \\lambda {V}_{\\mathrm{o}}}{R}_{\\mathrm{L}}}\\right)  =  - {g}_{\\mathrm{m}}{R}_{\\mathrm{L}}\\left( {1 + \\lambda {V}_{\\mathrm{o}}}\\right)  \\tag{5 - 2}\n$$\n若忽略沟道长度调制效应,即 $1 + \\lambda {I}_{\\mathrm{{DS}}} \\approx  1$ ,得到在直流工作点下的小信号电压增益为\n$$\n{A}_{\\mathrm{v}} = \\frac{\\partial {V}_{\\mathrm{o}}}{\\partial {V}_{\\mathrm{{in}}}} \\approx   - \\frac{{g}_{\\mathrm{m}}{R}_{\\mathrm{L}}}{1 + \\lambda {I}_{\\mathrm{{DS}}}{R}_{\\mathrm{L}}} =  - {g}_{\\mathrm{m}}\\left( {{R}_{\\mathrm{L}}//{r}_{\\mathrm{o}}}\\right)  \\tag{5 - 3}\n$$\n另外也可根据交流信号的等效变化直接求出 $\\mathrm{{CS}}$ 增益。由图 5-1 所示的交流小信号等效电路,输出电流 ${g}_{\\mathrm{m}}{V}_{\\mathrm{{in}}}$ 在等效电阻负载 ${R}_{\\mathrm{L},\\mathrm{{eff}}} = {R}_{\\mathrm{L}}//{r}_{\\mathrm{o}}$ 上形成的输出电压为 ${V}_{\\mathrm{o}} =$ $- {g}_{\\mathrm{m}}{V}_{\\mathrm{{in}}}{R}_{\\mathrm{L},\\mathrm{{eff}}}$ ,由此得到与式 (5-3) 相同的交流小信号增益表达式。本质上,以上两种方法都是基于数学模型的分析方法, 虽然推导过程略显复杂, 但却能得到比较精确的结果。\n最后一种方法是物理分析法, 它是根据基本的电路约束条件和具体的工作状态特点, 在忽略次要因素对电路影响下的一种简便方法, 具有物理概念明确, 数学推导简明的特点, 但由于采用的方法近似, 对复杂电路的分析精度便不足。\n对于确定的电路结构, 根据电流连续性条件, 包含静态工作点在内的各种状态下的电流均应保持连续, 这是电路的基本约束条件, 由此可知瞬态信号电流也应连续。满足静态和动态电流的连续性条件, 等效于电流的变化量满足守恒条件, 即放大管与负载电流的总变化量为零。\n![0196aaa2-bbe2-70ee-823d-d4abf5c67805_117_365_399_841_322_0.jpg](images/0196aaa2-bbe2-70ee-823d-d4abf5c67805_117_365_399_841_322_0.jpg)\n图 5-1 共源增益及其小信号等效模型\n在交流小信号下,固定电平等效为交流接地,则在输入信号 ${v}_{\\mathrm{i}}$ 和输出信号 ${v}_{\\mathrm{o}}$ 的小信号变化下, 输出电流变化满足的连续条件为\n$$\n{g}_{\\mathrm{m}}{V}_{\\mathrm{i}} + {g}_{\\mathrm{d}}{V}_{\\mathrm{o}} + \\frac{{V}_{\\mathrm{o}}}{{R}_{\\mathrm{L}}} = {g}_{\\mathrm{m}}{V}_{\\mathrm{i}} + \\left( {{g}_{\\mathrm{d}} + {g}_{\\mathrm{L}}}\\right) {V}_{\\mathrm{o}} = 0 \\tag{5 - 4}\n$$\n由此解出小信号增益为\n$$\n{A}_{\\mathrm{v}} = \\frac{{V}_{\\mathrm{o}}}{{V}_{\\mathrm{i}}} =  - \\frac{{g}_{\\mathrm{m}}}{{g}_{\\mathrm{d}} + {g}_{\\mathrm{L}}} =  - {g}_{\\mathrm{m}}\\left( {{R}_{\\mathrm{L}}//{r}_{\\mathrm{o}}}\\right)  =  - \\frac{{R}_{\\mathrm{L},\\text{ eff }}}{1/{g}_{\\mathrm{m}}} \\tag{5 - 5}\n$$\n从以上三种分析方法可得到相同的结论。电压放大的根源在于饱和区下 ${V}_{\\mathrm{{GS}}}$ 和 ${V}_{\\mathrm{{DS}}}$ 电压对输出电流控制的非对称性,也就是 ${g}_{\\mathrm{m}}$ 和 ${g}_{\\mathrm{d}}$ 对电流控制的非对称性,并且 MOS 管饱和工作可确保这种非对称性达到最大。电压增益为跨导与输出总导纳之比,也可表示为输出等效输出阻抗与等效 CG 输入阻抗之比。\n根据负载的不同, CS 单级放大电路有不同的实现方式,如图 5-2 所示。图 5-2(a) 中放大管 ${\\mathrm{M}}_{1}$ 采用 $\\mathrm{{NMOS}}$ 器件,负载 ${R}_{\\mathrm{L}}$ 采用无源线性电阻,等效负载 ${R}_{\\mathrm{L},\\mathrm{{eff}}} = {R}_{\\mathrm{L}}//{r}_{\\mathrm{{dsl}}} \\approx  {R}_{\\mathrm{L}}$ , 增益 ${A}_{\\mathrm{v}} =  - {g}_{\\mathrm{m}}{R}_{\\mathrm{L}}$ ,则提高 $\\mathrm{{CS}}$ 增益需增加负载电阻 ${R}_{\\mathrm{L}}$ 。对于线性无源电阻,其交流阻抗与直流阻抗相同。当静态电流确定后,一味增加 ${R}_{\\mathrm{L}}$ 阻值将使输出静态点的电压降低,使 ${\\mathrm{M}}_{1}$ 进入线性区,这样就减小了增益同时也减小了输出电压向下变化的摆幅空间。因此,基于线性负载的 CS 结构的主要缺陷在于交流增益与静态偏置难以协调, 而且大阻值无源负载电阻需要占用很大的芯片面积。此外,输出信号的共模范围、线性与失真也是 CS 放大电路应关注的内容。\n图 5-2(b) 中, NMOS 负载管 ${\\mathrm{M}}_{2}$ 采用高电位 ${V}_{\\mathrm{{GG}}}$ 偏置,而图 5-2(c) 中则直接采用电源 ${V}_{\\mathrm{{CC}}}$ 偏置。在这两种情况下,负载管的 ${V}_{\\mathrm{{CS}}}$ 均随 ${V}_{\\mathrm{o}}$ 而变化。控制栅偏压使负载管始终工作在饱和区,其负载电阻近似为 $1/{g}_{\\mathrm{m}2}$ ,则单级增益降低为 ${A}_{\\mathrm{v}} =  - {g}_{\\mathrm{{ml}}}/{g}_{\\mathrm{m}2} =$ $- f{\\left( W/L\\right) }_{1}/f{\\left( W/L\\right) }_{2}$ ,电压增益最终归结为器件尺寸之比,减小负载管的尺寸 ${\\left( W/L\\right) }_{2}$ 可使增益适当增加,电压增益的可控制性得到改善。然而,由于 ${\\mathrm{M}}_{2}$ 管 ${V}_{\\mathrm{{GS}}2}$ 的直流导通作用, 输出电压的高电平摆幅相对 ${V}_{\\mathrm{{GG}}}$ 或 ${V}_{\\mathrm{{CC}}}$ 减小一个变化的 ${V}_{\\mathrm{{GS}}2}$ 电位,即高电平输出至少损失一个 ${\\mathrm{V}}_{\\mathrm{{TN}}}$ ,而输出低电平则由负载管和放大管的 $W/L$ 决定。更为重要的是,负载 $\\mathrm{{NMOS}}$ 管在 $\\mathrm{N}$ 阱工艺下存在比较严重的衬底偏置效应,由于负载电流不恒定以及衬底偏置效应的影响,该类放大器将引入严重的非线性失真。输出摆幅窄和失真大是此类负载 CS 结构的主要缺点,采用 PMOS 二极管可克服非线性失真,但输出摆幅仍至少减小一个 ${V}_{\\mathrm{{TP}}}$ 。\n![0196aaa2-bbe2-70ee-823d-d4abf5c67805_118_239_405_1092_409_0.jpg](images/0196aaa2-bbe2-70ee-823d-d4abf5c67805_118_239_405_1092_409_0.jpg)\n图 5-2 不同负载下的 CS 单级放大电路\n采用恒流源负载, 可以有效克服以上结构的不足, 一方面可消除交流增益与直流工作点对负载阻抗的要求上的对立,另一方面可增加输出信号的动态范围,降低非线性失真。在理想恒流源负载下,假设理想恒流源的等效阻抗为 ${R}_{\\mathrm{L}}$ ,放大管 ${\\mathrm{M}}_{1}$ 的等效阻抗为 ${r}_{0}$ ,则 ${R}_{\\mathrm{L}} \\gg  {r}_{o}$ ,即电路等效输出阻抗为放大器的本征输出电阻,此时的增益定义为放大管的本征增益。饱和工作条件下的单位电流跨导为\n$$\n\\frac{{g}_{\\mathrm{m}}}{{I}_{\\mathrm{{DS}}}} = \\frac{k\\Delta }{{I}_{\\mathrm{{DS}}}} = \\frac{\\sqrt{{2k}{I}_{\\mathrm{{DS}}}}}{{I}_{\\mathrm{{DS}}}} = \\sqrt{\\frac{2k}{{I}_{\\mathrm{{DS}}}}} = \\frac{2}{\\Delta } \\tag{5 - 6}\n$$\n因此,对于 $\\mathrm{{CS}}$ 或 $\\mathrm{{CG}}$ 单级放大结构,其电压增益为\n$$\n{A}_{\\mathrm{v}} =  - \\frac{{g}_{\\mathrm{m}}}{{g}_{\\mathrm{d}}} =  - {g}_{\\mathrm{m}}{r}_{\\mathrm{{ds}}} =  - \\frac{{g}_{\\mathrm{m}}}{\\lambda {I}_{\\mathrm{{DS}}}} =  - 2\\frac{{V}_{\\mathrm{A}}}{\\Delta } =  - {2L}\\frac{{V}_{\\mathrm{A}0}}{\\Delta } \\tag{5 - 7}\n$$\n从式 (5-7) 可以看出, 提高恒流源负载增益的主要措施是降低过驱动电压、减小静态工作电流以及增加 MOS 管沟道长度 $L$ 。但是由于亚阈区的限制,当静态电流或过驱动电压趋近于零时并不能无限制地提高增益, 在亚阈状态下的最大本征增益为\n$$\n{A}_{\\mathrm{v}} =  - \\frac{{I}_{\\mathrm{{DS}}}}{n{V}_{\\mathrm{T}}}\\frac{1}{\\lambda {I}_{\\mathrm{{DS}}}} =  - \\frac{{V}_{\\mathrm{A}}}{n{V}_{\\mathrm{T}}} =  - \\frac{{V}_{\\mathrm{A}0}L}{n{V}_{\\mathrm{T}}} \\tag{5 - 8}\n$$\n考虑到负载有限阻抗对增益的影响,有源负载的 CS 增益比其本征增益明显要低,当负载阻抗与放大管输出阻抗相同时,增益减小 1/2。因此,实际 CS 单级增益最大值约为 100, 即 ${40}\\mathrm{\\;{dB}}$ 。因此,继续提高增益则需采用多级增益级联结构。\n对于栅压固定, ${V}_{\\mathrm{i}}$ 由源极加入、在漏端输出的 $\\mathrm{{CG}}$ 增益结构,由于 ${g}_{\\mathrm{m}}{V}_{\\mathrm{{GS}}} =  - {g}_{\\mathrm{m}}{V}_{\\mathrm{i}}$ ,栅控电流源的方向与 $\\mathrm{{CS}}$ 状态相比大小相等、方向相反,导致电压增益由 $\\mathrm{{CS}}$ 的反相增益变成 CG 的同相增益,其增益关系保持不变,对比结果为 ${A}_{\\mathrm{v}}\\left( {CS}\\right)  =  - {g}_{\\mathrm{m}}{R}_{\\text{Leff }},{A}_{\\mathrm{v}}\\left( {CG}\\right)  =$ ${g}_{\\mathrm{m}}{R}_{\\mathrm{L},\\text{ eff }}$ 。\n$\\mathrm{{CG}}$ 与 $\\mathrm{{CS}}$ 的差异还表现在输入阻抗上。 $\\mathrm{{CS}}$ 为直流高输入阻抗, $\\mathrm{{CG}}$ 为直流低输入阻抗,由于输入阻抗的差异,导致对前级放大电路负载驱动要求的不同。CS 为电压放大,而 CG 中输入和输出都在同一条支路,输入和输出电流相同, CG 结构因此实现了电流缓冲作用,可作为电流跟随器,并通过输出阻抗间接实现电压放大作用。\n高增益与增益的可控性通常是一对矛盾。为了提高增益的可控性, 需要降低运放增益。降低并稳定电路增益的一般方法是采用系统闭环负反馈结构。这里介绍一种简单的源极电阻串联反馈控制机制, 其本质是一种局部的电流串联负反馈的控制。源极反馈电阻 ${R}_{\\mathrm{S}}$ 对 $\\mathrm{{CS}}$ 增益的影响如图 5-3 所示, 该电阻可人为引入或由寄生形成, 由于电流在 ${R}_{\\mathrm{S}}$ 电阻上形成的压降抑制了放大管 ${V}_{\\mathrm{{GS}}}$ 的变化,稳定了电路静态工作点,降低并稳定了电路的开环增益。\n![0196aaa2-bbe2-70ee-823d-d4abf5c67805_119_855_355_541_274_0.jpg](images/0196aaa2-bbe2-70ee-823d-d4abf5c67805_119_855_355_541_274_0.jpg)\n图 $5 - 3 \\pm  {R}_{\\mathrm{S}}$ 反馈电阻控制的有效跨导\n由于 ${R}_{\\mathrm{s}}$ 电阻的引入,输出端到地的输出阻抗因受有源放大管的调制而倍增,即放大管漏端到地的单端输出阻抗 ${r}_{\\mathrm{o},\\text{ boost }} = {r}_{\\mathrm{o}} + {R}_{\\mathrm{S}} + {g}_{\\mathrm{m}}{r}_{\\mathrm{o}}{R}_{\\mathrm{S}} \\geq  {R}_{\\mathrm{L}}$ ,则等效的输出阻抗保持为 ${R}_{\\mathrm{L}}$ 。 在 $\\pm  {R}_{\\mathrm{S}}$ 起反馈作用的条件下,该单元电路的电压增益为\n$$\n{A}_{\\mathrm{{vl}}} = \\frac{{V}_{\\mathrm{o}}}{{V}_{\\mathrm{i}}} = \\frac{{I}_{\\mathrm{{DS}}}\\left( {{R}_{\\mathrm{L}}//{r}_{\\mathrm{o},\\text{ boost }}}\\right) }{{V}_{\\mathrm{{GS}}} + {I}_{\\mathrm{{DS}}}\\left( {\\pm {R}_{\\mathrm{S}}}\\right) } \\approx   - \\frac{{g}_{\\mathrm{m}}{V}_{\\mathrm{{GS}}}{R}_{\\mathrm{L}}}{{V}_{\\mathrm{{GS}}} \\pm  {g}_{\\mathrm{m}}{V}_{\\mathrm{{GS}}}{R}_{\\mathrm{S}}} =  - \\frac{{g}_{\\mathrm{m}}{R}_{\\mathrm{L}}}{1 \\pm  {g}_{\\mathrm{m}}{R}_{\\mathrm{S}}} \\tag{5 - 9}\n$$\n若将 ${R}_{\\mathrm{s}}$ 电阻看成为放大管的一部分,并设其等效跨导为 ${G}_{\\mathrm{m}}$ ,对比基本 $\\mathrm{{CS}}$ 电路的增益表达式, 有\n$$\n{A}_{\\mathrm{v}} =  - {G}_{\\mathrm{m}}{R}_{\\mathrm{L},\\mathrm{{eff}}} \\approx   - \\frac{{g}_{\\mathrm{m}}}{1 \\pm  {g}_{\\mathrm{m}}{R}_{\\mathrm{S}}}{R}_{\\mathrm{L}} =  - \\frac{{R}_{\\mathrm{L}}}{1/{g}_{\\mathrm{m}} \\pm  {R}_{\\mathrm{S}}} \\tag{5-10}\n$$\n因此,对于 CS/CG 增益,电压增益为输出阻抗与等效输入阻抗之比。降低 MOS 管源寄生电阻 ${R}_{\\mathrm{S}}$ 对保证跨导和增加增益十分重要。相反,当 ${R}_{\\mathrm{S}}$ 电阻为负阻时,跨导增加,增益倍增。\n## 2 CS 单级放大基本结构\n现以 CS 单元结构为例, 讨论各类典型电压放大电路的不同特点。各类增益结构的差别主要体现在负载特性方面,由此造成增益、动态范围等性能指标的显著区别。\n## (1)CS 源电阻反馈控制结构\n由 $\\mathrm{{MOS}}$ 二极管饱和电阻构成 ${R}_{\\mathrm{S}}$ 正电阻电路如图 5-4(a) 所示,交叉耦合的正反馈 MOS 管构成交流小信号负电阻电路如图 5-4(b) 所示, 它们的等效跨导分别为\n$$\n{g}_{\\mathrm{{mR}}} = \\frac{{g}_{\\mathrm{{ml}}}}{1 + {g}_{\\mathrm{{ml}}}/{g}_{\\mathrm{m}2}}\n$$\n(5 - 11 - a)\n$$\n{g}_{\\mathrm{{mR}}} = \\frac{{g}_{\\mathrm{{ml}}}}{1 - {g}_{\\mathrm{m}1}/{g}_{\\mathrm{m}2}}\n$$\n(5 - 11 - b)\n![0196aaa2-bbe2-70ee-823d-d4abf5c67805_119_441_1703_666_315_0.jpg](images/0196aaa2-bbe2-70ee-823d-d4abf5c67805_119_441_1703_666_315_0.jpg)\n图 5-4 正负 ${\\mathbf{R}}_{\\mathrm{S}}$ 电阻 $\\mathrm{{CS}}$ 电压放大器\n放大管 ${\\mathrm{M}}_{1}$ 的源电位提高,衬底 $\\mathrm{{PN}}$ 结由原来的零偏变为反偏,导致 ${V}_{\\mathrm{{TH}}}$ 增加,并使输出电流减小。另一方面,衬底电压的栅控调节即背栅跨导因子 ${g}_{\\mathrm{{mb}}}$ 体现出衬底偏置的影响。 总的跨导因子 ${g}_{\\mathrm{{mT}}}$ 应包含正栅与背栅的共同作用,即\n$$\n{g}_{\\mathrm{{mT}}} = {g}_{\\mathrm{m}} + {g}_{\\mathrm{{mb}}} = {g}_{\\mathrm{m}}\\left( {1 + \\frac{{g}_{\\mathrm{{mb}}}}{{g}_{\\mathrm{m}}}}\\right)  = {g}_{\\mathrm{m}}\\left( {1 + \\eta }\\right)  = \\frac{{g}_{\\mathrm{m}}}{\\alpha } \\tag{5 - 12}\n$$\n式中, $\\eta  > 0$ 或 $\\alpha  < 1$ ,即跨导调制因子 $1 + \\eta  = 1/\\alpha$ ,使跨导增加。衬底偏置引起的背栅跨导与开启电压调制对输出电流产生不同的影响, 引入信号处理的非线性失真, 因此一般条件下均应避免或抑制衬底偏置的作用和影响。\n## (2)NMOS 有源负载裂变结构\n在 $\\mathrm{N}$ 型 $\\mathrm{{CS}}$ 电路中如图 5-5 所示,将 NMOS 负载分裂成两个 MOS 二极管管 ${\\mathrm{M}}_{2}$ 和 ${\\mathrm{M}}_{3}$ 的串联。根据串联电容由小电容决定、串联电阻由大电阻决定的电抗串联电路的性质, ${\\mathrm{M}}_{2}$ 设计为最小面积而 ${\\mathrm{M}}_{3}$ 管采用倒宽长比设计。在此条件下, ${\\mathrm{M}}_{2}$ 的栅电容 ${C}_{\\mathrm{{GS}}2}$ 最小,决定了输出级的电容,而小的输出电容有利于改善频率响应特性; 同时, ${\\mathrm{M}}_{3}$ 的输出阻抗较大,决定了输出级的阻抗,而较高的阻抗有利于满足高电压增益要求。该负载分裂结构以牺牲输出级动态范围为代价, 通过兼容两个不同 $W/L$ MOS 器件各自的特点,兼顾了增益与带宽性能的共同\n![0196aaa2-bbe2-70ee-823d-d4abf5c67805_120_1159_912_228_357_0.jpg](images/0196aaa2-bbe2-70ee-823d-d4abf5c67805_120_1159_912_228_357_0.jpg)\n裂变的 CS\n需求。因此,其 -3 dB 带宽由 ${\\mathrm{M}}_{2}$ 的栅电容与 ${\\mathrm{M}}_{3}$ 的 $1/{g}_{\\mathrm{m}3\\mathrm{\\;T}}$ 阻抗共同 图 5-5 NMOS 负载决定, 即\n$$\n{f}_{-3\\mathrm{\\;{db}}} \\approx  \\frac{1}{{2\\pi }\\left( {{\\alpha }_{3}/{g}_{\\mathrm{m}3}}\\right) {C}_{\\mathrm{{GS}}2}} = \\frac{{g}_{\\mathrm{m}3}}{{2\\pi }{\\alpha }_{3}{C}_{\\mathrm{{GS}}2}} \\tag{5 - 13}\n$$\n## (3)PMOS 有源负载结构\n反映对输入电压信号电流感应的跨导参数 ${g}_{\\mathrm{m}}$ 为电压增益的内因, 而将电流转换为电压的输出阻抗则为电压增益的外因。对于采用 PMOS 恒流负载的 N 型 CS 结构如图 $5 - 6$ 所示, ${\\mathrm{M}}_{3}$ 和电阻 $R$ 构成电路偏置, ${\\mathrm{M}}_{1}$ 感应输入电压变化而引起的输出电流变化量 ${g}_{\\mathrm{m}}{V}_{\\mathrm{{GS}}}$ 必须能被对应的输出电流变化量 ${V}_{\\mathrm{{DS}}}/{R}_{\\text{o.eff }}$ 而抵消,考虑到电压的变化极性,有\n$$\n{A}_{\\mathrm{v}} =  - {g}_{\\mathrm{{ml}}}\\left( {{r}_{\\mathrm{{dsn}}}//{r}_{\\mathrm{{dsp}}}}\\right)\n$$\n$$\n=  - \\sqrt{2{I}_{\\mathrm{{DS}}}{k}_{\\mathrm{n}}}\\frac{1}{\\left( {{\\lambda }_{\\mathrm{n}} + {\\lambda }_{\\mathrm{p}}}\\right) {I}_{\\mathrm{{DS}}}}\n$$\n$$\n=  - \\frac{1}{\\left( {\\lambda }_{\\mathrm{n}} + {\\lambda }_{\\mathrm{p}}\\right) }\\sqrt{\\frac{2{k}_{\\mathrm{n}}}{{I}_{\\mathrm{{DS}}}}} \\tag{5 - 14}\n$$\n![0196aaa2-bbe2-70ee-823d-d4abf5c67805_120_1015_1562_367_371_0.jpg](images/0196aaa2-bbe2-70ee-823d-d4abf5c67805_120_1015_1562_367_371_0.jpg)\n图 5-6 PMOS 有源负载 CS 结构\n显然, 跨导越大, 输入引起的电流越大, 需要的输出电压变化范围也越大, 增益越高。接入负载后,有效负载越小,则对应于特定的电流变化,输出电压的变化小,增益也越低。通过跨导和输出阻抗的增加而提高增益的实质要求在于提高器件的沟长 $L$ 、降低过驱动电压或电流。当放大管进入亚阈区时, CS 的电压增益提高到理论上的最大值。\n基于恒流源负载的 CS 结构不仅克服了静态工作点与交流增益之间的矛盾, 电压增益得到显著提高, 而且扩大了输出电压的摆幅范围。其中, 为保证放大管和负载都位于饱和工作区,两管 ${V}_{\\mathrm{{DS}}}$ 的最小电压不能低于两管对应的过驱动电压 ${\\Delta }_{\\mathrm{n}}$ 、 ${\\Delta }_{\\mathrm{p}}$ ,则输出摆幅的损失最小值为 ${\\Delta }_{\\mathrm{n}} + {\\Delta }_{\\mathrm{p}}$ ,即近似为 2 倍的过驱动电压。当采用 PMOS 二极管负载代替恒流负载时,增益值下降为 ${A}_{\\mathrm{v}} =  - {g}_{\\mathrm{{ml}}}/{g}_{\\mathrm{{mp}}}$ ,输出摆幅的损失增加到 ${\\Delta }_{\\mathrm{n}} + {\\Delta }_{\\mathrm{p}} + {V}_{\\mathrm{{TP}}}$ 。\n#### 5.2.2 CD 电压跟随器\n如图 5-7(a) 所示,采用 ${R}_{\\mathrm{S}}$ 电阻串联负反馈的 CS 电路中,如输出电压由 ${R}_{\\mathrm{S}}$ 一端引出, 则原来的 $\\mathrm{{CS}}$ 电路将变为 $\\mathrm{{CD}}$ 源跟随器,忽略放大管饱和输出电阻的分流影响,则电压增益为\n$$\n{A}_{\\mathrm{v}} = \\frac{{V}_{\\mathrm{o}}}{{V}_{\\mathrm{i}}} \\approx  \\frac{{g}_{\\mathrm{m}}{V}_{\\mathrm{{GS}}}{R}_{\\mathrm{S}}}{{V}_{\\mathrm{{GS}}} + {g}_{\\mathrm{m}}{\\mathrm{V}}_{\\mathrm{{GS}}}{R}_{\\mathrm{S}}} = \\frac{{g}_{\\mathrm{m}}{R}_{\\mathrm{S}}}{1 + {g}_{\\mathrm{m}}{R}_{\\mathrm{S}}} = \\frac{1}{1 + 1/\\left( {{g}_{\\mathrm{m}}{R}_{\\mathrm{S}}}\\right) } \\tag{5 - 15}\n$$\n上式表明,当 ${g}_{\\mathrm{m}}{R}_{\\mathrm{S}} \\gg  1$ 时, ${A}_{\\mathrm{v}} \\rightarrow  1$ ,实现了小信号电压跟随作用。物理上,如需 ${V}_{\\mathrm{o}}$ 电位跟随 ${V}_{\\mathrm{G}}$ 即 ${V}_{\\mathrm{i}}$ 变化,只有保持 ${\\mathrm{M}}_{1}$ 管的恒流特性不变,即维持 ${V}_{\\mathrm{{GS}}}$ 恒定不变,而固定的 ${V}_{\\mathrm{{GS}}}$ 即意味着输出 ${V}_{\\mathrm{o}}$ 对 ${V}_{\\mathrm{i}}$ 信号的跟随。因此, ${R}_{\\mathrm{S}}$ 必须采用高阻恒流偏置才能满足以上条件,如图 5 - 7(b)所示,采用 NMOS 管作为负载。\n![0196aaa2-bbe2-70ee-823d-d4abf5c67805_121_384_1255_777_428_0.jpg](images/0196aaa2-bbe2-70ee-823d-d4abf5c67805_121_384_1255_777_428_0.jpg)\n图 5-7 CD/CS 电路结构\n对交流信号而言,输出信号包含于输入信号之内,因此 ${V}_{\\mathrm{o}} < {V}_{\\mathrm{i}}$ ,即电压增益 ${A}_{\\mathrm{v}} \\leq  1$ 。输出阻抗 ${R}_{\\mathrm{o}} = \\left( {1/{g}_{\\mathrm{{ml}}}}\\right) //{R}_{\\mathrm{S}} \\approx  1/{g}_{\\mathrm{{ml}}}$ ,考虑到较小输出阻抗, $\\mathrm{{CD}}$ 结构具有很强的负载电流驱动能力和较高的频率响应特性。因此 $\\mathrm{{CD}}$ 源极跟随器在电路系统主要用于交流信号低阻驱动下的电压缓冲或直流信号下的电平移位。对于 ${\\mathrm{M}}_{2}$ 管等效的恒流 ${R}_{\\mathrm{S}}$ 串联负载,考虑 ${\\mathrm{M}}_{1}$ 有源器件的衬偏效应及沟道调制效应后, 电压跟随特性为\n$$\n{A}_{\\mathrm{v}} = \\frac{1}{1 + \\frac{{\\alpha }_{1}}{{g}_{\\mathrm{{ml}}}}{\\left( {r}_{\\mathrm{{dsl}}}//{r}_{\\mathrm{{ds}}2}\\right) }^{-1}} \\approx  1 - \\frac{{\\alpha }_{1}}{{g}_{\\mathrm{{ml}}}\\left( {{r}_{\\mathrm{{dsl}}}//{r}_{\\mathrm{{ds}}2}}\\right) } < 1 \\tag{5 - 16}\n$$\n显然,衬底偏置效应的影响使 CD 跟随效果远不如 CS,不但使增益偏离理想的单位增益, 同时还引起较大的非线性。电压跟随产生的直流电平移位则限制了输出电平的摆幅范围。\n如图 5-7(b) 所示,当 NMOS 放大管的源和漏分别存在电阻 ${R}_{\\mathrm{S}}$ 和 ${R}_{\\mathrm{L}}$ 时,在 ${g}_{\\mathrm{m}}{R}_{\\mathrm{S}} \\cdot   \\gg  1$ 的条件下, 则在两电阻的输出位置得到的电压增益分别为\n$$\n{A}_{\\mathrm{v}}\\left( \\mathrm{{CD}}\\right)  = \\frac{1}{1 + 1/\\left( {{g}_{\\mathrm{m}}{R}_{\\mathrm{S}}}\\right) } \\approx  1\n$$\n(5 - 17 - a)\n$$\n{A}_{\\mathrm{v}}\\left( \\mathrm{{CS}}\\right)  =  - \\frac{{g}_{\\mathrm{m}}{R}_{\\mathrm{L}}}{1 + {g}_{\\mathrm{m}}{R}_{\\mathrm{S}}} \\approx   - \\frac{{R}_{\\mathrm{L}}}{{R}_{\\mathrm{S}}}\n$$\n(5 - 17 - b)\n在此条件下, 电压跟随器的增益可以稳定精确地控制, 相反, 当反相 CS 放大器中两电阻均为高阻并为相同量级时,其增益同样降低到 $0\\mathrm{\\;{dB}}$ 附近。\n#### 5.2.3 互补推挽放大器\nCS电压放大电路中,两个 MOS 管中只有一个为放大管,另一个为饱和恒流管,两管的作用并不相同,分别起到信号感应、电路偏置及负载的作用。与此相对应,互补推挽放大器 (Push-Pull Amplifier) 则是采用两种不同类型的放大管,同时感应输入信号并共同或交替地对负载进行驱动。互补放大电路的本质特点为两管互为放大管、同时互为对方的负载。\n另外, 根据两放大管对负载驱动的不同方式, 即根据放大管静态偏置电流的不同设置策略,可分别构成 Class A、Class B 和 Class AB 三类不同的工作模式。若静态电流工作点设定较大,使任何一个放大管可以同时在输入信号的正负周期内工作,则构成 Class A 放大电路。在已分析的各类型单管放大电路中, 通常为 Class A 工作模式, 电路输出的共模信号一般设置在 $1/2$ 电源电压处,在降低线性失真的同时,增加线性信号处理的输出摆幅。由于存在静态功耗,电源转换效率很低,因此 Class A 一般仅用于电压或电流放大,而不用于功率放大。\n若设计的偏置使互补放大电路的静态电流为零,即 NMOS、PMOS 管的 ${V}_{\\mathrm{{GS}}}$ 电压偏置分别为 ${V}_{\\mathrm{{TN}}}$ 和 ${V}_{\\mathrm{{TP}}}$ 时,则在输入信号的全波驱动下,静态临界截止的两 MOS 管仅在各自有效的半周期内轮流导通,交替驱动负载,构成全波输出,这种工作模式构成 Class B 放大。由于 MOS 或 BJT 有源器件正常工作需要施加特定的开启电压,而 Class B 电路偏置的设置使得在输入信号为零的静态条件下,两放大管均处于截止区,最大限度地降低了静态电流,提高了电源转换效率,比较适合功率放大的应用场合。然而,在小信号输入下由于有源器件处于弱反型的临界工作状态,器件的电流输出驱动特性与强反型状态完全不同,并且由于输出电流较小使两放大管在其进入正常导通状态时,各自存在一段死区时间,形成交越失真。\n当有源放大管的静态偏置更低并使器件进入深度截止时,则构成 Class C 模式放大,这种放大器虽然效率更高,但失真也更大。与此相反,若互补推挽驱动的静态电流设置为略大于零,即一对放大管静态时偏置在临界弱开启状态,则构成 Class AB 驱动模式。显然, Class AB是介于 Class A 与 Class B 之间并更接近 Class B 的一种工作模式,其输出电流驱动特性如图 5-8 所示。显然, Class AB 以较小的静态工作电流为代价, 有效克服了死区交越失真的影响, 实现了类似于 Class B 互补驱动特性, 保持了一定的电源利用效率并获得对非线性失真的抑制,成为线性模拟功放电路常用的一种电路结构。\n放大电流的结构类型与工作状态的组合决定了放大电路的多样性及不同的性能特点, 图 5-9 给出了单管驱动与双管互补驱动的放大电路结构。对于单管放大,一定是 Class A 型放大电路；对于双管推挽放大,理论上讲可以工作在 Class A、Class AB、Class B 和 Class $\\mathrm{C}$ 等多种模式下,区别仅在静态工作点的不同。另一方面,对于 Class $\\mathrm{{AB}}$ 放大电路,一定要采用双管的互补推挽驱动结构。\nClass AB输入级漏电流\n![0196aaa2-bbe2-70ee-823d-d4abf5c67805_123_167_532_567_251_0.jpg](images/0196aaa2-bbe2-70ee-823d-d4abf5c67805_123_167_532_567_251_0.jpg)\n图 5-8 Class AB 的电流驱动特性\n![0196aaa2-bbe2-70ee-823d-d4abf5c67805_123_796_484_580_297_0.jpg](images/0196aaa2-bbe2-70ee-823d-d4abf5c67805_123_796_484_580_297_0.jpg)\n图 5-9 单管驱动与双管互补驱动\n速度与精度是放大电路的一对主要矛盾。静态特性中, 精度更重要; 而瞬态变化过程中,速度更关键。当通过增大静态电流的方式使带宽和压摆率 $\\mathrm{{SR}}$ 增大,达到提高瞬态响应速度的要求时,电路增益性能将受到抑制。同样,通过降低电流以提高输出阻抗等方式而获得增益提高时,瞬态响应特性也受到严重的制约。Class A 型互补推挽放大是实现高速负载驱动的最佳结构,但过大的静态功耗限制了这种电路的广泛应用。通过对静态电流的有效控制, Class AB 互补驱动成为静态功耗约束条件下能够有效缓解速度与精度矛盾的一种最佳电路结构,即通过动态调节静态增益与大信号驱动,实现了速度与精度之间的协调和统一。因此, 无论何种类型的推挽放大器, 相对于普通放大器的主要优点表现在增益高、电流驱动能力强、压摆率 $\\mathrm{{SR}}$ 大,因此在实际系统中获得了广泛的应用。\n## 1)Class A 互补驱动单元\nClass A 互补推挽放大电路的原型结构如图 5-10(a) 所示, 它反映了输入交流信号的驱动特性,即输入信号同时驱动一对互补的 CMOS 对管。与常规 Class A 中输入信号只驱动唯一放大管的结构不同,推挽 Class A 放大器中两管互为放大管、互为负载。图 5-10(b) 为电路输入输出电压转移特性曲线,图中 A、B 线段内过渡区构成本电路线性高增益的放大区,而两线段以外的非线性饱和工作区和截止区,即数字电路的工作区。在非线性饱和区域和截止区,该电路构成一个经典的 CMOS 反相器。\n![0196aaa2-bbe2-70ee-823d-d4abf5c67805_123_356_1643_820_417_0.jpg](images/0196aaa2-bbe2-70ee-823d-d4abf5c67805_123_356_1643_820_417_0.jpg)\n图 5-10 Class A 互补推挽放大结构\n对线性工作区小信号增益的分析,可利用变化电流满足连续性的守恒限制条件,其交流小信号约束为 $\\left( {{g}_{\\mathrm{{mn}}}{V}_{\\mathrm{i}} + {g}_{\\mathrm{{dn}}}{V}_{\\mathrm{o}}}\\right)  + \\left( {{g}_{\\mathrm{{mp}}}{V}_{\\mathrm{i}} + {g}_{\\mathrm{{dp}}}{V}_{\\mathrm{o}}}\\right)  = 0$ ,由此解出的交流小信号电压增益为\n$$\n{A}_{\\mathrm{v}} = \\frac{{V}_{\\mathrm{o}}}{{V}_{\\mathrm{i}}} =  - \\frac{{g}_{\\mathrm{{mn}}} + {g}_{\\mathrm{{mp}}}}{{g}_{\\mathrm{{dn}}} + {g}_{\\mathrm{{dp}}}} =  - \\left( {{g}_{\\mathrm{{mn}}} + {g}_{\\mathrm{{mp}}}}\\right) \\left( {{r}_{\\mathrm{{dsn}}}//{r}_{\\mathrm{{dsp}}}}\\right)  \\tag{5 - 18}\n$$\n以上增益成立的条件为两管均处于饱和工作区,否则当其中任一放大管进入线性区后,电压增益将迅速降低。在输入信号的直接驱动下, 为兼顾两个放大管位于饱和工作区, 输入与输出将限定在很窄的电压范围内。\n由 ${\\mathrm{{NMOSM}}}_{1}$ 管的饱和条件,其临界上限限制的 $\\mathrm{B}$ 点为 $\\left( {{V}_{\\mathrm{i}} - {V}_{\\mathrm{{TN}}}}\\right)  \\leq  {V}_{\\mathrm{o}}$ ,即 $\\left( {{V}_{\\mathrm{i}} - {V}_{\\mathrm{o}}}\\right)$ $\\leq  {V}_{\\mathrm{{TN}}}$ 。图 5-10(b) 中 ${V}_{\\mathrm{o}} = {V}_{\\mathrm{i}}$ 代表图中过原点的 ${45}^{ \\circ  }$ 角的射线, ${\\mathrm{M}}_{1}$ 饱和条件限制临界点为图中过 $\\mathrm{B}$ 点的直线,相对于过原点直线向右平移 ${V}_{\\mathrm{{TN}}}$ ；同理,由 ${\\mathrm{M}}_{2}$ 管的饱和条件,其临界下限限制的 $\\mathrm{A}$ 点为 ${V}_{\\mathrm{{CC}}} - {V}_{\\mathrm{i}} - {V}_{\\mathrm{{TP}}} < {V}_{\\mathrm{{CC}}} - {V}_{\\mathrm{o}}$ ,即 ${V}_{\\mathrm{o}} - {V}_{\\mathrm{i}} < {V}_{\\mathrm{{TP}}}$ ,则 ${\\mathrm{M}}_{2}$ 饱和条件限制下的临界范围为过 A 点直线,相对向左平移 ${V}_{\\mathrm{{TP}}}$ 。\n因此,饱和状态下的线性放大区为输入和输出信号范围限定在 $\\mathrm{{AB}}$ 之间的转移曲线。 输入信号的静态偏置点只能选取 $\\mathrm{{AB}}$ 之间的中点,以确保最大的动态范围。设 $\\mathrm{{AB}}$ 曲线的中点对应于临界输入转折电平 ${V}_{\\mathrm{i}}^{ * }$ ,忽略输出电压的调节作用并由其饱和电流相等的条件, 得到:\n$$\n{V}_{\\mathrm{i}}^{ * } = \\frac{{V}_{\\mathrm{{CC}}} - {V}_{\\mathrm{{TP}}} + {V}_{\\mathrm{{TN}}}\\sqrt{{k}_{\\mathrm{n}}/{k}_{\\mathrm{p}}}}{1 + \\sqrt{{k}_{\\mathrm{n}}/{k}_{\\mathrm{p}}}} \\tag{5 - 19}\n$$\n在 $\\mathrm{N}/\\mathrm{{PMOS}}$ 管的对称设计下, ${V}_{\\mathrm{i}}^{ * } \\approx  {V}_{\\mathrm{{CC}}}/2$ 。由于输入信号的动态范围 ${V}_{\\mathrm{{id}}}$ 很小,则饱和状态下输入信号 ${V}_{\\mathrm{i}}$ 的变化很小, $\\mathrm{A}$ 点的输入近似为 $\\left( {{V}_{\\mathrm{i}}^{ * } - 1/2{V}_{\\mathrm{{id}}}}\\right) ,\\mathrm{B}$ 的输入近似为 $\\left( {{V}_{\\mathrm{i}}{}^{ * } + 1/2{V}_{\\mathrm{{id}}}}\\right)$ ,则在线性范围内的输出电压范围为\n$$\n\\left( {{V}_{\\mathrm{i}}^{ * } + \\frac{1}{2}{V}_{\\mathrm{{id}}} - {V}_{\\mathrm{{TN}}}}\\right)  < {V}_{\\mathrm{o}} < \\left( {{V}_{\\mathrm{i}}^{ * } - \\frac{1}{2}{V}_{\\mathrm{{id}}} + {V}_{\\mathrm{{TP}}}}\\right)  \\tag{5 - 20}\n$$\n输出电压的变化量为 $\\Delta {V}_{\\mathrm{o}} = {V}_{\\mathrm{o},\\max } - {V}_{\\mathrm{o},\\min } = {V}_{\\mathrm{{TN}}} + {V}_{\\mathrm{{TP}}} - {V}_{\\mathrm{{id}}}$ ,再根据电路增益与输入、 输出信号的关系式 ${V}_{\\mathrm{{id}}} = \\Delta {V}_{\\mathrm{o}}/\\left| {A}_{\\mathrm{v}}\\right|$ ,得到的输入动态范围为\n$$\n{V}_{\\mathrm{{id}}} = \\frac{{V}_{\\mathrm{{TN}}} + {V}_{\\mathrm{{TP}}}}{1 + \\left| {A}_{\\mathrm{v}}\\right| } = \\frac{{g}_{\\mathrm{{dn}}} + {g}_{\\mathrm{{dp}}}}{{g}_{\\mathrm{{mn}}} + {g}_{\\mathrm{{mp}}} + {g}_{\\mathrm{{dn}}} + {g}_{\\mathrm{{dp}}}}\\left( {{V}_{\\mathrm{{TN}}} + {V}_{\\mathrm{{TP}}}}\\right)  \\tag{5 - 21}\n$$\n在两管饱和高阻放大区,输入信号从低到高变化并逐渐接近 A 点时, NMOS 管由截止到饱和弱开启, PMOS 管由线性小电阻逐渐过渡到非线性大电阻,电流逐步由零开始急剧增加。同样,当输入信号逐渐远离 $\\mathrm{B}$ 点时, PMOS 管逐渐由饱和导通进入截止,而 NMOS 管由非线性大电阻进入线性小电阻,电流由饱和状态下的最大值逐步减小到零。当输入信号位于 $\\mathrm{{AB}}$ 之间时,两管均为饱和电流并近似保持不变, ${V}_{\\mathrm{i}}$ 的增加和 ${V}_{\\mathrm{o}}$ 的减小,使 NMOS 电流既有增加也有减小的趋势, PMOS 电流也有同样的变化规律。最终的作用是电流总的变化量为零,在新的平衡点下电流连续,饱和区电流值与 ${V}_{\\mathrm{i}}^{ * }$ 平衡状态下的电流值相比变化很小。\nCMOS 互补驱动的静态工作点包含在输入信号 ${V}_{\\mathrm{i}}$ 中,由于需兼顾 $\\mathrm{N}/\\mathrm{P}$ 两种类型 MOS 管的饱和恒流状态控制, 而其静态工作点无法由偏置电路或前级电路的输出信号精确设定, 因为基本的偏置只能独立地对 PMOS 或 NMOS 管分别设置其静态工作点。另一方面,即使能够确定其静态工作点偏置,静态电流也很大,不利于放大器的低功耗应用。因此,不难得到如下结论:基于输入直接驱动的 Class A 模式 CMOS 互补推挽放大器,无法直接获得实际应用,当输入信号静态点偏离 ${V}_{\\mathrm{i}}^{ * }$ 达到 ${V}_{\\mathrm{{id}}}/2$ 的变化量时,总有一个放大管进入线性电阻区,增益急剧下降,当偏离量继续增加导致其中的一个 MOS 管进入截止区时,便成为典型数字电路中非线性工作区下 CMOS 倒相器的应用模式。\n## 2)电平移位互补推挽放大原理\n根据偏置电路的基本特性和互补驱动的实际需求, 只需对互补放大电路中任意一个 MOS 管采取独立静态点偏置的设置,经过直流电平 ${V}_{\\mathrm{{LS}}}$ 移位后再驱动相对应的另一个 MOS 放大管,这将有效解决互补推挽放大电路中两放大管静态点设定的难题。\n对电平移位电路的要求是直流电位差固定、交流短路, 即交流阻抗为零。根据偏置电压及移位电平 ${V}_{\\mathrm{{LS}}}$ 的数值,可控制静态电流的合适范围,将电路设定在 Class A、Class B 或 Class AB 等不同的工作模式。图 5-11(a) 中,输入信号 ${V}_{\\mathrm{i}}$ 直接驱动 PMOS 放大管,并经 ${V}_{\\mathrm{{LS}}}$ 降压移位后再驱动 NMOS 放大管。利用 ${V}_{\\mathrm{{LS}}}$ 可控制 NMOS 与 PMOS 合适的共模电平偏置。当静态点下两管的电流或过驱动电压均较大时,构成 Class A 放大；若静态电流为零则构成 Class B 放大；若存在微弱的静态电流则构成 Class AB, Class AB 推挽驱动可使交越失真降低到最低。\n当推挽放大电路工作于 Class A 的驱动模式时,扩展输入动态范围需要有较大的静态偏置电流或过驱动电压,输出阻抗和增益均比 Class B 或 Class AB 小。对于图 5-11(b) 所示的结构, ${\\mathrm{M}}_{1}$ 与 ${\\mathrm{M}}_{2}$ 饱和区电压状态的限制范围修正为 ${V}_{\\mathrm{o},\\max } - {V}_{\\mathrm{{TP}}} < {V}_{\\text{in }} < {V}_{\\mathrm{o},\\min } + {V}_{\\mathrm{{LS}}} + {V}_{\\mathrm{{TN}}}$ 。\n![0196aaa2-bbe2-70ee-823d-d4abf5c67805_125_299_1239_949_404_0.jpg](images/0196aaa2-bbe2-70ee-823d-d4abf5c67805_125_299_1239_949_404_0.jpg)\n图 5-11 电平移位互补推挽放大结构\n相比于基本的 Class A 推挽放大,电平移位 Class A 结构的静态偏置电流和过驱动电压均减小,输入和输出动态范围增大。当 ${V}_{\\mathrm{{in}}}$ 以 PMOS 为参考定位,其静态点设定在比 A 点略高的位置,在 ${V}_{\\mathrm{o},\\max } = {V}_{\\mathrm{{CC}}}\\text{、}{V}_{\\mathrm{o},\\min } = 0$ 的条件下,通过 ${V}_{\\mathrm{{LS}}}$ 的作用,使饱和恒流偏置的限制条件成立。若以 NMOS 为参考定位,饱和条件的限制条件变为 ${V}_{\\mathrm{o},\\max } - {V}_{\\mathrm{{TP}}} - {V}_{\\mathrm{{LS}}} < {V}_{\\mathrm{{in}}} <$ ${V}_{\\mathrm{o},\\min } + {V}_{\\mathrm{{TN}}}$ 。\n静态点设定在比 $\\mathrm{B}$ 点略低的位置,同样通过 ${V}_{\\mathrm{{LS}}}$ 的作用使饱和恒流条件满足。因此, ${V}_{\\mathrm{{LS}}}$ 有效地分离了两放大管静态点的相互影响,并且通过移位电平的有效控制,使得某一放大器由截止变为饱和导通时,另一 MOS 管则由线性电阻区迅速进入饱和导通区,降低线性电阻的过渡区域,提高输出动态范围。\n对于 Class B 放大电路, NMOS 管的静态点设为 A 点, PMOS 为 B 点；而 Class AB 模式的确定,只需将 NMOS 工作点设定得比 A 点略高、PMOS 工作点比 B 点略低。由于输出阻抗增加导致的增益增加,将使动态或线性范围减小。采用电平移位后,图 5-11(b) 中的两条转折曲线其交流特性实质上是重合的。\n## 3) CD Class AB 互补推挽结构\nCD电流增益或电压缓冲电路中同样存在与 CS 类似的互补驱动结构。基于图 5-12(a) 的电平移位原理,图 5-12(b) 给出了根据此原理设计的一种实际 Class AB 电压跟随电路。其中,前一级为NMOS放大管的CS增益级,与 PMOS 恒流源负载之间串联了两个异型 MOS 二极管管实现的直流电平上移位电路,移位幅度近似为 ${V}_{\\mathrm{{GSP}}}$ 和 ${V}_{\\mathrm{{GSN}}}$ ,分别给第二级即 $\\mathrm{{CD}}$ 电压跟随输出级中两个对应 MOS 管提供静态偏置。 ${V}_{\\text{in }} = 0$ 时,控制静态工作点使输出管 ${\\mathrm{M}}_{1}$ 和 ${\\mathrm{M}}_{2}$ 位于临界开启状态,即构成 Class AB 的电压输出跟随电路。相对于 Class A 模式下的 CD 电压跟随器,互补电路的负载驱动能力和输出动态范围得到有效的改善和提高。\n![0196aaa2-bbe2-70ee-823d-d4abf5c67805_126_339_885_924_487_0.jpg](images/0196aaa2-bbe2-70ee-823d-d4abf5c67805_126_339_885_924_487_0.jpg)\n图 5-12 Class AB 电压跟随器\nMOS 二极管的电平移位无法直接用于 CS 的 Class AB 电平移位,因为当输出管或移位管的类型上下互换构成 CS 增益后, 输出管的栅驱动电平短路连接, 电平移位无法起作用, 则需要采用其他的移位方法。\n## 4) CS Class AB 互补推挽结构\nClass A 的互补推挽驱动需要消耗较大的静态电流,而 Class B 的互补驱动失真大。因此, Class AB 互补驱动电路由于静态电流小、效率高、失真小而在大电流负载及功率驱动领域获得了广泛的应用。\n图 5-13(a) 中的 Class A 放大电路, 由于采用固定偏置电流驱动电容负载的结构设计, 在大信号驱动下输出电压的充放电速率受到限制。采用图 5-13(b) 的推挽驱动后,负载驱动电流不再固定, 而是随输入信号的增加而提高, 动态响应速度明显改善。图中, 输入采用电流信号激励,两输入电流的方向相同,并假设均注入到电路中,中间模块为采用恒流源 ${I}_{0}$ 隔离偏置电路, ${\\mathrm{M}}_{2}$ 与 ${\\mathrm{M}}_{3}$ ,以及 ${\\mathrm{M}}_{1}$ 与 ${\\mathrm{M}}_{4}$ 电流镜 $W/L$ 之比为 $m$ ,则输出电流为 ${I}_{2} = m{I}_{3}$ 、 ${I}_{1} = m{I}_{4}$ ,其中 ${I}_{3} = {I}_{0} - {I}_{\\text{in }},{I}_{4} = {I}_{0} + {I}_{\\text{in }}$ ,输出电流的变化量为 ${\\Delta I} = {I}_{2} - {I}_{1} =  - {2m}{I}_{\\text{in }}$ ,电流增益为 $- {2m}$ 。与输入电流变化对应的输入电压变化为 ${V}_{i}$ ,即 ${I}_{\\mathrm{{in}}} = {V}_{\\mathrm{i}}/\\left( {1/{g}_{\\mathrm{m}}}\\right)  = {g}_{\\mathrm{m}}{V}_{\\mathrm{i}}$ , 则电压增益为\n$$\n{A}_{\\mathrm{v}} = \\frac{{\\Delta I}{r}_{\\mathrm{o}}}{{V}_{\\mathrm{{in}}}} =  - \\frac{{2m}{I}_{\\mathrm{{in}}}{r}_{\\mathrm{o}}}{{I}_{\\mathrm{{in}}}/{g}_{\\mathrm{m}}} =  - {2m}{g}_{\\mathrm{m}}\\left( {{r}_{\\mathrm{o}1} + {r}_{\\mathrm{o}2}}\\right)  \\tag{5 - 22}\n$$\n![0196aaa2-bbe2-70ee-823d-d4abf5c67805_127_372_296_758_410_0.jpg](images/0196aaa2-bbe2-70ee-823d-d4abf5c67805_127_372_296_758_410_0.jpg)\n图 5-13 Class AB 推挽放大非固定 SR 驱动\n该电路的主要缺点是隔离恒流源的设计相对困难,由于 $\\mathrm{D}\\text{、}\\mathrm{S}$ 电位都在变化,无法采用固定栅偏置,只能采用 ${V}_{\\mathrm{{GS}}}$ 固定的动态偏置技术,增加了电路设计复杂度。\n采用互补电流镜的并联可实现直流电平的固定移位功能。如图 5-14 所示的电路中, NMOS CG 管 ${\\mathrm{M}}_{7}$ 的直流偏置为 ${V}_{\\mathrm{{bn}}}$ ,其值约为两个 ${V}_{\\mathrm{{GSN}}}$ ,经过 ${\\mathrm{M}}_{7}$ 的直流移位后,同时给输出 ${\\mathrm{M}}_{1}$ 放大管提供一个 ${V}_{\\mathrm{{GSN}}}$ 静态偏置电压; 同样, PMOS CG偏置 ${V}_{\\mathrm{{bp}}}$ 相对 ${V}_{\\mathrm{{CC}}}$ 降了两个 ${V}_{\\mathrm{{GSP}}}$ ,经过 ${\\mathrm{M}}_{6}$ 的电平移位后,提供给 ${\\mathrm{M}}_{2}$ 放大管一个 ${V}_{\\mathrm{{GSP}}}$ 静态偏置电压。\n![0196aaa2-bbe2-70ee-823d-d4abf5c67805_127_351_1192_762_435_0.jpg](images/0196aaa2-bbe2-70ee-823d-d4abf5c67805_127_351_1192_762_435_0.jpg)\n图 5-14 Class AB 工作点的一种偏置结构\n原始输入电压信号通过 ${\\mathrm{M}}_{5}$ 的 CG 增益结构转化为电流信号注入到电平移位电路中。 该电平移位偏置结构的优点是电路的工作点比较容易确定。由于 ${\\mathrm{M}}_{5}$ 管输出结点位置的阻抗由 ${\\mathrm{M}}_{7}$ 管的 $1/{g}_{\\mathrm{m}7}$ 决定,而 ${\\mathrm{M}}_{5}\\mathrm{{CG}}$ 增益的低阻输出确保了该级的电压增益不高, ${\\mathrm{M}}_{1}$ 管有效驱动信号 ${V}_{\\mathrm{{GSl}}}$ 的变化不大,该交流信号传输到 ${\\mathrm{M}}_{3}/{\\mathrm{M}}_{2}$ 管后 ${V}_{\\mathrm{{GS2}}}$ 的变化也不大。\n由于 ${\\mathrm{M}}_{3}$ 保持在饱和状态并提供恒定不变的电流,则当 ${V}_{\\mathrm{i}}$ 增加时, ${\\mathrm{M}}_{5}$ 电流减小, ${V}_{\\mathrm{{GN}}1}$ 电位随 ${V}_{\\mathrm{i}}$ 而增加, ${\\mathrm{M}}_{7}$ 电流减小,必然导致 ${\\mathrm{M}}_{6}$ 电流增加,两者的电流变化量相等以保持新的平衡。由于 ${V}_{GSI} = \\left( {{g}_{m5}/{g}_{m7}}\\right) {V}_{i}$ ,则 ${g}_{m7}\\left( {-{V}_{GI}}\\right)  + {g}_{m6}{V}_{G2} = 0$ ,得到 ${V}_{G2}/{V}_{GI} = {g}_{m7}/{g}_{m6}$ 。 若 ${g}_{\\mathrm{m}6} = {g}_{\\mathrm{m}7}$ ,即可保证 ${V}_{\\mathrm{{GS}}2}$ 跟随 ${V}_{\\mathrm{{GS}}1}$ 的变化; 若 ${g}_{\\mathrm{m}5} = {g}_{\\mathrm{m}7}$ ,则 ${V}_{\\mathrm{{GS}}1}$ 又可跟随 ${V}_{\\mathrm{i}}$ 的变化。在 ${V}_{\\mathrm{i}}$ 、 ${V}_{\\mathrm{{GS}}1}$ 、 ${V}_{\\mathrm{{GS}}2}$ 的动态范内,应确保移位支路上各 MOS 管均工作在饱和区。在静态工作点下,设计中 ${\\mathrm{M}}_{4}$ 和 ${\\mathrm{M}}_{5}$ 两管的过驱动电压之和略小于 ${V}_{\\mathrm{{TN}}}$ ,则 ${V}_{\\mathrm{{bn}}}$ 的 Class $\\mathrm{{AB}}$ 偏置使 ${\\mathrm{M}}_{1}$ 管微导通,同时使 ${\\mathrm{M}}_{4}$ 、 ${\\mathrm{M}}_{5}$ 两管满足 ${V}_{\\mathrm{{GS}}1} = {V}_{\\mathrm{{DS}}5} + {V}_{\\mathrm{{DS}}4} > {\\Delta }_{4} + {\\Delta }_{5}$ 的条件,确保 ${\\mathrm{M}}_{4}$ 、 ${\\mathrm{M}}_{5}$ 两管静态下的饱和工作区状态。"
}