{
  "section_num": "2.2.2",
  "title": "双极型晶体管 BJT",
  "level": 3,
  "content": "通过一定的工艺,将两个PN结结合在一起则可形成双极型晶体管 BJT。当外界提供合适的电压或电流偏置时, BJT 将具有电流或电压放大作用。从物理结构上看,发射区提供对基区的少子注入, 因此其掺杂浓度最高; 基区为避免耗尽区引起的基区宽度调制效应, 其浓度适中;集电区因承担高反偏电压因此其掺杂浓度最低;此外,基区宽度应远低于少子扩散长度,以降低基区复合、提高电流放大倍数。\n\nBJT 正常的工作条件为发射结正偏而集电结反偏。以 NPN 晶体管为例, 发射结负责向基区注入非平衡少子电子,少子在基区中只有极少部分被多子空穴复合,主要部分均扩散到集电结边缘,在集电结反偏电场的作用下被全部或部分收集而形成输出电流。设发射结正偏电压为 ${V}_{\\mathrm{{BE}}}$ 、集电结输出电压为 ${V}_{\\mathrm{{CE}}}$ ,则输出电流为\n\n$$\n{I}_{\\mathrm{C}} \\approx  {I}_{\\mathrm{E}} = {I}_{\\mathrm{S}0}\\exp \\left( \\frac{{V}_{\\mathrm{{BE}}}}{{V}_{\\mathrm{T}}}\\right) \\left\\lbrack  {1 - \\exp \\left( {-\\frac{{V}_{\\mathrm{{CE}}}}{{V}_{\\mathrm{T}}}}\\right) }\\right\\rbrack   \\tag{2 - 6}\n$$\n\n由于 ${V}_{\\mathrm{{CE}}} = {V}_{\\mathrm{{CB}}} + {V}_{\\mathrm{{BE}}}$ ,即 ${V}_{\\mathrm{{CB}}} = {V}_{\\mathrm{{CE}}} - {V}_{\\mathrm{{BE}}}$ 。当 ${V}_{\\mathrm{{CE}}} \\gg  {V}_{\\mathrm{{BE}}}$ 时, ${V}_{\\mathrm{{CB}}} \\gg  0$ ,集电结反偏, 少子全部收集,电流达到饱和。在放大区,由于 ${V}_{\\mathrm{{CE}}}$ 引起的基区宽度调制效应使基区宽度减小、少子复合降低、导致基区电流减小、集电极电流增加,输出电流的饱和恒流特性不再理想。为此,引入调制系数 $\\lambda  = 1/{V}_{\\mathrm{A}}$ , ${V}_{\\mathrm{A}}$ 为厄利电压,则非理想恒流输出为\n\n$$\n{I}_{\\mathrm{C}} = {I}_{\\mathrm{S}0}\\exp \\left( \\frac{{V}_{\\mathrm{{BE}}}}{{V}_{\\mathrm{T}}}\\right) \\left( {1 + \\lambda {V}_{\\mathrm{{CE}}}}\\right)  = {I}_{\\mathrm{{C0}}}\\left( {1 + \\frac{{V}_{\\mathrm{{CE}}}}{{V}_{\\mathrm{A}}}}\\right)  \\tag{2 - 7}\n$$\n\n当 ${V}_{\\mathrm{{CE}}} < {V}_{\\mathrm{{BE}}}$ 时, ${V}_{\\mathrm{{CB}}} < 0$ ,对应于收集结正偏,电场方向与电子的运动方向相同,阻止少子的收集,即部分收集,形成比例输出电流,因此线性电阻区下的输出电流 ${I}_{\\mathrm{C}}$ 随 ${V}_{\\mathrm{{CE}}}$ 而线性变化。\n\nBJT 作为一种体内结构的少子扩散器件, 电流电压满足指数关系, 噪声低, 电流驱动能力强,因而在模拟电路中获得了广泛的应用。BJT 中载流子对势垒电容与少子扩散电容的充放电,影响器件的最高工作频率,而由基极电流 ${I}_{\\mathrm{B}}$ 决定的静态功耗则成为 $\\mathrm{{BJT}}$ 在大规模模拟集成电路应用中的主要限制因素。",
  "subsections": []
}