{
  "section_num": "10.4",
  "title": "高速高增益运放系统设计",
  "start_line": 8561,
  "end_line": 8842,
  "content": "### 10.4 高速高增益运放系统设计\n在数模混合电路设计中,需要充分利用现有的深亚微米 CMOS 工艺实现低压、高速、高精度的模拟集成运算放大器。通常, 速度和精度的要求相互矛盾并相互制约, 精度要求采用大的器件尺寸(L)、低的静态电流和多级结构,而速度则要求小的器件尺寸(L)、大的静态电流和单级结构。为适应低压高电源抑制比的需要,全差分运算放大器广泛应用于现代高速、 高精度模拟信号处理系统之中。\n#### 10.4.1 高速运放的系统结构\n## 1) Cascode 运放\nCascode 是实现高速运放系统的首选结构。从小信号分析的角度出发, Cascode 可以很好兼顾带宽与增益的要求,以单级低频极点的优势实现两级甚至多级增益的电压放大功能。 进一步提高增益还可采用多级或多层 Cascode 结构, 如图 10-1 所示。\n![0196aaa2-bbe2-70ee-823d-d4abf5c67805_293_329_923_887_495_0.jpg](images/0196aaa2-bbe2-70ee-823d-d4abf5c67805_293_329_923_887_495_0.jpg)\n图 10-1 两级 Folded Cascode 全差分 Class AB 输出结构\n图 10-1 所示的两级全差分结构中,输入级为 PMOS 差分输入的折叠式 Cascode 结构, 输出级采用 Class $\\mathrm{{AB}}$ 的互补推挽放大驱动,其中 ${\\mathrm{V}}_{\\mathrm{b}3}/{\\mathrm{V}}_{\\mathrm{b}4}$ 偏置的 ${\\mathrm{M}}_{14}/{\\mathrm{M}}_{15}$ 和 ${\\mathrm{M}}_{25}/{\\mathrm{M}}_{26}$ 提供差分输出级的 Class AB 偏置, ${V}_{b6}$ 偏置由 CMFB 的输出提供,通过第一级差分输出,控制第一级输出结点的静态工作点电位, 同时在输出级采用串联调节电阻的 Miller 电容补偿, 由此构成稳定工作的两级全差分放大器。\n图 10-2 为另一种类型的两级 Cascode 增益结构。输入级采用 NMOS 差分对的套筒式 Cascode 放大,第二级仍为 NMOS 差分输入的 CS 全差分增益级。与前一种两级全差分电路相比较,本电路两级全差分结构的每一级全差分输出共模信号均无定义,因此,应对第一级全差分输出采用 CMFB 控制其合适的静态工作点,并调节此静态工作点使第二级的全差分输出位于合理的工作点。 ${V}_{b1}$ 由附加的 CMFB 电路控制,分别稳定两级全差分输出的前后两级静态工作点。对于某一输出支路,采用两路并联的 Cascode Miller 电容补偿。以 ${V}_{\\mathrm{{on}}}$ 输出支路为例, ${C}_{\\mathrm{{C2}}}$ 经过与 ${\\mathrm{M}}_{4}$ 管的 CG Cascode 电阻串联形成一路补偿, ${C}_{\\mathrm{{C4}}}$ 与 ${\\mathrm{M}}_{6}$ 管的 CG Cascode 电阻串联形成另一路补偿,且两补偿支路之间为并联关系,最终形成稳定的两级全差分放大电路。\n以上两类全差分 Cascode 电路具备三级单级电压增益能力, 形成的 3 个极点中, 第一级 Cascode 增益级的输出为低频主极点, 输出级产生一个次极点, 另外 CG 结构还形成一个高频次极点。两级结构中的输出级极点由于频率不高,对电路带宽扩展存在一定的抑制作用。为此, 在牺牲低电源电压工作性能的前提下,可通过采用多层 Cascode 结构弥补以上不足,这样可消除原来的一个中频次极点,系统在保留原有主极点基础上,仅引入两个以下的高频次极点。\n![0196aaa2-bbe2-70ee-823d-d4abf5c67805_294_141_479_667_580_0.jpg](images/0196aaa2-bbe2-70ee-823d-d4abf5c67805_294_141_479_667_580_0.jpg)\n图 10-2 两级套筒式 Cascode 全差分放大电路\n![0196aaa2-bbe2-70ee-823d-d4abf5c67805_294_821_509_614_552_0.jpg](images/0196aaa2-bbe2-70ee-823d-d4abf5c67805_294_821_509_614_552_0.jpg)\n图 10-3 三层折叠式 Cascode 全差分放大电路\n图 10-3 给出了一种准三层折叠式 Cascode 单级放大电路, 该结构折中考虑了高增益和低电源电压的要求。其中输出级仅在 ${V}_{\\mathrm{{CC}}}$ 方向上增加了一层 Cascode 管,电源电压的提高幅度有限,而输出到 GND 之间仍然保持原有的基本 Cascode 结构,这样输出阻抗仅由直流对地的 Cascode 管的输出阻抗决定,增益比普通 Cascode 结构增加了近 1 倍。\n![0196aaa2-bbe2-70ee-823d-d4abf5c67805_294_388_1328_806_586_0.jpg](images/0196aaa2-bbe2-70ee-823d-d4abf5c67805_294_388_1328_806_586_0.jpg)\n图 10-4 多层 Cascode Class AB 的单级增益结构\n以上各类 Cascode 放大电路的输入级还可采用 Class AB 的差分输入结构如图 10-4 所示。在速度特性方面,通过消除普通差分对恒定尾电流的限制,通过动态增加大信号时的尾电流值, 提高大信号下的瞬态响应速度, 从而提高电路整体的速度性能。在增益方面, 输出级可采用多层 Cascode 以提高输出阻抗,满足精度要求。此外, Class AB 还可通过输入差分对非线性项的相互抵消, 实现线性范围与动态范围的近似相等, 降低非线性失真。\n多层 Cascode 的主要不足是所需的电源电压较高, 在低压高速运放的设计中应用难度较大。为避免这个缺点同时保留其高增益的特色,可采用增益提高的 Cascode 放大电路。 这种电路具有单级增益的带宽性能和多级增益的放大性能,由此在高速、高精度信号处理领域得到了广泛的关注和实际的应用。\n## 2) 增益提高型 Cascode 结构\n增益提高型 Cascode 放大器 GBCA(Gain Boost Cascode Amplifier),可以实现增益、带宽和低压工作的有效兼顾。在深亚微米条件下,普通的 Cascode Amplifier 直流增益仅能达到 50~ ${60}\\mathrm{\\;{dB}}$ ,对高精度所需要的至少 ${80}\\mathrm{\\;{dB}}$ 的要求尚有一段距离,而增益倍增技术可以在已有基础上进一步提高增益,且带宽、速度和最低电源电压等方面可避免过大的负面影响。\nGain Boosted 实现的基本原理是基于图 10-5(a) 所示的调节型电流源电路结构, 即通过提高输出结点的阻抗而实现增益的提高, 避免多级增益中低频次极点的引入。当不存在辅助运放而采用 ${V}_{\\text{biasl }}$ 直接偏置时,则还原到普通 Cascode 电路。根据电路结构,常规 Cas-code 的输出阻抗为 ${r}_{\\mathrm{o}} = {A}_{\\mathrm{V}2}{V}_{\\mathrm{x}}/{I}_{\\mathrm{o}} = {g}_{\\mathrm{m}2}{r}_{\\mathrm{o}2}{r}_{\\mathrm{o}1}$ 。\n![0196aaa2-bbe2-70ee-823d-d4abf5c67805_295_344_957_836_460_0.jpg](images/0196aaa2-bbe2-70ee-823d-d4abf5c67805_295_344_957_836_460_0.jpg)\n图 10-5 增益提高的 Cascode 放大器\n由于 ${\\mathrm{M}}_{2}$ 管构成环路的电压同相跟随器,为保证环路的负反馈性质,辅助放大器必须为反相放大器,当采用差分辅助运放时,反馈电压 ${V}_{\\mathrm{x}}$ 必须接辅助差分运放的反相位输入端。 在此条件下, ${\\mathrm{M}}_{2}$ 管的源电压变化信号 ${V}_{\\mathrm{x}}$ 经过 ${A}_{\\text{add }} < 0$ 的反向放大,加入到 ${\\mathrm{M}}_{2}$ 管栅上的信号近似为 ${A}_{\\text{add }}{V}_{\\mathrm{x}}$ ,则 ${\\mathrm{M}}_{2}\\mathrm{{CG}}$ 管的有效激励电压为 ${V}_{\\mathrm{x}} - {A}_{\\text{add }}{V}_{\\mathrm{x}} = \\left( {1 - {A}_{\\text{add }}}\\right) {V}_{\\mathrm{x}}$ 。因此,当采用调节型增益倍增技术后,直流支路输出到 GND 的阻抗变化为\n$$\n{r}_{\\mathrm{o}} = \\frac{{A}_{\\mathrm{V}2}{V}_{\\mathrm{x}}}{{I}_{\\mathrm{o}}} = \\left( {1 - {A}_{\\mathrm{{add}}}}\\right) {g}_{\\mathrm{m}2}{r}_{\\mathrm{o}2}{r}_{\\mathrm{o}1} = \\left( {\\left| {A}_{\\mathrm{{add}}}\\right|  + 1}\\right) {g}_{\\mathrm{m}2}{r}_{\\mathrm{o}2}{r}_{\\mathrm{o}1} \\approx  \\left| {A}_{\\mathrm{{add}}}\\right| {g}_{\\mathrm{m}2}{r}_{\\mathrm{o}2}{r}_{\\mathrm{o}1}\n$$\n(10 - 53)\n将调节型电流源中的 ${V}_{\\mathrm{{BIA}}\\% }$ 改成输入信号,即可构成 Gain Boosted 结构如图 10-5(b)所示。 为保持增益的改善,直流支路输出到 ${V}_{\\mathrm{{CC}}}$ 的阻抗变换应与以上到 GND 支路的输出阻抗相匹配,在此条件下并联阻抗近似为单支路阻抗的一半。取 $m \\approx  {0.5}$ ,则其直流增益为\n$$\n{A}_{\\mathrm{v}} = \\frac{{I}_{\\mathrm{o}}\\left( {{r}_{\\mathrm{{oA}}}//{r}_{\\mathrm{{oB}}}}\\right) }{{V}_{\\mathrm{i}}} \\approx  \\frac{{g}_{\\mathrm{{ml}}}{V}_{\\mathrm{i}}m{r}_{\\mathrm{{oA}}}}{{V}_{\\mathrm{i}}} = m\\left| {A}_{\\mathrm{{add}}}\\right| {g}_{\\mathrm{{ml}}}{r}_{\\mathrm{o}1}{g}_{\\mathrm{m}2}{r}_{\\mathrm{o}2} \\tag{10 - 54}\n$$\n在负载 ${C}_{\\mathrm{L}}$ 下主运放的单位增益带宽为\n$$\n\\mathrm{{GBW}} = {A}_{\\mathrm{v}}{p}_{1} = {A}_{\\mathrm{v}}\\frac{1}{\\left( {{r}_{\\mathrm{{oA}}}//{r}_{\\mathrm{{oB}}}}\\right) {C}_{\\mathrm{L}}} = \\frac{{A}_{\\mathrm{v}}}{m{r}_{\\mathrm{{oA}}}{C}_{\\mathrm{L}}} = \\frac{{g}_{\\mathrm{{ml}}}}{{C}_{\\mathrm{L}}} \\tag{10 - 55}\n$$\n式中, ${A}_{\\text{add }}$ 为辅助运放的反相电压增益,在其极点频率远大于主运放的 GBW 条件下,主运放单级增益的高速性质得以保存。\n因此, ${A}_{\\text{add }}$ 通常采用宽带单级增益结构,以最大限度降低对主运放速度性能的影响。从增益的角度看, GBCA 可以等效为 ${A}_{\\text{add }}$ 的增益级与 CS-CG Cascode 增益级的级连,所以优化设计辅助运放的增益和频率特性十分关键。\n若辅助运放采用差分运放结构,则辅助差分输入信号的共模信号的范围受到 ${A}_{\\text{add }}$ 输出摆幅下限和 ${V}_{\\mathrm{x}}$ 下限的限制, ${V}_{\\mathrm{x}}$ 下限为主 NMOS 放大管的 ${\\Delta }_{\\mathrm{n}}$ 饱和压降,否则当 ${A}_{\\text{add }}$ 参考电压提高后,主放大器输出电压的最低值由 $2{\\Delta }_{\\mathrm{n}}$ 增加到 ${\\Delta }_{\\mathrm{n}} + {V}_{\\text{refl }}$ 。同样,对于与之对称的 $\\mathrm{P}$ 型 GBCA,辅助运放差分电压的输入参考值受输出摆幅上限的限制,主放大器输出电压的最高值由 ${V}_{\\mathrm{{DD}}} - 2{\\Delta }_{\\mathrm{p}}$ 减小到 ${V}_{\\mathrm{{ref}}2} - {\\Delta }_{\\mathrm{p}}$ 。输出电压摆幅为 ${V}_{\\mathrm{{ref}}2} - {V}_{\\mathrm{{ref}}1} - {\\Delta }_{\\mathrm{n}} - {\\Delta }_{\\mathrm{p}}$ ,摆幅降低为 ${V}_{\\mathrm{{CC}}} -$ ${V}_{\\mathrm{{ref}}2} + {V}_{\\mathrm{{ref}}1} - \\left( {{\\Delta }_{\\mathrm{n}} + {\\Delta }_{\\mathrm{p}}}\\right)$ 。\n以上分析表明, Cascode 放大器是一种能将精度与速度特性很好结合在一起的电路结构,即采用单级高速增益结构实现多级高增益的功能。进一步增加增益需要采用多层 Cas-code 以提高输出阻抗,但多层 Cascode 受到较高工作电压的限制,或者说在低电压工作下的输出摆幅很小。此外增益要求大的 $L$ 与小的电流 $I$ ,与高速所要求的小 $L$ 、大电流 $I$ 相互矛盾,难以兼顾。因此,保持单级增益性质的 GBCA 和折叠式多层 Cascode Class AB 则逐步成为高速、高精度模拟信号处理系统中的主流结构。在保持原有结构特点的基础上,低压高稳定设计成为其中的难点。\n#### 10.4.2 高速 GBCA 运放结构设计\nGBCA 设计关注的重点在于提高输出信号摆幅范围、降低最小工作电压、提高对共模噪声的抑制。因此,全差分 GBCA 成为高速、高精度模拟信号处理领域中的主流运放结构。\n## 1)直流特性分析\n图 10-6 给出了 GBCA 电路的几种具体实现方式, 主要区别在于所采用的辅助运放不同, 造成输出动态范围的差异。考察 ${\\mathrm{M}}_{2}\\mathrm{{CG}}$ 管 $\\mathrm{x}$ 结点信号电压,在第一种常规结构中,由于负反馈 $\\mathrm{{CS}}$ ${\\mathrm{M}}_{3}$ 管的 ${V}_{\\mathrm{{GS}}}$ 钳位作用,使得 ${V}_{\\mathrm{x}}$ 的最低值比理想的过驱动电压近似增加一个 ${V}_{\\mathrm{{TN}}}$ 开启电压,因此该结构不太适合低压应用,但辅助运放只额外增加一个低频极点,对系统稳定性的影响最小。此外,由于 ${\\mathrm{M}}_{2}$ 寄生 Miller 电容引入的偶对,对系统的瞬态响应特性有一定影响。\n![0196aaa2-bbe2-70ee-823d-d4abf5c67805_296_213_1660_1150_423_0.jpg](images/0196aaa2-bbe2-70ee-823d-d4abf5c67805_296_213_1660_1150_423_0.jpg)\n图 10-6 GBCA 增益单元电路中的辅助运放结构\n第二种电平移位结构可以克服前一种的不足, ${V}_{\\mathrm{x}}$ 电位向上平移动 ${V}_{\\mathrm{{GSa}}} \\approx  {V}_{\\mathrm{{TN}}} + {\\Delta }_{\\mathrm{n}}$ 后再驱动辅助运放的输入,因此 ${V}_{\\mathrm{x}}$ 可以降低到电路允许的最小值,即 ${\\mathrm{M}}_{1}$ 管的一个过驱动电压的大小,因此该结构适合低压工作,代价是增加了低功耗支路电流的消耗,同时增加了一个由电平移位管所引起的高频极点,对系统稳定性和瞬态响应特性产生重要影响。\n第三种是辅助运放采用折叠式 Cascode 结构,辅助运放 PMOS 输入管的输入信号对 ${V}_{\\mathrm{x}}$ 的下限没有限制, ${V}_{\\mathrm{x}}$ 同样可以降低到最小值约为一个过驱动电压的大小。但该结构中的辅助运放同样引入一高频极点,对稳定性和瞬态特性的影响同样存在。\n以上三种结构的主放大器都是单级 CS 结构, 输入信号的共模范围受到严格的限制, 大致在一个 ${V}_{\\mathrm{{GS}}}$ 附近。因此,为扩展输入信号的共模范围,主运放也应采用差分放大结构,由此构成全差分 GBCA 结构。显然, 全差分 GBCA 一共需要 4 个如图 10-6 所示的单元结构,其中两个用于差分输入,两个用于负载。每个辅助放大器又有普通放大、差分放大两种选择。因此全差分 GBCA 存在多种结构上的变化, 主要体现在辅助运放上, 可以采用 4 个独立的单级放大单元,也可采用 4 个独立的差分放大,或两个独立的全差分放大器。\n![0196aaa2-bbe2-70ee-823d-d4abf5c67805_297_271_869_1021_819_0.jpg](images/0196aaa2-bbe2-70ee-823d-d4abf5c67805_297_271_869_1021_819_0.jpg)\n图 10-7 四辅助单级放大的 GBCA 结构\n图 10-7 给出了采用 4 个独立辅助放大器的 GBCA 电路结构, 其中辅助运放采用了具有电平移位功能 CS $- \\mathrm{{CG}}$ 的单级 Cascode 结构,而主运放则采用套筒式 Cascode 结构。为克服主运放输出摆幅小的缺点,并增加摆幅,采用了一种不同于常规的尾电流偏置技术,其关键在于保持恒流特性的条件下减小尾电流 ${\\mathrm{M}}_{14}/{\\mathrm{M}}_{19}$ 上的压降。如果该尾电流源的漏源两端的电压降低 ${\\Delta V}$ ,则输出摆幅可以提高 ${\\Delta V}$ 。为此引入尾电流复制反馈技术,可以将 ${\\mathrm{M}}_{14}/$ ${\\mathrm{M}}_{19}$ 偏置在线性区,同时保持尾电流恒定不变。恒流复制结构由 ${\\mathrm{M}}_{14}$ 、 ${\\mathrm{M}}_{19}$ 、 ${\\mathrm{M}}_{38}$ 、 ${\\mathrm{M}}_{41}$ 管组成。 其工作过程为: 当 ${\\mathrm{M}}_{14}/{\\mathrm{M}}_{19}$ 的漏端电压随输入共模电压而改变时, ${M}_{38}$ 的漏端电压就会发生相应的变化,由于 ${\\mathrm{M}}_{42}/{\\mathrm{M}}_{43}$ 中提供的恒定电流也流过 ${M}_{38}$ ,这样 ${\\mathrm{M}}_{38}$ 的栅极电压会自动调整, 从而保证 ${\\mathrm{M}}_{14}/{\\mathrm{M}}_{19}$ 中电流不变。采用共模反馈 CMFB 电路控制全差分运放输出的共模电平,通过共模负反馈作用调节 PMOS 恒流源的大小,改变与 NMOS 饱和电流的交点位置, 实现对全差分输出静态工作点的精确控制。\n图 10-8 给出了采用差分辅助运放的 GBCA 电路结构,驱动 NMOS 管的辅助运放由于输入共模电平较低,辅助运放需采用 PMOS 差分输入级,同样驱动 PMOS 管的辅助运放需采用NMOS差分输入级。图 10-8(a) 中的主运放采用的是套筒式结构,根据已有的分析结果对输入信号共模电平的上限范围存在限制, 因此对驱动 NMOS 管的辅助运放输入偏置电压提出具体要求,应满足 ${V}_{\\mathrm{{bias}}3} > {V}_{\\mathrm{i}\\_ \\mathrm{{CM}}} - {V}_{\\mathrm{{TN}}}$ 的条件,导致该类型 GBCA 电路的应用受到一定限制。图 10-8(b) 中的主运放采用的是折叠式 Cascode 结构, 该结构消除了对输入共模信号范围的限制要求,扩展了此类型 GBCA 电路的应用领域。一种采用 4 个折叠式 Cas-code 辅助运放的全差分折叠式 Cascode 电路如图 10-9 所示。\n![0196aaa2-bbe2-70ee-823d-d4abf5c67805_298_240_758_1087_481_0.jpg](images/0196aaa2-bbe2-70ee-823d-d4abf5c67805_298_240_758_1087_481_0.jpg)\n图 10-8 四个辅助运放套筒式和折叠式 GBCA 增益结构\n![0196aaa2-bbe2-70ee-823d-d4abf5c67805_298_332_1297_919_791_0.jpg](images/0196aaa2-bbe2-70ee-823d-d4abf5c67805_298_332_1297_919_791_0.jpg)\n图 10-9 全差分 GBCA 电路\n进一步分析发现, 图 10-8 中的两个同类型的辅助差分放大器可以两两合并, 分别组成 1 个独立的 $\\mathrm{N}$ 型和 $\\mathrm{P}$ 型输入的全差分辅助运放电路,并组成如图 10-10 所示的反馈控制结构。图 10-11 给出了主运放为套筒式 Cascode、而辅助运放采用两个全差分增益的 GBCA 电路结构。需要特别指出的是,当套筒式主运放采用全差分辅助运放控制后,原套筒式 GB-CA 中辅助运放固定偏置对输入信号共模电平范围限制的问题得到解决, 其原因在于全差分结构的输入和输出电位可以在一定的范围内通过内部 CMFB 自主调节,无需外部提供固定的输入偏置。\n![0196aaa2-bbe2-70ee-823d-d4abf5c67805_299_244_603_1052_652_0.jpg](images/0196aaa2-bbe2-70ee-823d-d4abf5c67805_299_244_603_1052_652_0.jpg)\n图 10-10 两个辅助差分运放套筒式单端输出 GBCA 增益结构\n![0196aaa2-bbe2-70ee-823d-d4abf5c67805_299_360_1349_819_714_0.jpg](images/0196aaa2-bbe2-70ee-823d-d4abf5c67805_299_360_1349_819_714_0.jpg)\n图 10-11 辅助全差分运放调节的套筒式全差分 GBCA 增益结构\n比较以上各种变化的 GBCA 电路,辅助运放采用全差分结构可缓解对输入共模信号范围的限制, 实现最大的输出摆幅, 这一点相对普通辅助放大器体现出优越性。在采用差分输入的辅助运放中,差分输出结构的复杂性与普通非差分结构相比大体相当,因为在全差分结构中需要增加 CMFB 结构。辅助运放可以采用图 10-1~图 10-4 所示的 Cascode 增益结构,可以是单级或两级放大。更为有趣的是,两个全差分辅助运放自身也可采用折叠式 GB-CA 结构,形成 GBCA 的嵌套式应用。\n综上所述, 全差分套筒式 Cascode 与全差分折叠式 Cascode 是 GBCA 主运放电路采用的主流结构, 辅助运放多采用普通 Cascode 或全差分 Cascode 增益结构, 甚至是 GBCA 的嵌套结构,导致其电路系统设计复杂,包括静态工作点的设定和动态范围的控制,最小工作电压与电路体系结构的关系, 系统零极点分布对频率和稳定性影响等。此外, 在 GBCA 运放系统结构基本确定的前提下,系统精度和速度性能的进一步提高,还紧密依赖于器件参数的优化设计。\n#### 10.4.3 高速 GBCA 频率特性设计\n前文重点给出了 GBCA 电路结构体系的设计和直流特性的分析, 该电路设计的难点之一在于频率特性的控制。需要指出的是, $\\mathrm{{GB}}$ - $\\mathrm{{CA}}$ 的频率特性与两级增益结构有本质区别, 起增益倍增作用的辅助(反馈)放大器在其中起到十分关键性的作用。在忽略高频次极点作用的条件下, 理想 GBCA 放大电路应保持普通 Cascode 放大器单级增益的频率响应特性,如图 10-12 所示。图中, ${A}_{\\text{add }}$ 为辅助运放增益的幅频特性, ${A}_{\\text{orig }}$ 为不加辅助运放的主运放 Cascode 电路的幅频特性, ${A}_{\\text{tot }}$ 为 GBCA 运放系统总增益的幅频特性。\n![0196aaa2-bbe2-70ee-823d-d4abf5c67805_300_805_990_602_378_0.jpg](images/0196aaa2-bbe2-70ee-823d-d4abf5c67805_300_805_990_602_378_0.jpg)\n图 10-12 CA、GBCA 的频率特性\n主运放 ${A}_{\\text{orig }}$ 为 $\\mathrm{{CS}} - \\mathrm{{CG}}$ 的 Cascode 开环放大增益结构,这是一个典型的两极点增益系统,设 ${\\omega }_{1},{\\omega }_{2},{\\omega }_{u}$ 分别为 $\\mathrm{{CS}} - \\mathrm{{CG}}$ Cascode 主运放的主次极点频率和单位增益带宽,即\n$$\n\\left. \\begin{array}{l} {p}_{1} = {\\omega }_{1} = \\frac{1}{\\left( {{g}_{\\mathrm{m}2}{r}_{\\mathrm{o}2}}\\right) {r}_{\\mathrm{o}1}{C}_{\\mathrm{L}}} \\\\  {p}_{2} = {\\omega }_{2} = \\frac{{g}_{\\mathrm{m}2}}{{C}_{\\mathrm{x}}} \\end{array}\\right\\}   \\tag{10 - 56}\n$$\n$$\n\\mathrm{{GBW}} = {\\omega }_{\\mathrm{u}} = {A}_{\\mathrm{{orig}}0}{\\omega }_{1} \\approx  \\frac{\\left( {{g}_{\\mathrm{m}1}{r}_{\\mathrm{o}1}}\\right) \\left( {{g}_{\\mathrm{m}2}{r}_{\\mathrm{o}2}}\\right) }{{g}_{\\mathrm{m}2}{r}_{\\mathrm{o}1}{r}_{\\mathrm{o}2}{C}_{\\mathrm{L}}} = \\frac{{g}_{\\mathrm{m}1}}{{C}_{\\mathrm{L}}} \\tag{10 - 57}\n$$\n由于 ${C}_{\\mathrm{x}} \\ll  {C}_{\\mathrm{L}}$ ,次极点 ${\\omega }_{2} \\gg  \\mathrm{{GBW}}$ ,主运放的稳定性容易得到满足,即主放大器保持单级增益放大器的频率特性,同时低频增益具有两级电压增益的性质。当采用辅助运放后,系统电压增益提高的方式与 Cascode 增益提高的方式相类似, 即辅助运放对主极点的压缩仅通过输出阻抗的变换方式实现。由于输出阻抗与频率无关,因此主极点压缩与辅助运放的直流增益有关, 当其带宽大于 Cascode 主运放带宽时, 如图 10-12 所示, 辅助运放极点影响可以忽略。Cascode 增益提高方式是通过增加输出阻抗以实现增益的倍增,同时实现主极点的压缩；而级联 (Cascade) 则是通过增益的乘积实现总低频增益的提高,因此将引入相近的低频增益级极点, 只有依靠 Miller 补偿电容的倍增效应可以实现主极点的压缩。因此, 增益提高的 Cascode 与常规 Cascode 具有相类似的单位带宽表达式, 但与两级增益的 GBW 明显不同。两级运放次极点为 ${p}_{2} = {g}_{\\mathrm{m}2}/{C}_{\\mathrm{L}}$ , Cascode 运放的次极点 ${p}_{2} = {g}_{\\mathrm{m}2}/{C}_{\\mathrm{x}}$ 则明显扩展,其中由 ${C}_{\\mathrm{{gs}}}$ 和 ${C}_{\\mathrm{{gd}}}$ 组成的 ${C}_{\\mathrm{x}}$ 电容远远小于负载电容 ${C}_{\\mathrm{L}}$ 。\n在 GBCA 中,辅助运放 ${A}_{\\text{add }}$ 的作用可视为对 ${g}_{\\mathrm{m}2}$ 管跨导的倍增,或是通过进一步改变 Cascode 的输出阻抗提高系统增益。在 ${A}_{\\text{add }}$ 为理想常数且带宽无穷大的条件下,反馈放大器则不引入附加极点,导致 GBCA 运放低频增益进一步提高为\n$$\n{A}_{0} = {g}_{\\mathrm{m}1}\\left\\lbrack  {\\left( {1 + {A}_{\\mathrm{{add}}0}}\\right) {g}_{\\mathrm{m}2}}\\right\\rbrack  {r}_{\\mathrm{o}2}{r}_{\\mathrm{o}1} \\approx  {A}_{\\mathrm{{add}}0}{g}_{\\mathrm{m}1}{r}_{\\mathrm{o}1}{g}_{\\mathrm{m}2}{r}_{\\mathrm{o}2} \\tag{10 - 58}\n$$\n主极点压缩为\n$$\n{\\omega }_{\\mathrm{t}1} = \\frac{{\\omega }_{1}}{{A}_{\\mathrm{{add}}0}} = \\frac{1}{{A}_{\\mathrm{{add}}0}\\left( {{g}_{\\mathrm{m}2}{r}_{\\mathrm{o}2}}\\right) {r}_{\\mathrm{o}1}{C}_{\\mathrm{L}}} \\tag{10 - 59}\n$$\n显然, GBCA 运放系统的直流增益提高了 ${A}_{\\text{add0 }}$ 倍,抵消了主极点 ${\\omega }_{\\mathrm{{tl}}}$ 下降同样倍数的作用,使 GBCA 的单位增益带宽 GBW 仍然保持为原主运放 ${\\omega }_{\\mathrm{u}}$ 的结果不变,即\n$$\n\\mathrm{{GBW}} = {A}_{\\mathrm{{tot}}0}{\\omega }_{\\mathrm{t}1} \\approx  {A}_{\\mathrm{{add}}0}{g}_{\\mathrm{m}1}{g}_{\\mathrm{m}2}{r}_{\\mathrm{o}1}{r}_{\\mathrm{o}2}\\frac{1}{{A}_{\\mathrm{{add}}0}\\left( {{g}_{\\mathrm{m}2}{r}_{\\mathrm{o}2}}\\right) {r}_{\\mathrm{o}1}{C}_{\\mathrm{L}}} = \\frac{{g}_{\\mathrm{m}1}}{{C}_{\\mathrm{L}}} = {\\omega }_{\\mathrm{u}} \\tag{10 - 60}\n$$\n由于次极点频率 ${\\omega }_{2} = \\left( {1 + {A}_{\\mathrm{{add}}0}}\\right) {g}_{\\mathrm{m}2}/{C}_{\\mathrm{x}}$ 在理想条件下可以扩展到极高频,因此不考虑辅助运放频率特性条件下的 GBCA 放大器退化成两极点系统,且次极点的作用可以忽略, 理想 $\\mathrm{{GBCA}}$ 保持单级增益的频率特性不变。在频率远大于 ${\\omega }_{\\mathrm{{tl}}}$ 但小于 ${\\omega }_{2}$ 的中频段, $\\mathrm{{GBCA}}$ 运放在理想状态下的频率特性可表示为\n$$\n{A}_{\\text{tot }}\\left( s\\right)  =  - \\frac{{A}_{\\text{tot }}}{\\left( {1 + s/{\\omega }_{\\mathrm{t}1}}\\right) \\left( {1 + s/{\\omega }_{2}}\\right) } \\approx   - \\frac{{A}_{\\text{orig0 }}{A}_{\\text{add0 }}}{1 + s/{\\omega }_{\\mathrm{t}1}} =  - \\frac{\\mathrm{{GBW}}}{s} \\tag{10 - 61}\n$$\n现实中,辅助放大器至少引入 1 个以上的极点。当反馈运放引入一个极点后, GBCA 运放为 3 极点系统；当引入 2 个极点,则 GBCA 运放则为 4 级系统。显然,辅助运放引入极点形成的 ${\\omega }_{\\mathrm{{au}}}$ 若远高于 ${\\omega }_{\\mathrm{u}}$ ,则对主运放的影响可以忽略；否则,辅助运放低频极点的引入,将显著改变 GBCA 的中高频特性,并对系统的稳定性产生重要影响。\n在 $\\mathrm{{GBCA}}$ 中,存在一个由辅助放大器和 ${\\mathrm{M}}_{2}$ 源极跟随器构成的内部负反馈环路。在辅助运放单极点近似条件下,设 ${\\omega }_{\\mathrm{{al}}}$ 和 ${\\omega }_{\\mathrm{{au}}}$ 分别为辅助运放的主极点频率和单位增益带宽, GB- $\\mathrm{{CA}}$ 次极点频率 ${\\omega }_{2}$ 同时也成为内部环路的高频次极点,即该内部环路的次极点与主运放的次极点重合。为确保内部环路的稳定,内部环路单位增益带宽 ${\\omega }_{\\mathrm{{au}}}$ 只能位于环路的次极点范围内,即 ${\\omega }_{\\mathrm{{au}}} < {\\omega }_{2}$ ,在此条件下辅助运放的主极点被压缩至 ${\\omega }_{\\mathrm{{al}}} \\ll  {\\omega }_{2}$ 的区域。\n当 ${\\omega }_{\\mathrm{a}1} \\gg  {\\omega }_{2} > \\mathrm{{GBW}}$ 时,对应于以上理想的 $\\mathrm{{GBCA}}$ 状态,此时 ${\\omega }_{2}$ 成为内部环路的主极点, ${\\omega }_{\\mathrm{{au}}}$ 由 ${\\omega }_{2}$ 决定,在 ${\\omega }_{\\mathrm{{al}}}$ 次极点很大的条件下,环路稳定；否则,当 ${\\omega }_{\\mathrm{{al}}}$ 较小使 ${\\omega }_{\\mathrm{{au}}} > {\\omega }_{2}$ 时,则环路不稳定。实际上,由于低频极点 ${\\omega }_{\\mathrm{a}1} > {\\omega }_{2}$ 的可能性几乎不存在,这里仅讨论有现实意义的 ${\\omega }_{\\mathrm{a}1} \\ll  {\\omega }_{2}$ 状态,即 ${\\omega }_{\\mathrm{a}\\mathrm{u}} < {\\omega }_{2}$ 的内部闭环稳定控制状态。\n在现实条件下, $\\mathrm{x}$ 结点输出阻抗受辅助运放的调节作用,使得次极点频率 ${\\omega }_{2}$ 与辅助运放的频率特性相关。由于在 ${\\omega }_{2}$ 频率下辅助运放的增益 ${A}_{\\text{add }} < 1$ ,则次极点频率保持 ${\\omega }_{2} \\approx$ ${g}_{\\mathrm{m}2}/{C}_{\\mathrm{x}}$ ,即原始 $\\mathrm{{CA}}$ 的结果近似不变,且 ${\\omega }_{2} \\gg  \\mathrm{{GBW}}$ 。在高频下增益也会产生衰减。\n由于辅助运放相对于基本原始运放的结构近似, ${\\omega }_{\\mathrm{{al}}} > {\\omega }_{\\mathrm{u}}$ 的条件很难满足,若至少在 ${\\omega }_{\\mathrm{{tl}}}$ 的频率下辅助运放的增益应为低频常数,即 ${\\omega }_{\\mathrm{{al}}} > {\\omega }_{\\mathrm{{tl}}}$ 则可保持主极点位置和带宽不变。 由于辅助运放的增益远小于系统增益, ${\\omega }_{\\mathrm{{al}}} > {\\omega }_{\\mathrm{{rl}}}$ 的条件容易满足。对此条件两边同乘以一个 ${A}_{\\text{add }0}$ 常数后,得到 ${A}_{\\text{add }0}{\\omega }_{\\mathrm{a}1} = {\\omega }_{\\mathrm{a}\\mathrm{u}}$ 、 ${A}_{\\text{add }0}{\\omega }_{\\mathrm{t}1} = {\\omega }_{1}$ 。\n辅助运放的单位增益带宽 ${\\omega }_{\\mathrm{{au}}}$ 必须大于基本 Cascode 运放的主极点频率 ${\\omega }_{1}$ ,即 ${\\omega }_{\\mathrm{{au}}} >$ ${\\omega }_{1}$ ,这是实现倍增控制的最低要求。当辅助运放也采用与基本运放相同的 Cascode 单级增益时,以上最低要求比较容易满足。由此得到 ${\\omega }_{\\mathrm{{au}}}$ 的范围为\n$$\n{\\omega }_{1} < {\\omega }_{\\mathrm{{au}}} < {\\omega }_{2},{\\omega }_{\\mathrm{{au}}} = \\frac{{g}_{\\mathrm{{ma}}}}{{C}_{\\mathrm{g}2}},{\\omega }_{2} \\approx  \\frac{{g}_{\\mathrm{m}2}}{{C}_{\\mathrm{x}}} \\tag{10 - 62}\n$$\n${\\omega }_{\\mathrm{{au}}}$ 可在其频率附近也就是系统 GBW 附近引入开环主运放的偶对。虽然偶对对运放系统的相位特性影响不大,但对瞬态特性在特定条件下的影响很大。首先,应考察辅助运放引起偶对的原因。在忽略寄生电容作用的条件下, 单级点性质的 GBCA 增益传递函数为\n$$\n{A}_{\\text{tot }}\\left( s\\right)  =  - {g}_{\\mathrm{{ml}}}\\left\\lbrack  {{R}_{\\mathrm{O}}\\left( s\\right) //\\frac{1}{s{C}_{\\mathrm{L}}}}\\right\\rbrack   =  - \\frac{{g}_{\\mathrm{{ml}}}}{\\left\\lbrack  {1 - {A}_{\\text{add }}\\left( s\\right) }\\right\\rbrack  {g}_{\\mathrm{m}2}{r}_{\\mathrm{o}1}{r}_{\\mathrm{o}2} + s{C}_{\\mathrm{L}}} \\tag{10 - 63}\n$$\n若反相放大器 ${A}_{\\text{add }}\\left( s\\right)$ 为常数 ${A}_{0}$ ,或其带宽远高于 ${A}_{\\text{tot }}$ 带宽,则输出阻抗保持 ${R}_{\\mathrm{O}} \\approx$ ${A}_{0}{g}_{\\mathrm{m}2}{r}_{\\mathrm{o}1}{r}_{\\mathrm{o}2}$ 常数不变,即与频率无关,形成主运放增益 ${A}_{\\mathrm{{tot}}}$ 的单极点频率为 ${\\omega }_{\\mathrm{{rl}}} = 1/\\left( {{R}_{\\mathrm{O}}{C}_{\\mathrm{L}}}\\right)$ $= 1/\\left( {{A}_{0}{g}_{\\mathrm{m}2}{r}_{\\mathrm{o}1}{r}_{\\mathrm{o}2}{C}_{\\mathrm{L}}}\\right)$ 。\n若辅助运放采用 ${A}_{\\text{add }}\\left( s\\right)  =  - {A}_{\\text{addo }}/\\left( {1 + s/{\\omega }_{\\mathrm{a}1}}\\right)$ 的单极点模型近似,且 ${A}_{\\text{addo }} \\gg  1$ ,得到\n$$\n{A}_{\\text{tot }}\\left( s\\right)  =  - \\frac{{g}_{\\mathrm{{ml}}}\\left( {{A}_{\\mathrm{{add}}0} + 1 + s/{\\omega }_{\\mathrm{a}1}}\\right) }{s{C}_{\\mathrm{L}}\\left( {{A}_{\\mathrm{{add}}0} + 1 + s/{\\omega }_{\\mathrm{a}1}}\\right)  + \\left( {1 + s/{\\omega }_{\\mathrm{a}1}}\\right) /\\left( {{g}_{\\mathrm{m}2}{r}_{\\mathrm{o}1}{r}_{\\mathrm{o}2}}\\right) }\n$$\n$$\n\\approx   - \\frac{{g}_{\\mathrm{m}1}}{{C}_{\\mathrm{L}}}\\frac{{A}_{\\mathrm{{add}}0} + s/{\\omega }_{\\mathrm{a}1}}{s\\left( {{A}_{\\mathrm{{add}}0} + s/{\\omega }_{\\mathrm{a}1}}\\right)  + {\\omega }_{1}\\left( {1 + s/{\\omega }_{\\mathrm{a}1}}\\right) } \\tag{10 - 64}\n$$\n代入 ${\\omega }_{\\text{au }} = {A}_{\\text{add0 }}{\\omega }_{\\text{al }}$ 的条件,在 $\\omega  \\gg  {\\omega }_{\\text{al }}$ 的频率范围下,开环增益为\n$$\n{A}_{\\text{tot }}\\left( s\\right)  =  - \\frac{{\\omega }_{\\mathrm{u}}}{s}\\frac{1 + s/{\\omega }_{\\mathrm{{au}}}}{1 + s/{\\omega }_{\\mathrm{{au}}} + {\\omega }_{1}/{\\omega }_{\\mathrm{{au}}}} =  - \\frac{{\\omega }_{\\mathrm{u}}}{s}\\frac{1}{1 + {\\omega }_{1}/{\\omega }_{\\mathrm{{au}}}}\\frac{1 + s/{\\omega }_{\\mathrm{{dz}}}}{1 + s/{\\omega }_{\\mathrm{{dp}}}} \\tag{10 - 65}\n$$\n由内部反馈环路形成的一对偶对分别为 ${\\omega }_{\\mathrm{{dz}}} = {\\omega }_{\\mathrm{{au}}}\\text{、}{\\omega }_{\\mathrm{{dp}}} = {\\omega }_{\\mathrm{{au}}} + {\\omega }_{1}$ 。以偶对中数值较小的零点 ${\\omega }_{\\mathrm{d}z}$ 为参照,偶对的分离系数 $\\alpha$ 为\n$$\n\\alpha  = \\frac{{\\omega }_{\\mathrm{{dp}}}}{{\\omega }_{\\mathrm{{dz}}}} = \\frac{{\\omega }_{\\mathrm{{au}}} + {\\omega }_{1}}{{\\omega }_{\\mathrm{{au}}}} = 1 + \\frac{1/\\left( {{g}_{\\mathrm{m}2}{r}_{\\mathrm{o}2}{r}_{\\mathrm{o}1}{C}_{\\mathrm{L}}}\\right) }{{g}_{\\mathrm{{ma}}}/{C}_{\\mathrm{{La}}}} = 1 + \\frac{{C}_{\\mathrm{{La}}}}{{C}_{\\mathrm{L}}}\\frac{1}{{g}_{\\mathrm{{ma}}}{g}_{\\mathrm{m}2}{r}_{\\mathrm{o}1}{r}_{\\mathrm{o}2}} \\tag{10 - 66}\n$$\n显然, $\\alpha  \\rightarrow  1$ ,该零极点的分离度与辅助运放的单位增益带宽和基本 $\\mathrm{{CA}}$ 放大器主极点频率密切相关。在以上简单近似条件下,由于 ${\\omega }_{\\mathrm{{au}}}$ 与 ${\\omega }_{1}$ 无关,则当单调增加辅助运放带宽使 ${\\omega }_{\\mathrm{{au}}} \\gg  {\\omega }_{1}$ 时,形成的偶对相互间越来越靠近,对系统相位的影响可以忽略,而对瞬态特性的影响必须以闭环系统进行分析。对于 $F$ 反馈系数由以上开环构成的闭环系统,开环系统的偶对将变成闭环系统的偶对。在 ${\\omega }_{\\text{au }} \\gg  {\\omega }_{1}$ 的频率范围下,有\n$$\n{A}_{\\mathrm{{CL}}}\\left( s\\right)  = \\frac{1}{F + \\frac{s}{{\\omega }_{\\mathrm{u}}}\\frac{1 + s/{\\omega }_{\\mathrm{{dp}}}}{1 + s/{\\omega }_{\\mathrm{{dz}}}}\\left( {1 + \\frac{{\\omega }_{1}}{{\\omega }_{\\mathrm{{au}}}}}\\right) } = \\frac{1}{F}\\frac{1 + s/{\\omega }_{\\mathrm{{dz}}}}{1 + s/{\\omega }_{\\mathrm{{dz}}} + \\frac{s}{F{\\omega }_{\\mathrm{u}}}\\alpha \\left( {1 + \\frac{s}{{\\omega }_{\\mathrm{{dp}}}}}\\right) } \\tag{10-67}\n$$\n设闭环系统在主次极点分离条件下的主极点频率为 ${\\omega }_{\\mathrm{t}} = F{\\omega }_{\\mathrm{u}}$ 。考虑到 ${\\omega }_{\\mathrm{{dp}}} \\approx  \\alpha {\\omega }_{\\mathrm{{dz}}} =$ $\\alpha {\\omega }_{\\mathrm{{au}}}$ ,且 $\\alpha  \\rightarrow  1$ ; 偶对中极点 ${\\omega }_{\\mathrm{{dp}}}$ 相对 ${\\omega }_{\\mathrm{t}}$ 的位置由比值系数 $\\beta  = {\\omega }_{\\mathrm{{dp}}}/{\\omega }_{\\mathrm{t}}$ 决定,即主要由 ${\\omega }_{\\mathrm{{au}}}$ 与 ${\\omega }_{\\mathrm{u}}$ 的位置关系所决定, ${\\omega }_{\\mathrm{{au}}} = \\left( {\\beta /\\alpha }\\right) {\\omega }_{\\mathrm{t}}$ 。则有\n$$\n{A}_{\\mathrm{{CL}}}\\left( s\\right)  \\approx  \\frac{1}{F}\\frac{1 + s/{\\omega }_{\\mathrm{{au}}}}{\\left\\lbrack  {1 + s/\\left( {{\\omega }_{\\mathrm{t}}/\\alpha }\\right) }\\right\\rbrack  \\left\\lbrack  {1 + s/\\left( {\\beta {\\omega }_{\\mathrm{t}}}\\right) }\\right\\rbrack  } \\tag{10 - 68}\n$$\n在阶跃激励下, 对以上传递函数进行拉氏反变换, 得到如下的输出形式:\n$$\n\\frac{{V}_{0}\\left( s\\right) }{{V}_{\\text{swing }}} = \\frac{1}{s} - \\frac{A}{s + {\\omega }_{\\mathrm{t}}/\\alpha } - \\frac{B}{s + \\beta {\\omega }_{\\mathrm{t}}} = \\frac{1}{s} - \\frac{\\alpha \\left( {\\beta  - 1}\\right) /\\left( {{\\alpha \\beta } - 1}\\right) }{s + {\\omega }_{\\mathrm{t}}/\\alpha } - \\frac{\\left( {\\alpha  - 1}\\right) /\\left( {{\\alpha \\beta } - 1}\\right) }{s + \\beta {\\omega }_{\\mathrm{t}}}\n$$\n(10 - 69)\n在 $\\alpha  \\rightarrow  1$ 的条件下,以上闭环系统在 $1\\left( t\\right)$ 激励下的瞬态输出响应近似为\n$$\n{V}_{\\mathrm{o}}\\left( t\\right)  \\approx  F{V}_{\\mathrm{i}\\_ \\text{step }}\\left\\lbrack  {1 - \\exp \\left( {-\\frac{1}{\\alpha }{\\omega }_{\\mathrm{t}}t}\\right)  - \\frac{\\alpha  - 1}{\\beta  - 1}\\exp \\left( {-\\beta {\\omega }_{\\mathrm{t}}t}\\right) }\\right\\rbrack   \\tag{10 - 70}\n$$\n瞬态特性的理论分析表明,闭环偶对的相对位置关系近似保持原有开环下的性质不变。 在高频极点影响下,闭环主极点带宽下降为 ${\\omega }_{\\mathrm{t}}/\\alpha$ 。当 $\\beta  > 1$ 时,即 ${\\omega }_{\\mathrm{{au}}} > {\\omega }_{\\mathrm{u}}$ ,偶对在系统闭环带宽以外,对闭环瞬态特性的影响可忽略; 当 $\\beta  < 1$ ,即 ${\\omega }_{\\mathrm{{au}}} < {\\omega }_{\\mathrm{u}}$ 时,偶对在系统闭环带宽以内,将对系统闭环瞬态特性产生重要影响。设计中应取 $\\beta  \\gg  1$ ,且 $\\alpha  \\rightarrow  1$ ,辅助运放的单位增益带宽范围为满足系统稳定性和瞬态响应速度的要求,其合理的范围为 $\\left( {{\\omega }_{\\mathrm{t}}/\\alpha  \\sim  {\\omega }_{2}}\\right)$ 之间,即\n$$\n{\\omega }_{\\mathrm{t}} < {\\omega }_{\\mathrm{{au}}} < {\\omega }_{2},{\\omega }_{\\mathrm{t}} = F{\\omega }_{\\mathrm{u}},{\\omega }_{\\mathrm{{au}}} = \\frac{{g}_{\\mathrm{{ma}}}}{{C}_{\\mathrm{g}2}},{\\omega }_{2} \\approx  \\frac{{g}_{\\mathrm{m}2}}{{C}_{\\mathrm{x}}} \\tag{10 - 71}\n$$\n因此,对于辅助运放的单极点近似,并在忽略高频次极点 ${\\omega }_{2}$ 的条件下,辅助运放的带宽选取大于闭环带宽 ${\\omega }_{t}$ ,但远小于 ${\\omega }_{2}$ ,使系统稳定性和瞬态响应特性均能很好地满足。\n以上系统的双极点分析结果仅在 ${\\omega }_{2} \\gg  \\mathrm{{GBW}}$ 的条件下成立,因此当 ${\\omega }_{\\mathrm{{au}}}$ 增大到主运放的 GBW 以外时,若 ${\\omega }_{\\mathrm{{au}}}$ 仍然远离 ${\\omega }_{2}$ ,高频次极点的作用仍然可以忽略。否则,当 ${\\omega }_{\\mathrm{{au}}}$ 增加到超过 $\\mathrm{{GBW}}$ 后并接近 ${\\omega }_{2}$ 时, ${\\omega }_{2}$ 对系统的影响无法忽略,即这两个高频极点间的相互影响和作用导致共轭复极点产生,并向 RHP 平面移动。这样,原有的偶对消失,不但对闭环系统的瞬态特性产生明显的作用,并使闭环系统的稳定性下降。当继续增加 ${\\omega }_{\\mathrm{{au}}}$ 使 ${\\omega }_{\\mathrm{{au}}} \\gg  {\\omega }_{2}$ 后,原来的偶极的性质恢复,并且位于 ${\\omega }_{2}$ 外的高频段,对系统影响逐步减弱,并还原到辅助运放不含极点或带宽无穷大时所对应的理想控制状态。\n在 ${\\omega }_{\\mathrm{t}} < {\\omega }_{\\mathrm{{au}}} < {\\omega }_{2}$ 的条件下,考虑高频次极点影响后的闭环传递函数为\n$$\n{A}_{\\mathrm{{CL}}}\\left( s\\right)  \\approx  \\frac{1}{F}\\frac{1 + s/{\\omega }_{\\mathrm{{dz}}}}{\\left( {1 + s/{\\omega }_{\\mathrm{t}}}\\right) \\left( {1 + s/{\\omega }_{\\mathrm{{pA}}}}\\right) \\left( {1 + s/{\\omega }_{\\mathrm{{pB}}}}\\right) }\n$$\n$$\n= \\frac{1}{F}\\frac{1 + s/{\\omega }_{\\mathrm{{au}}}}{\\left( {1 + \\frac{s}{F{\\omega }_{\\mathrm{u}}}}\\right) \\left( {1 + \\frac{{g}_{\\mathrm{m}2}{C}_{\\mathrm{{La}}} + {g}_{\\mathrm{{ma}}}{C}_{\\mathrm{{gs}}2}}{{g}_{\\mathrm{m}2}{g}_{\\mathrm{{ma}}}}s + \\frac{{C}_{\\mathrm{T}}^{2}}{{g}_{\\mathrm{m}2}{g}_{\\mathrm{{ma}}}}{s}^{2}}\\right) } \\tag{10 - 72}\n$$\n如辅助运放引入 2 个极点, 则闭环系统极点总数达到 4 个, 主极点和 GBW 的近似通常可以成立,在 ${\\omega }_{\\mathrm{{au}}}$ 附近有一对偶对,同时在辅助运放次极点附近也形成一个高频偶对,此外主运放还保留一个高频次极点频率。与三极点系统类似,随着 ${\\omega }_{\\mathrm{{au}}}$ 的增加偶对会发生变化。当低频偶对在系统带宽 GBW 以内时, 对瞬态特性的影响不可忽略, 在此区间内由于偶对中的零点和极点在两个特定的频率点下相交, $\\alpha  = 1$ 而使瞬态项抵消,但该频率点的精确控制无法实现。而当低频偶对增加到超过系统带宽并接近高频偶对时, 原来两对偶对相互作用后将产生一对共轭复极点和一对共轭复零点, 导致稳定性下降。通常在达到两对偶对相互作用之前,可实现最佳的瞬态响应控制。\n在避免形成共轭复极点和共轭复零点的前提下, 将系统中的所有极点均以系统带宽为参照进行归一化。保持主运放 ${70}^{ \\circ  }$ 的相位裕度,则 Cascode 主运放次极点至少为 2.6GBW, 辅助运放形成的偶对对 GBCA 运放系统的相位迟滞影响可以忽略, 则 GBCA 系统电路的相位裕度与 Cascode 主运放基本相同。辅助运放的单位增益带宽近似取大于系统 GBW 但小于主运放次极点,即 ${\\omega }_{\\mathrm{{au}}}$ 在 $1 \\sim  {1.5}\\mathrm{{GBW}}$ 之间,而辅助运放的次极点在 5 倍 $\\mathrm{{GBW}}$ 外,该极点频率越高,瞬态响应速度越快,而且系统频率特性对 ${\\omega }_{\\mathrm{{au}}}$ 变化的敏感度越低。这要求辅助运放的相位裕度在 ${80}^{ \\circ  }$ 以上,内部环路的相位裕度仍然保持在 ${60}^{ \\circ  }$ 左右。\n根据以上分析结果, 得到 GBCA 电路的设计流程如下:\n(1)根据系统应用要求,确定 GBCA 的系统结构和主要设计指标；\n(2)根据噪声、精度、速度等核心指标要求,给出关键结点位置初始电路参数设计；\n(3)估算电路内各结点负载电容和寄生电容的大小；\n(4)根据速度要求和负载电容大小,计算充放电的尾电流值；\n(5)根据采样周期,设定 GBCA 主运放电路的增益和带宽要求,即确定 ${\\omega }_{1},{A}_{0},\\mathrm{{GBW}} =$ ${A}_{0}{\\omega }_{1}$ 以及 ${\\omega }_{2}$ ,满足 ${\\omega }_{2} > {2.64}\\mathrm{{GBW}}$ 的要求;\n( 6 )确定辅助运放的增益和带宽,即确定 ${A}_{\\text{add0 }}$ 、 ${\\omega }_{\\mathrm{a}1}$ 、 ${\\omega }_{\\mathrm{a}2}$ ,满足 ${\\omega }_{\\mathrm{a}\\mathrm{u}} = {A}_{\\text{add }}{\\omega }_{\\mathrm{a}{10}} = {1.2}\\mathrm{{GBW}}$ 、 ${\\omega }_{\\mathrm{a}2} > 5\\mathrm{{GBW}}$ 的要求;\n(7)根据带宽、增益和速度等关键指标的计算结果,设计电路中各 MOS 管的尺寸,修正对寄生电容的结算结果;\n(8)结合实际 CMOS 工艺,采用 HSPICE 或 Spectre 模拟,验证并修改设计结果。"
}