{
  "section_num": "7.6",
  "title": "参考文献",
  "start_line": 5641,
  "end_line": 5666,
  "content": "### 7.6 参考文献\n[1] Cherry E M. Feedback Amplifier Configurations. IEE Proc-Circuits Devices System, 2000,147(6): 334~346\n[2] Cheery E M. Input Impetance and Output Impedance of Feedback Amplifier. IEE Proc-Circuits Devices System,1996,143(4) : 195~201\n[3] Drels M; 金爱娟等译. 线性控制系统工程. 北京:清华大学出版社,2005\n[ 4 ] Hertling DR, Connelly J A. Effective Teaching of Feedback Analysis. IEEE Mixed-Signal Design, ${1999},1 : {81} \\sim  {86}$\n[5] Lim H, Park J. Frequency-Domain Analysis of Effects of the Location of a Feedback Resistor in a Current Feedback Amplifier. IEEE Trans. Circuits and Systems, 2006,53(8):687~691\n[ 6 ] Celma S, Perez F, Martinez P A. Simple Compensation Techniques for Current Feedback Op-Amps. IEEE Electronics, Circuits and Systems, ${1998},2 : {367} \\sim  {370}$\n[ 7 ] Ramos J, Steyaert M S J. Positive Feedback Frequency Compensation for Low-Voltage Low-Power Three-Stage Amplifier. IEEE Trans Circuits and Systems,2004,51(10) :1967 1967 1974\n[8] Marrero J L R. Simplified Analysis of Feedback Amplifiers. IEEE Trans. Educ., 2005,48(1):53~ 59\n[ 9 ] Potirakis S M, Alexakis G E. An Accurate Calculation of Miller Effect on the Frequency Response and on the Input and Output Impedances of Feedback Amplifiers. IEEE Trans. Circuits and Systems, 2005,52(8):491~495\n[10] Choma J, Jr. Signal Flow Analysis of Feedback Networks. IEEE Trans. Circuits and Systems, 1990,37(4):455~463\n[11] Neag M, McCarthy O. An Extension of The Classical Feedback Theory. IEEE ISCAS, 1998, 3 (31):562~567\n## 频率 特 性"
}