{
  "section_num": "10.2",
  "title": "小信号瞬态特性",
  "start_line": 8123,
  "end_line": 8422,
  "content": "### 10.2 小信号瞬态特性\n高速运放在音频、视频信号的实时采集和处理系统中有广泛的应用。所谓高速通常包含两方面的含义, 首先是运放的带宽足够宽, 能够不失真地处理高频或宽带输入信号。带宽问题是一种线性处理的小信号问题,涉及系统闭环下的稳定性。应采用合适的频率补偿结构,在保证系统稳定的前提下尽可能扩展运放的带宽。高速运放的另一个含义是指输出对输入的高速度响应,即响应时间应尽可能短。运放的瞬态响应包含了大信号与小信号响应两个方面, 小信号瞬态响应与系统带宽相联系, 此时高速与带宽的要求相吻合。而大信号瞬态响应则与输出负载电容充放电的压摆率 $\\mathrm{{SR}}$ 相关,此时高速与大负载电容的驱动能力要求相吻合。\n由于各类运放均工作于闭环负反馈状态,因此最终归结为闭环系统的带宽和瞬态响应速度性能。闭环系统的瞬态响应与开环运放的瞬态特性及负反馈结构密切相关。在以下讨论中,以基本电压放大器为例,首先分析开环系统的瞬态响应,在此基础上分析闭环瞬态特性与开环结构的关系。同时, 在瞬态响应的分析中, 区分小信号与大信号的不同驱动作用。\n#### 10.2.1 一阶系统小信号瞬态特性\n## 1)一阶开环零-极系统\n首先考虑一个零点和一个极点的开环系统,其归一化传递函数 $G\\left( s\\right) /{G}_{0} = \\left( {1 + s/z}\\right) /$ $\\left( {1 + s/p}\\right)$ 。在 $1\\left( t\\right)$ 单位阶跃激励下,由于 $\\mathrm{L}\\left\\lbrack  {1\\left( t\\right) }\\right\\rbrack   = 1/s$ ,则开环归一化输出的瞬态时域输出为\n$$\n\\frac{{V}_{0}\\left( t\\right) }{{V}_{\\text{swing }}} = {\\mathrm{L}}^{-1}\\left\\lbrack  {\\frac{p + s\\left( {p/z}\\right) }{s + p}\\frac{1}{s}}\\right\\rbrack   = \\mathrm{L}\\left\\lbrack  {\\frac{1}{s} - \\frac{1 - p/z}{s + p}}\\right\\rbrack   = 1 - \\left( {1 - \\frac{p}{z}}\\right) \\exp \\left( {-{pt}}\\right)\n$$\n(10 - 1)\n式中, ${V}_{\\text{swing }} = {G}_{0}{V}_{\\text{step }}$ ,为输出信号的最大电压摆幅。\n代入 $t = 0$ 时的归一化初始值 ${V}_{0}\\left( {t}_{0}\\right)  = p/z$ 。零点可正、可负,对输出的收敛性没有影响,但对初始状态有影响。只有极点影响瞬态输出的收敛性,因此所有极点必须具备 LHP 性质。当零点远大于极点频率时,如对于无穷远零点,则零点的作用可消除,此时输出只与极点有关, 即\n$$\n{V}_{\\mathrm{o}}\\left( t\\right) /{V}_{\\text{swing }} = 1 - \\exp \\left( {-{pt}}\\right)  \\tag{10 - 2}\n$$\n在 LHP 零点等于 LHP 极点的条件下,零一极点完全相消,输出 ${V}_{\\mathrm{o}}\\left( t\\right)  = {V}_{\\text{swing }}$ 为恒定常数,即不存在瞬态变化项,瞬态响应不存在延迟。由于参数漂移将导致零点在极点附近变化,理想的零一极补偿发生偏差。此时,输出响应的瞬态项重新显现,但其系数很小。这种相互靠近的零极点称为偶对, 偶对对于相位移的影响可以忽略, 而对瞬态项的影响则无法完全消除。两者的匹配程度越高,瞬态响应项的系数越小,瞬态响应速度越快。当零点为 RHP 性质时, 不但造成相位特性退化, 同时导致输出瞬态项系数增加, 使输出响应的瞬态性能严重下降。\n在只有极点存在的前提下,输出与理想值的相对误差为 $\\exp \\left( {-{pt}}\\right)$ ,系统主极点 $p$ 是决定瞬态响应性能的主要因素。在相同的时间内,主极点频率越高则误差越小,或者说达到相同的误差条件对于高频主极点所需的时间越短,瞬态响应速度越高。\n## 2)一阶闭环零一极系统\n对于单极点和单零点开环增益通过反馈网络 $F$ 构成的闭环负反馈系统,其闭环传递函数 ${A}_{\\mathrm{{CL}}} = G\\left( s\\right) /\\left\\lbrack  {1 + F \\cdot  {G}_{0}\\left( s\\right) }\\right\\rbrack$ 可表示为\n$$\n{A}_{\\mathrm{{CL}}}\\left( s\\right)  = \\frac{{G}_{0}}{1 + F \\cdot  {G}_{0}\\left( s\\right) }\\frac{1 + s/z}{1 + s\\frac{1}{1 + F \\cdot  {G}_{0}\\left( s\\right) }\\left( {\\frac{1}{p} + \\frac{F \\cdot  {G}_{0}\\left( s\\right) }{z}}\\right) } \\tag{10 - 3}\n$$\n式中, ${A}_{\\mathrm{{CL}}}\\left( 0\\right)  = {G}_{0}/\\left( {1 + F \\cdot  {G}_{0}\\left( s\\right) }\\right)$ 为低频直流下的闭环增益,当 $F = 0$ 时,则 ${A}_{\\mathrm{{CL}}}\\left( s\\right)$ 退化为原来的开环 $A\\left( s\\right)$ 。\n考虑到高的低频开环增益 $F \\cdot  {G}_{0}\\left( s\\right)  \\gg  1$ 的条件,上式可简化为\n$$\n{A}_{\\mathrm{{CL}}}\\left( s\\right)  \\approx  {A}_{\\mathrm{{CL}}}\\left( 0\\right) \\frac{1 + s/z}{1 + s\\left( {\\frac{1}{F \\cdot  {G}_{0}\\left( s\\right) p} + \\frac{1}{z}}\\right) } \\approx  {A}_{\\mathrm{{CL}}}\\left( 0\\right) \\frac{1 + s/z}{1 + s\\left( {\\frac{1}{F \\cdot  \\mathrm{{GBW}}} + \\frac{1}{z}}\\right) } \\tag{10 - 4}\n$$\n开环系统的零点在闭环中保持原来的性质和状态不变, ${z}_{\\mathrm{c}} = z$ ,而极点则受开环极点、 零点和直流增益的共同影响。在 LHP 零点作用下, 闭环极点频率为\n$$\n\\frac{1}{{p}_{\\mathrm{C}}} = \\frac{1}{F \\cdot  \\mathrm{{GBW}}} + \\frac{1}{z}\n$$\n即\n$$\n{p}_{\\mathrm{C}} = \\frac{z + F \\cdot  \\mathrm{{GBW}}}{z\\left( {F \\cdot  \\mathrm{{GBW}}}\\right) } = z//\\left( {F \\cdot  \\mathrm{{GBW}}}\\right)  \\tag{10 - 5}\n$$\n因此,代入闭环的零极点后,单位阶跃 $1\\left( t\\right)$ 激励下瞬态响应输出关系对闭环同样适用。在 $z$ $\\gg$ GBW 的条件下,零点的作用可以忽略,则闭环系统的归一化瞬态输出为\n$$\n{V}_{\\mathrm{o}}\\left( t\\right) /{V}_{\\text{swing }} = 1 - \\exp \\left( {-F \\cdot  \\mathrm{{GBW}} \\cdot  t}\\right)  \\tag{10 - 6}\n$$\n同样,对于闭环系统,环路的单位增益带宽越大,响应时间越短,速度越快。提高速度的根本措施, 一是降低负载电容, 二是降低本征电阻, 电阻降低使得输出电流驱动能力增强, 最终实现宽 GBW。\n#### 10.2.2 两阶系统小信号瞬态特性\n两阶系统有两种, 即一阶增益或两阶增益系统。一阶增益系统中极点的一般表达式为 $p = {g}_{\\mathrm{m}}/{C}_{\\mathrm{L}}$ 。在高频下,考虑 ${g}_{\\mathrm{m}}$ 管极间电容 ${C}_{\\mathrm{{gd}}}$ 对电流的分流作用,跨导不再是常数。将高频管等效成低频管,其等效跨导为 ${G}_{\\mathrm{m}}$ ,则 ${G}_{\\mathrm{m}}{V}_{\\mathrm{i}}$ 为经地反向流入等效负载 ${R}_{\\mathrm{L},\\mathrm{{eff}}}$ 的电流,考虑到 $\\left| {V}_{\\mathrm{o}}\\right|  \\gg  \\left| {V}_{\\mathrm{i}}\\right|$ ,则\n$$\n{G}_{\\mathrm{m}}{V}_{\\mathrm{i}} = {g}_{\\mathrm{m}}{V}_{\\mathrm{i}} + \\left( {{V}_{\\mathrm{o}} - {V}_{\\mathrm{i}}}\\right) s{C}_{\\mathrm{{gd}}} \\approx  {g}_{\\mathrm{m}}{V}_{\\mathrm{i}} + {V}_{\\mathrm{o}}s{C}_{\\mathrm{{gd}}} = {g}_{\\mathrm{m}}{V}_{\\mathrm{i}} - {G}_{\\mathrm{m}}{V}_{\\mathrm{i}}{R}_{\\mathrm{L},\\mathrm{{eff}}}s{C}_{\\mathrm{{gd}}}\\text{ (10 - } \\tag{10 - 7}\n$$\n实际输出阻抗仍与频率有关, 等效阻抗为\n$$\n{R}_{\\mathrm{L},\\text{ eff }} = {R}_{\\mathrm{L}}//\\left( {1/{g}_{\\mathrm{m}}}\\right) //\\left( {1/s{C}_{\\mathrm{L}}}\\right)  \\approx  \\frac{1}{{g}_{\\mathrm{m}} + s{C}_{\\mathrm{L}}} \\tag{10 - 8}\n$$\n高频下的等效跨导退化为\n$$\n{G}_{\\mathrm{m}} = {g}_{\\mathrm{m}}\\frac{1}{1 + s{C}_{\\mathrm{{gd}}}{R}_{\\mathrm{L},\\mathrm{{eff}}}} = \\frac{{g}_{\\mathrm{m}}}{1 + s/{\\omega }_{2}} \\tag{10 - 9}\n$$\n${G}_{\\mathrm{m}}$ 随频率的增加而减小。对于单级闭环增益,在输出极点频率 ${\\omega }_{1} = {g}_{\\mathrm{{ml}}}/{C}_{\\mathrm{L},\\mathrm{{eff}}}$ 的条件下,考察 ${G}_{\\mathrm{m}}$ 变化对频率特性的影响,由于\n$$\n{A}_{\\mathrm{{CL}}}\\left( s\\right)  \\approx  {A}_{\\mathrm{{CL}}}\\left( 0\\right) \\frac{1 + s/z}{1 + s/{p}_{1}} = {A}_{\\mathrm{{CL}}}\\left( 0\\right) \\frac{1 + s/z}{1 + s{C}_{\\mathrm{L},\\text{ eff }}/{g}_{\\mathrm{m}}} \\tag{10 - 10}\n$$\n将上式中的 ${g}_{\\mathrm{m}}$ 由 ${G}_{\\mathrm{m}}$ 取代,由此得到高频下 ${C}_{\\mathrm{{gd}}}$ 寄生电容效应对开环的影响\n$$\n{A}_{\\mathrm{{oL}}}\\left( s\\right)  \\approx  \\frac{{A}_{\\mathrm{{oL}}}\\left( 0\\right) \\left( {1 + s/z}\\right) }{1 + s{C}_{\\mathrm{L},\\text{ eff }}/{G}_{\\mathrm{m}}} = \\frac{{A}_{\\mathrm{{oL}}}\\left( 0\\right) \\left( {1 + s/z}\\right) }{1 + s\\frac{1}{{\\omega }_{1}}\\left( {1 + s\\frac{1}{{\\omega }_{2}}}\\right) } = \\frac{{A}_{\\mathrm{{oL}}}\\left( 0\\right) \\left( {1 + s/z}\\right) }{1 + s\\frac{1}{{\\omega }_{1}} + {s}^{2}\\frac{1}{{\\omega }_{1}{\\omega }_{2}}} \\tag{10 - 11}\n$$\n对应的 ${\\omega }_{1} = {g}_{\\mathrm{m}}/{C}_{\\text{Leff }},{\\omega }_{2} = {g}_{\\mathrm{m}}/{C}_{\\mathrm{{gd}}}$ ,上式还可以表示成标准的二阶形式\n$$\n{A}_{\\mathrm{{oL}}}\\left( s\\right)  = \\frac{{A}_{\\mathrm{{oL}}}\\left( 0\\right) \\left( {1 + s/z}\\right) }{1 + s\\frac{2\\zeta }{{\\omega }_{0}} + {s}^{2}\\frac{1}{{\\omega }_{0}^{2}}} = \\frac{{A}_{\\mathrm{{oL}}}\\left( 0\\right) \\left( {1 + s/z}\\right) }{1 + s\\frac{1}{Q{\\omega }_{0}} + {s}^{2}\\frac{1}{{\\omega }_{0}^{2}}} \\tag{10 - 12}\n$$\n式中 ${\\omega }_{0}{}^{2} = {\\omega }_{1}{\\omega }_{2},\\zeta  = {\\omega }_{0}/\\left( {2{\\omega }_{1}}\\right) , Q = 1/\\left( {2\\zeta }\\right)$ 。由于 ${\\omega }_{2} \\gg  {\\omega }_{1}$ ,因此对于一级增益考虑寄生效应得到的两个极点, 其中次极点是高频极点, 其影响很小。对于两级增益系统, 忽略高频寄生电容效应的影响,一定是两极点系统,同样可用上式表示,只是 ${\\omega }_{1}\\text{、}{\\omega }_{2}$ 频率点的变化而已, 并且两个极点可以是分离的实极点, 也可以是共轭复极点。若考虑高频寄生效应, 则极点因子增加到 ${\\omega }_{1}\\text{、}{\\omega }_{2}\\text{、}{\\omega }_{3}$ ,只有 $z \\gg$ GBW 才能忽略零点的影响。\n对于一般形式 (闭环或开环) 的两极点系统, 由于极点的不同分布类型, 在阶跃激励下, 下面分 2 种不同的极点状态讨论其瞬态输出响应。\n$$\n{V}_{\\text{o_scale }} = \\frac{{V}_{\\mathrm{o}}\\left( s\\right) }{{V}_{\\text{swing }}} = \\frac{1 + s/z}{1 + s\\frac{2\\zeta }{{\\omega }_{0}} + {s}^{2}\\frac{1}{{\\omega }_{0}^{2}}}\\frac{1}{s} = \\frac{1 + s/z}{\\left( {1 + s/{p}_{1}}\\right) \\left( {1 + s/{p}_{2}}\\right) }\\frac{1}{s}\n$$\n$$\n= \\frac{\\left( {1 + s/z}\\right) {p}_{1}{p}_{2}}{s\\left( {s + {p}_{1}}\\right) \\left( {s + {p}_{2}}\\right) } \\tag{10 - 13}\n$$\n## 1) $\\zeta  > 1$ 或 $Q < 1/2$ 条件\n以上条件对应于两分离的实极点状态, 则\n$$\n{V}_{\\text{o_scale }}\\left( s\\right)  = \\frac{1}{s} + \\frac{A}{s + {p}_{1}} + \\frac{B}{s + {p}_{2}} = \\frac{\\left( {s + {p}_{1}}\\right) \\left( {s + {p}_{2}}\\right)  + {As}\\left( {s + {p}_{2}}\\right)  + {Bs}\\left( {s + {p}_{1}}\\right) }{s\\left( {s + {p}_{1}}\\right) \\left( {s + {p}_{2}}\\right) }\n$$\n(10 - 14)\n整理后, 有\n$$\n{V}_{\\text{o_scale }} = \\frac{\\left( {1 + A + B}\\right) {s}^{2} + \\left\\lbrack  {{p}_{1}\\left( {1 + B}\\right)  + {p}_{2}\\left( {1 + A}\\right) }\\right\\rbrack  s + {p}_{1}{p}_{2}}{s\\left( {s + {p}_{1}}\\right) \\left( {s + {p}_{2}}\\right) } \\tag{10 - 15}\n$$\n对比同类项系数, 得\n$$\n\\left. \\begin{array}{l} 1 + A + B = 0 \\\\  {p}_{1}\\left( {1 + B}\\right)  + {p}_{2}\\left( {1 + A}\\right)  = {p}_{1}{p}_{2}/z \\end{array}\\right\\}   \\tag{10 - 16}\n$$\n显然,零点的存在将改变 $A\\text{、}B$ 系数。两实极点分别为\n$$\n\\left. \\begin{array}{l} {p}_{1} = {\\omega }_{0}\\left( {\\zeta  - \\sqrt{{\\zeta }^{2} - 1}}\\right) \\\\  {p}_{2} = {\\omega }_{0}\\left( {\\zeta  + \\sqrt{{\\zeta }^{2} - 1}}\\right)  \\end{array}\\right\\}   \\tag{10 - 17}\n$$\n在 $z \\rightarrow  \\infty$ 并可忽略零点作用的前提下,仅考虑两极点的作用,解得的待定系数 $A\\text{、}B$ 分别为\n$$\n\\left. \\begin{array}{l} A = \\frac{{p}_{2}}{{p}_{1} - {p}_{2}} =  - \\frac{\\zeta  + \\sqrt{{\\zeta }^{2} - 1}}{2\\sqrt{{\\zeta }^{2} - 1}} \\\\  B =  - \\frac{{p}_{1}}{{p}_{1} - {p}_{2}} = \\frac{\\zeta  - \\sqrt{{\\zeta }^{2} - 1}}{2\\sqrt{{\\zeta }^{2} - 1}} \\end{array}\\right\\}   \\tag{10 - 18}\n$$\n则由拉氏反变换得到分离实极点状态下的归一化瞬态响应为\n$$\n{V}_{\\text{o_scale }} = 1 - \\frac{1}{2\\sqrt{{\\zeta }^{2} - 1}}\\left\\lbrack  {\\left( {\\zeta  + \\sqrt{{\\zeta }^{2} - 1}}\\right) \\exp \\left( {-{p}_{1}t}\\right)  - \\left( {\\zeta  - \\sqrt{{\\zeta }^{2} - 1}}\\right) \\exp \\left( {-{p}_{2}t}\\right) }\\right\\rbrack\n$$\n$$\n= 1 - \\frac{1}{2\\sqrt{{\\zeta }^{2} - 1}}\\left\\lbrack  {\\frac{\\exp \\left( {-{p}_{1}t}\\right) }{\\zeta  - \\sqrt{{\\zeta }^{2} - 1}} - \\frac{\\exp \\left( {-{p}_{2}t}\\right) }{\\zeta  + \\sqrt{{\\zeta }^{2} - 1}}}\\right\\rbrack\n$$\n$$\n= 1 - \\frac{{\\omega }_{0}}{2\\sqrt{{\\zeta }^{2} - 1}}\\left\\lbrack  {\\frac{\\exp \\left( {-{p}_{1}t}\\right) }{{p}_{1}} - \\frac{\\exp \\left( {-{p}_{2}t}\\right) }{{p}_{2}}}\\right\\rbrack   \\tag{10 - 19}\n$$\n以上关系对开环和闭环均适用。在开环下, ${p}_{1}$ 为 $- 3\\mathrm{{dB}}$ 带宽,当 $\\zeta  \\gg  1$ 时,高频次极点 ${p}_{2}$ 的影响越来越小并可忽略。此时的两阶系统退化为一阶系统,瞬态响应特性主要由极点 ${p}_{1}$ 决定。开环瞬态响应主要决定非线性系统的小信号动态性能。在闭环下,其主极点 ${p}_{1}$ 为开环 GBW 带宽,与次极点频率 ${p}_{2}$ 相近,使次极点频率对闭环瞬态特性的影响明显增大。\n现进一步考虑零点与极点形成偶对后对瞬态特性的作用。假设开环两极点系统传递函数中的次极点频率 ${p}_{2} = {\\omega }_{\\mathrm{{dp}}}$ 和零点频率 $z = {\\omega }_{\\mathrm{z}}$ 组成偶对,则高频下所对应的开环传递函数为\n$$\n{A}_{\\mathrm{{oL}}}\\left( s\\right)  \\approx   - \\frac{{\\omega }_{\\mathrm{u}}}{s}\\frac{1 + s/{\\omega }_{\\mathrm{z}}}{1 + s/{\\omega }_{\\mathrm{{dp}}}} \\tag{10 - 20}\n$$\n在电容反馈系数 $F = {C}_{\\mathrm{f}}/{C}_{\\mathrm{s}}$ 下形成闭环控制后,环路带宽为 ${\\omega }_{\\mathrm{t}} = F \\cdot  {\\omega }_{\\mathrm{u}} = F \\cdot  {p}_{1}$ 。次极点 ${p}_{2}$ 频率的高低对系统瞬态性能的影响十分显著,则相对 ${\\omega }_{1}$ 的位置可用参量 $\\beta$ 表示,即 ${p}_{2} =$ ${\\omega }_{\\mathrm{{dp}}} = \\beta {\\omega }_{t}$ 。零点在次极点附近位置, ${\\omega }_{z} = {\\omega }_{\\mathrm{{dp}}}/\\alpha$ ,其中 $\\alpha  = 1 + \\varepsilon ,\\left| \\varepsilon \\right|  \\ll  1$ 。闭环传递函数为\n$$\n{A}_{\\mathrm{{CL}}}\\left( s\\right)  = \\frac{1/F}{1 + 1/\\left\\lbrack  {F \\mid  {A}_{\\mathrm{{oL}}}\\left( s\\right) }\\right\\rbrack  } = \\frac{1/F}{1 + \\frac{s}{{F}_{{\\omega }_{\\mathrm{u}}}}\\frac{1 + s/{\\omega }_{\\mathrm{{dp}}}}{1 + s/{\\omega }_{\\mathrm{z}}}} = \\frac{1/F}{1 + \\frac{s}{{\\omega }_{\\mathrm{t}}}\\frac{1 + s/\\left( {\\beta {\\omega }_{\\mathrm{t}}}\\right) }{1 + s/\\left\\lbrack  {\\left( {\\beta {\\omega }_{\\mathrm{t}}}\\right) /\\alpha }\\right\\rbrack  }}\n$$\n(10 - 21)\n式中, $\\alpha  = 1 + \\varepsilon$ 为偶对中零一极点间的相互偏离程度, $\\varepsilon  = 0$ 则表示偶对完全重合,零一极点完全抵消。\n在以上偶对的假设条件下,将各频率分量均以环路带宽 ${\\omega }_{t}$ 为参照,则闭环传递函数可简化为\n$$\n{A}_{\\mathrm{{CL}}}\\left( s\\right)  = \\frac{1}{F}\\frac{1 + \\left( {\\alpha /\\beta {\\omega }_{\\mathrm{t}}}\\right) s}{1 + \\frac{\\alpha  + \\beta }{\\beta {\\omega }_{\\mathrm{t}}}s + \\frac{1}{\\beta {\\omega }_{\\mathrm{t}}^{2}}{s}^{2}} = \\frac{1}{F}\\frac{1 + s/{\\omega }_{\\mathrm{z}}}{\\left( {1 + \\frac{s}{{\\omega }_{\\mathrm{{pA}}}}}\\right) \\left( {1 + \\frac{s}{{\\omega }_{\\mathrm{{pB}}}}}\\right) } \\tag{10 - 22}\n$$\n式中, ${\\omega }_{\\mathrm{{pA}}}$ 、 ${\\omega }_{\\mathrm{{pB}}}$ 分别为两阶闭环系统的两个极点频率,其中一个近似为闭环带宽 ${\\omega }_{\\mathrm{t}}$ ,另一个为闭环的次极点频率。\n在形成偶对的条件下,由 $\\alpha  \\rightarrow  1$ 及 ${\\left( \\beta  - 1\\right) }^{2} > 0$ 的条件,闭环系统的两个极点必定为实极点, 并解得\n$$\n{\\omega }_{\\mathrm{{pA}},\\mathrm{{pB}}} = {\\omega }_{\\mathrm{t}}\\frac{\\alpha  + \\beta }{2}\\left( {1 \\pm  \\sqrt{1 - \\frac{4\\beta }{{\\left( \\alpha  + \\beta \\right) }^{2}}}}\\right)  \\tag{10 - 23}\n$$\n式中判别式可简化为\n$$\n\\Delta  = \\frac{\\sqrt{{\\left( \\alpha  + \\beta \\right) }^{2} - {4\\beta }}}{\\alpha  + \\beta } = \\frac{\\left| \\alpha  - \\beta \\right| }{\\alpha  + \\beta }\\sqrt{1 + \\frac{4\\left( {\\alpha  - 1}\\right) \\beta }{{\\left( \\alpha  - \\beta \\right) }^{2}}} \\tag{10 - 24}\n$$\n其中,在 $\\alpha  \\rightarrow  1$ 的条件下近似有 $\\Delta  \\approx  \\left| {\\alpha  - \\beta }\\right| /\\left( {\\alpha  + \\beta }\\right)$ 。在 $\\alpha  > \\beta$ 的条件下代入以上关系后得到闭环的极点为\n$$\n\\left. \\begin{array}{l} {\\omega }_{\\mathrm{{pA}}} = {\\omega }_{\\mathrm{t}}\\frac{{\\alpha }^{2} - {\\beta }^{2}}{\\alpha  - \\beta } \\approx  \\alpha {\\omega }_{\\mathrm{t}} \\\\  {\\omega }_{\\mathrm{{pB}}} = \\beta {\\omega }_{\\mathrm{t}}\\frac{1 - \\beta }{\\alpha  - \\beta } \\approx  \\beta {\\omega }_{\\mathrm{t}} \\end{array}\\right\\}   \\tag{10 - 25}\n$$\n以上关系表明偶对中的极点位于闭环带宽 ${\\omega }_{\\mathrm{t}}$ 附近。在 $\\beta  > \\alpha$ 的条件下,两者交换次序,即 ${\\omega }_{\\mathrm{{pA}}} = \\beta {\\omega }_{\\mathrm{t}},{\\omega }_{\\mathrm{{pB}}} = \\alpha {\\omega }_{\\mathrm{t}}$ 。\n以上两种状态表明,由于闭环的主极点频率为 $\\alpha {\\omega }_{\\mathrm{t}}$ ,形成偶对的极点 $\\beta {\\omega }_{\\mathrm{t}}$ 可位于闭环带宽以内或以外,表现为 $\\beta  < \\alpha$ 或 $\\beta  > \\alpha$ ,即对应于 $\\beta  < 1$ 或 $\\beta  > 1$ 的变化。\n对于开环系统中的偶对, 传输到闭环系统中并成为闭环的偶对, 偶对的相互位置关系在闭环中不仅保持不变,而且对闭环主极点位置的影响很小,仅由 ${\\omega }_{\\mathrm{t}}$ 变化为 $\\alpha {\\omega }_{\\mathrm{t}}$ 。这里假设 ${\\omega }_{\\mathrm{{pA}}} = \\alpha {\\omega }_{\\mathrm{t}}$ 为闭环主极点,根据各极点和零点相对 ${\\omega }_{\\mathrm{t}}$ 频率的位置,解得的待定系数近似为\n$$\nA = \\frac{\\left( {{\\omega }_{\\mathrm{{pA}}} - {\\omega }_{\\mathrm{z}}}\\right) {\\omega }_{\\mathrm{{pB}}}}{\\left( {{\\omega }_{\\mathrm{{pB}}} - {\\omega }_{\\mathrm{{pA}}}}\\right) {\\omega }_{\\mathrm{z}}} = \\frac{\\left( {\\alpha  - \\beta /\\alpha }\\right) \\beta }{\\left( {\\beta  - \\alpha }\\right) \\beta /\\alpha } = \\frac{{\\alpha }^{2} - \\beta }{\\beta  - \\alpha } \\approx   - 1 \\tag{10 - 26}\n$$\n$$\nB = \\frac{\\left( {{\\omega }_{\\mathrm{{pB}}} - {\\omega }_{\\mathrm{z}}}\\right) {\\omega }_{\\mathrm{{pA}}}}{\\left( {{\\omega }_{\\mathrm{{pA}}} - {\\omega }_{\\mathrm{{pB}}}}\\right) {\\omega }_{\\mathrm{z}}} = \\frac{\\left( {\\beta  - \\beta /\\alpha }\\right) \\alpha }{\\left( {\\alpha  - \\beta }\\right) \\beta /\\alpha } = \\frac{\\alpha \\left( {\\alpha  - 1}\\right) }{\\alpha  - \\beta } \\approx   - \\frac{\\alpha  - 1}{\\beta  - 1} \\tag{10 - 27}\n$$\n在阶跃输入激励下,包含一个零点和两个极点的闭环阶跃响应包含 $A\\exp \\left( {-{\\omega }_{\\mathrm{{pA}}}t}\\right)  +$ $B\\exp \\left( {-{\\omega }_{\\mathrm{{pB}}}t}\\right)$ 两个瞬态项,即\n$$\n{V}_{\\mathrm{o}}\\left( t\\right)  \\approx  {V}_{\\text{swing }}\\left\\lbrack  {1 - \\exp \\left( {-\\alpha {\\omega }_{\\mathrm{t}}t}\\right)  - \\frac{\\alpha  - 1}{\\beta  - 1}\\exp \\left( {-\\beta {\\omega }_{\\mathrm{t}}t}\\right) }\\right\\rbrack   \\tag{10 - 28}\n$$\n显然,当 $\\alpha  = 1$ 时,偶对完全消失,系统退化为单极点系统,仅由闭环主极点 ${\\omega }_{1}$ 决定系统的瞬态响应特性。当 $\\alpha  \\neq  1$ 时,偶对起作用。当 $\\beta  \\gg  1$ 即偶对位于闭环带宽以外时,运放瞬态的建立时间基本不受偶对的影响; 当 $\\beta  < 1$ 时,建立时间中偶对的影响不可忽略,其影响程度与该项系数 $B$ 有关。此时若 $B \\rightarrow  0$ 则偶对的影响可忽略; 若 $B$ 偏离 0 即 $\\alpha$ 偏离 1,则偶对分离度增加, 对瞬态响应的影响增加。以上结果可概括为: 闭环带宽外的偶对无论相互位置关系如何,其影响总能忽略; 而对于闭环带宽内的偶对,只有 $\\alpha  \\rightarrow  1$ 使系数 $B$ 很小时,偶对的作用才能忽略,当偶对分离到一定程度时,偶对对瞬态建立时间的影响起主导作用。由于实际设计中 $\\alpha  \\rightarrow  1$ 的条件很难控制,因此通常要求将偶对放置在闭环带宽即开环的单位增益带宽以外的高频位置。\n## 2) $\\zeta  \\leq  1$ 或 $Q > 1/2$ 条件\n以上条件对应于一对共轭复极点,极点频率为 ${p}_{1,2} = {\\omega }_{0}\\left\\lbrack  {\\zeta  \\pm  \\mathrm{j}{\\left( 1 - {\\zeta }^{2}\\right) }^{1/2}}\\right\\rbrack$ 。在忽略零点的前提下得到待定系数为\n$$\n\\left. \\begin{array}{l} A = \\frac{{p}_{2}}{{p}_{1} - {p}_{2}} =  - \\frac{\\zeta  + \\mathrm{j}\\sqrt{1 - {\\zeta }^{2}}}{2\\mathrm{j}\\sqrt{1 - {\\zeta }^{2}}} =  - \\frac{1}{2} + \\frac{1}{2}\\mathrm{j}\\frac{\\zeta }{\\sqrt{1 - {\\zeta }^{2}}} \\\\  B =  - \\frac{{p}_{1}}{{p}_{1} - {p}_{2}} = \\frac{\\zeta  - \\mathrm{j}\\sqrt{1 - {\\zeta }^{2}}}{2\\mathrm{j}\\sqrt{1 - {\\zeta }^{2}}} =  - \\frac{1}{2} - \\frac{1}{2}\\mathrm{j}\\frac{\\zeta }{\\sqrt{1 - {\\zeta }^{2}}} \\end{array}\\right\\}   \\tag{10 - 29}\n$$\n代入 $A$ 、 $B$ 、 ${p}_{1}$ 、 ${p}_{2}$ 的关系后得到的瞬态项可化简为\n$$\nA\\exp \\left( {-{p}_{1}t}\\right)  + B\\exp \\left( {-{p}_{2}t}\\right)\n$$\n$$\n= \\exp \\left( {-\\zeta {\\omega }_{0}t}\\right) \\left\\lbrack  {A\\exp \\left( {\\mathrm{j}{\\omega }_{0}\\sqrt{1 - {\\zeta }^{2}}t}\\right)  + B\\exp \\left( {-\\mathrm{j}{\\omega }_{0}\\sqrt{1 - {\\zeta }^{2}}t}\\right) }\\right\\rbrack\n$$\n$$\n= \\frac{-\\exp \\left( {-\\zeta {\\omega }_{0}t}\\right) }{\\sqrt{1 - {\\zeta }^{2}}}\\left\\lbrack  {\\sqrt{1 - {\\zeta }^{2}}\\cos \\left( {{\\omega }_{0}\\sqrt{1 - {\\zeta }^{2}}t}\\right)  + \\zeta \\sin \\left( {{\\omega }_{0}\\sqrt{1 - {\\zeta }^{2}}t}\\right) }\\right\\rbrack   \\tag{10 - 30}\n$$\n并设\n$$\n\\left. \\begin{array}{l} \\cos \\varphi  = \\zeta \\\\  \\sin \\varphi  = \\sqrt{1 - {\\zeta }^{2}} \\\\  \\tan \\varphi  = \\frac{\\sqrt{1 - {\\zeta }^{2}}}{\\zeta } \\\\  \\varphi  = \\arctan \\frac{\\sqrt{1 - {\\zeta }^{2}}}{\\zeta } \\end{array}\\right\\}   \\tag{10 - 31}\n$$\n根据 $\\sin \\left( {{\\omega t} + \\varphi }\\right)  = \\sin \\left( {\\omega t}\\right) \\cos \\varphi  + \\cos \\left( {\\omega t}\\right) \\sin \\varphi$ 的变换关系,化简后得到归一化阶跃激励下的瞬态输出响应为\n$$\n{V}_{{o}_{ - }\\text{scale }}\\left( t\\right)  = 1 - \\exp \\left( {-\\zeta {\\omega }_{0}t}\\right) \\frac{1}{\\sqrt{1 - {\\zeta }^{2}}}\\sin \\left( {{\\omega }_{0}\\sqrt{1 - {\\zeta }^{2}}t + \\varphi }\\right)  \\tag{10 - 32}\n$$\n当 $\\zeta  = 0$ 时,则共轭复极点变为共轭虚极点,作为复极点的一种特例, ${p}_{1,2} =  \\pm  \\mathrm{j}{\\omega }_{0}, A =$ $B =  - 1/2$ ,得\n$$\n{V}_{\\mathrm{o}\\text{_scale }} = 1 - \\cos \\left( {{\\omega }_{0}t}\\right)  \\tag{10 - 33}\n$$\n即输出在 0 和最大值之间形成等幅临界振荡。\n当 $\\zeta  = 1$ 时,对应于重实极点的临界振荡,此时\n$$\n{V}_{\\text{o_scale }}\\left( t\\right)  = 1 - \\exp \\left( {-\\zeta {\\omega }_{0}t}\\right) \\frac{1}{\\sqrt{1 - {\\zeta }^{2}}}\\sin \\left( {{\\omega }_{0}\\sqrt{1 - {\\zeta }^{2}}t + \\varphi }\\right)  \\tag{10 - 34}\n$$\n#### 10.2.3 高阶系统小信号瞬态特性\n以上两阶系统的分析方法同样可以扩展到对三阶以上高阶系统瞬态特性的分析。三极点系统可以是两级增益考虑寄生电容高频效应的结果, 也可以是三级增益忽略寄生电容高频效应的正常结果。可以是开环系统,也可以是闭环系统,但在一般应用中更关心的是闭环系统。通常的设计总是使闭环主极点为开环单位增益带宽。开环的次极点与闭环次极点的关系则无定数,当开环各极点之间足够分离且次极点远高于 $\\mathrm{{GBW}}$ 时,通常导致闭环各极点也足够分离,且对应的次极点大小不变。否则,闭环与开环的极点位置关系将发生明显的变化,其相互关系可从下式清楚看出。设 ${p}_{1}\\text{、}{p}_{2}\\text{、}{p}_{3}$ 为开环系统 $A$ 的 3 个极点,其中 ${p}_{1}$ 为主极点, GBW 为开环的单位增益带宽。当频率大于主极点频率时有\n$$\nA = \\frac{{A}_{0}}{\\left( {1 + s/{p}_{1}}\\right) \\left( {1 + s/{p}_{2}}\\right) \\left( {1 + s/{p}_{3}}\\right) } \\approx  \\frac{\\mathrm{{GBW}}}{s}\\frac{1}{\\left( {1 + s/{p}_{2}}\\right) \\left( {1 + s/{p}_{3}}\\right) } \\tag{10 - 35}\n$$\n由 $A$ 所构成的单位负反馈闭环系统为\n$$\n{A}_{\\mathrm{{CL}}} \\approx  \\frac{{A}_{\\mathrm{{CL}}}\\left( 0\\right) }{1 + \\frac{s}{\\mathrm{{GBW}}}\\left( {1 + \\frac{s}{{p}_{2}}}\\right) \\left( {1 + \\frac{s}{{p}_{3}}}\\right) }\n$$\n$$\n= \\frac{{A}_{\\mathrm{{CL}}}\\left( 0\\right) }{1 + \\frac{s}{\\mathrm{{GBW}}} + \\frac{{s}^{2}}{\\mathrm{{GBW}}\\left( {{p}_{2}//{p}_{3}}\\right) } + \\frac{{s}^{3}}{\\mathrm{{GBW}} \\cdot  {p}_{2}{p}_{3}}} \\tag{10 - 36}\n$$\n显然,当 ${p}_{2} \\gg  \\mathrm{{GBW}}\\text{、}{p}_{3} \\gg  {p}_{2}$ 时,三阶闭环系统为分离的实极点并保持 $\\mathrm{{GBW}},{p}_{2},{p}_{3}$ 不变, 其瞬态响应包含以上 3 个独立极点决定的暂态分量, 系数各不相同, 并由 GBW 决定闭环瞬态响应特性。当一个为低频主极点,另两个为一对共轭复极点时,则包含一个常系数, 即与 $t$ 无关系数的暂态项和一个与 $t$ 有关变系数的暂态项。因此,三阶系统的瞬态响应与二阶系统并无本质的差别。\n运放系统的小信号响应速度主要由低频极点决定, 由此可以考察偶对对瞬态特性的影响。 当偶对严格相等时,其作用完全抵消,对瞬态特性没有影响；当偶对失配时,将产生系数与失配成正比的暂态项,对瞬态特性产生影响；当偶对位于系统GBW以外时,这种影响完全可以忽略；而当偶对位于系统 $\\mathrm{{GBW}}$ 之内时,则其影响不可忽视。偶对越小,对瞬态特性的影响越大。"
}