{
  "section_num": "4.",
  "title": "1 概述",
  "start_line": 2031,
  "end_line": 2082,
  "content": "### 4.1 概述\n电源芯片中基准电路不但是系统实现的基础和关键单元之一, 而且基准电路的设计方法和采用的基本原则,对模拟 IP 电路的设计具有普遍的指导意义。在了解基准电路温度补偿原理的基础上,熟悉各种类型电压和电流基准的基本结构和参数调试方法,了解各类非理想因素对电路性能的影响,并能够根据需要灵活应用或改进电路设计。\n基准电路建立在高性能偏置电路的基础上。偏置电路已能解决电路中偏置电压、偏置电流与电源电压的敏感性,而基准电路需要尽可能的降低电源电压对偏置电压,偏置电流大小的影响。除此以外,还需实现输出电压或电流与温度近似无关的特性。\n#### 4.1.1 基准的要求\n电压偏置和电流偏置是相互关联的, 稳定的电压可以转化为稳定的电流偏置, 同样, 稳定的电流也可形成稳定的电压偏置,两者本质上是一致的,并可通过相互转换为电路提供所需的偏置。本章重点讨论电压基准设计的相关问题, 在高性能偏置结构基础上, 形成的基准电压或电流至少应满足以下三点基本要求:\n(1)与电源电压无关,表现为静态电流恒定,动态下则尽可能具有较高的电源抑制比；\n(2)与温度无关,在一定的温度范围内温度系数近似为零；\n(3)与工艺无关,主要表现在与 CMOS 工艺中最关键的阈值电压 ${V}_{\\mathrm{{TH}}}$ 无关,这样即可克服工艺漂移对输出的影响。\n以上工艺、温度和电源电压的无关性也是模拟 IP 设计的基本指导原则和追求的主要目标。此外,根据 CMOS 工艺和 SoC 系统发展的实际需要,基准电路或基本的模拟 IP 还需满足以下要求:\n(1)低电压工作,最低电源电压为 ${1.5}\\mathrm{\\;V}$ 甚至小于 $1\\mathrm{\\;V}$ ；\n(2)低电源功耗,在某些手持设备中要求 ${1\\mu }\\mathrm{A}$ 以内的电源电流功耗；\n(3)低噪声输出；\n(4)输出与电路的内部状态电压无关,主要是消除衬底偏置效应的影响；\n(5)在特殊的场合可以提供一定的负载驱动能力。\n#### 4.1.2 基准的可实现性\n应当指出, 基准输出与各物理量之间不可能达到理论上的绝对无关。因此所谓无关性, 是指相关性尽可能小, 或相关系数接近零。理想基准源应同时满足以上各点要求, 实现的难度极大。考虑到实际工艺条件的限制, 设计并制备出满足以上若干要求的基准电路还是有可能实现的,其中温度特性是决定基准电路可实现性的最关键因素。具体分析如下:\n(1)偏置基准电路的电源无关性相对容易做到。自偏置基准电路中,输出偏置电流稳定且基本与 ${V}_{\\mathrm{{CC}}}$ 无关,但与支路中定义电流大小的电阻密切相关。采用阈值电压 ${V}_{\\mathrm{{TH}}}$ 基准电路,其输出电压仅与 MOSFET 的 ${V}_{\\mathrm{{TH}}}$ 有关,与 ${V}_{\\mathrm{{CC}}}$ 无关,但随工艺和温度的漂移较大。\n(2)温度稳定性设计主要采用温度补偿技术。MOS 管无论工作在何种状态下, 其电流均为正温度系数,迁移率和阈值电压为负温度系数,而亚阈区电流通常可类比 $\\mathrm{{PN}}$ 结电流, 其偏压 ${V}_{\\mathrm{{GS}}}$ 同样为负温度系数。 $\\mathrm{{PN}}$ 结电压 ${V}_{\\mathrm{{BE}}}$ 表现为稳定的负温度系数,因此,输出电压中需要一个正比于绝对温度 $T$ 的电压量即温度特性 PTAT 电压,该电压的正温度系数与 ${V}_{\\mathrm{{GS}}}$ 或 ${V}_{\\mathrm{{BE}}}$ 近似稳定的负温度系数相互补偿,即可获得接近零温度系数的基准电压输出。\n稳定的正温度系数电压或电流依靠对正比于热电压 ${V}_{\\mathrm{T}} = {kT}/q$ 的控制而获得。具体实现方案有多种: ①利用两个饱和状态的 $\\mathrm{{PN}}$ 结电压差 $\\Delta {V}_{\\mathrm{{BE}}}$ ; ②利用亚阈状态下两个 $\\mathrm{{MOS}}$ 管的 ${V}_{\\mathrm{{GS}}}$ 电压差 $\\Delta {V}_{\\mathrm{{GS}}}$ 。以上电路实现依赖于自偏置 MOSFET 结构。PTAT 电压的最大问题在于其正温度系数 $k/q$ 太小,只有 ${0.08}\\mathrm{{mV}}/{}^{ \\circ  }\\mathrm{C}$ 左右。此外,由于电阻上的电流多为正温度系数,稳定性差,虽然电阻上电压的正温度系数较大,但温度系数也不够稳定,难以直接用于温度补偿。\n负温度系数电压通常采用 ${V}_{\\mathrm{{BE}}}$ 导通电压,原因有两点:① 当电流变化范围较大时, ${V}_{\\mathrm{{BE}}}$ 相对于 ${V}_{\\mathrm{{GS}}}$ 更为稳定,有利于消除工艺漂移的影响；② ${V}_{\\mathrm{{BE}}}$ 的负温度系数在较宽范围内比较稳定,近似为 $- 2\\mathrm{{mV}}/{}^{ \\circ  }\\mathrm{C}$ ,有利于补偿后获得宽温度范围内的低温漂系数。但采用 ${V}_{\\mathrm{{BE}}}$ 也存在一些问题: ① ${V}_{\\mathrm{{BE}}} = {0.6} \\sim  {0.7}\\mathrm{\\;V}$ 的导通电压值较大,不利于获得低电压基准输出; ② ${V}_{\\mathrm{{BE}}}$ 的负温度系数相对 PTAT 正温度系数过大,这样需要 ${k}_{\\mathrm{m}} \\approx  {22.5}$ 倍的正系数放大才能实现温度系数的完全补偿,此时 ${V}_{\\text{ref }} = {0.65} + {22.5} \\times  {26}\\mathrm{\\;{mV}} \\approx  {1.2}\\mathrm{\\;V}$ 。\n(3)补偿的结果同时导致了基准输出与电源电压无关,并可采用自偏置结构的电路实现方式。由于输出电压接近硅材料的能隙宽度 ${E}_{\\mathrm{g}}/q = {1.2}\\mathrm{\\;V}$ ,通常又称为带隙电压基准, 实现了与温度和电源电压的无关。对于以上采用 $\\mathrm{{PN}}$ 结补偿的带隙基准源,因 ${V}_{\\mathrm{{BE}}}$ 的工艺一致性好,同时与电阻比和面积比有关的 ${k}_{\\mathrm{m}}$ 系数控制精确,基准源的工艺一致性可以得到保证, 即与工艺的相关性降低, 达到了基准电压的基本要求。\n(4)采用 PN 结、运放以及复杂恒流源等模块组成的带隙基准电路,因电路结构复杂, 功耗增加,一般只适合静态功耗较大的高性能带隙基准实现。相反,对于采用 MOS 亚阈工作状态,利用 $\\Delta {V}_{\\mathrm{{TH}}}$ 代替 $\\Delta {V}_{\\mathrm{{BE}}}$ 而构成的基准电路,虽然工艺的一致性变差,与工艺的相关性明显上升,但电路结构非常简单,而且电路工作在亚阈区,适合极低功耗的电路实现。\n(5)低电源电压工作顺应了数字电路系统的要求,电源电压降低后, MOS 管的阈值电压并不能按比例缩小,仍然保持在较高的电平,导致模拟信号动态范围的大幅减小,性能退化。以 ${V}_{\\mathrm{{CC}}} = {1.5}\\mathrm{\\;V}$ 的电源供电为例,在一条电流支路上仅可使 2 个 ${0.7}\\mathrm{\\;V}$ 开启电压的 MOS 管饱和导通。这样, 为提高电流传输性能和输出电阻及增益的各种结构, 如 Cascode 结构, 或折叠式的 Cascode 结构, 会因支路上 MOS 管数量达到 3 个甚至是 4 个而难以正常使用, 使得恒流及基准源的性能无法提高。高压电路结构的限制直接导致了低压电路设计难度的增加。\n(6)消除衬低偏置效应可采用双阱 CMOS 工艺。对于 $\\mathrm{N}$ 阱工艺, $\\mathrm{P}$ 衬底上可制作独立的 $\\mathrm{N}$ 阱,每个 $\\mathrm{N}$ 阱制备一个 PMOS 管,其源端与 $\\mathrm{N}$ 阱相连,则 PMOS 可消除衬偏效应。同样,对于 $\\mathrm{P}$ 阱,可消除 $\\mathrm{{NMOS}}$ 管的衬底偏置效应。然而,双阱工艺使工艺成本增加。考虑到基准电路中需要利用寄生 PNP 管构成 PN 结,故常采用 N 阱工艺。\n(7)基准源最基本的应用是提供后级 MOS 管栅极或电容负载的电压偏置,通常无需直流负载电流驱动能力,即加入上述容性负载后对已生成的基准电压静态特性没有任何影响。 若基准提供后级电路作为电压源,或驱动阻性负载,这样必然要求基准源应具备一定的电流驱动能力。如常用的电阻分压低压基准产生电路中,需要将输出的带隙基准由负载电阻进行分压输出。若负载驱动能力不足,将造成基准电压的严重漂移,影响电路性能。提高电流驱动能力应从两方面入手,一是减小基准源的输出电阻,但以增加功耗为代价；其次是大幅度增加负载电阻,因此工艺上需要有大电阻的支持,满足电路对精度和功耗的共同要求。\n(8)噪声对低电源电压工作的各类信号处理电路均有极重要影响,尤其在开关电路中, 电源和地的噪声很大, 从而影响到输出基准的稳定性。因此, 在开关应用领域下的基准需要很高的电源抑制比。"
}