{
  "section_num": "6.",
  "title": "7 小结",
  "start_line": 4615,
  "end_line": 4624,
  "content": "### 6.7 小结\n差分输入级电路是在基本电路的基础上发展起来的一种高性能线性信号处理电路。它以硬件资源消耗的增加为代价换取电路共模范围扩展和共模抑制比的提高。基本的差分输入级无法满足实际应用对信号处理不同的性能要求,因此对电路进行了改进。\n全差分电路具有抗噪声能力强、共模抑制比高等优点,但是它两输出支路的共模电平不能稳定在同一静态点,因此需要采用共模反馈 CMFB 电路进行调节。为了拓展差分结构的线性范围,又引入了增益降低技术、辅助源耦对的负反馈结构以及自适应补偿等技术。\n为解决增益和驱动不足的问题,同时改善电路的使用范围,模拟集成运放采用多级增益结构级联构成。集成运放的输入级一般均为各种类型的差分增益结构,中间级和输出级多采用 CS、CG、CD 及其组合结构,完成电压增益和输出负载电流驱动的功能。但是,多级结构引入了多个极点, 对系统的稳定性产生了影响, 须在设计中综合考虑。另外, 为改善电路的输出驱动性能,提高电路的响应速度,可采用 Class AB 或 Class B 的互补推挽放大,而且 Class AB 结构又可提高系统的线性度, 改善电路性能。\n模拟集成开环运放通常以闭环负反馈的形式在实际系统中获得应用, 而且开环运放的内部结构上也可采用局部闭环负反馈以改善开环运放的性能。这种开环与闭环的相互配合、相互支撑,结合电路工作模式和状态的选择,再加上基本运放结构的改进和变化,决定了模拟集成运放结构设计和应用的复杂性与多样性。因此, 对于模拟集成运放的分析与设计, 除了以上从最基本的结构上把握外,还应当从系统应用的层面理解和把握。"
}