{
  "section_num": "1.3",
  "title": "内容体系",
  "start_line": 287,
  "end_line": 312,
  "content": "### 1.3 内容体系\n电路类型与处理信号的类型相联系。对于某一类信号,可以从时域、频域两个空间描述,无论在哪个角度,都可以用信号的幅度或增益来表示其强弱。电路的类型主要依据信号的时域特性进行划分。模拟信号是指时间连续、幅度连续的电信号,实现模拟信号处理的功能电路称为模拟电路；离散信号是指时间离散(采样)而幅度连续的电信号,对离散信号处理的电路即为离散(采样)电路,通常表现为开关电容电路的结构形式；数字信号则是指时间离散(采样)同时幅度也离散(量化)的电信号,实现数字信号处理的功能电路称为数字电路。 广义的模拟电路包含狭义模拟电路与离散电路; 数模混合电路则包含以上三方面的电路结构。模拟电路是构成各类型电路的基础。\n电路中采用的有源(主动 Active)元件包含 BJT、MOS 管、JFET 等,无源(被动 Passive) 元件则有电阻 $\\mathrm{R}$ 、电容 $\\mathrm{C}$ 和电感 $\\mathrm{L}$ 。从物理根源上看,各类电路本质相同,都是有源和无源的电路元件以合适的连接关系形成系统结构,完成对不同信号的处理。不同类型电路的差异除了信号自身的特性不同外,从结构上看,主要体现在电路元件特别是有源器件工作状态的差异,而电路工作状态的定义则密切依赖于所选择的电路结构形式和参数设定。因此,电路的连接关系是有规律的,由此形成不同的电路结构类型。根据基本的元件电学特性、通过合理的连接控制关系, 使电路元件处于所需的工作状态, 完成对特定信号的特定处理。因此, 电路系统中元件是基础, 连接 (架构) 是关键。\n模拟电路设计学习的目的, 就是学习实现模拟信号高性能处理的各类电路基本结构。 对于模拟集成运放电路的分析与设计,需要从系统应用和定义、功能单元实现、基本电路结构特点、器件与工艺等多层面多视角进行学习、理解。通常认为, 模拟电路设计没有最优的设计,只有最合适的设计。应当根据应用需求,在相关资源约束的条件下,以最低的代价,达到规定性能指标的要求,实现最合适的电路设计。\n从电路设计的过程看,其本质是一种选择的过程。首先是电路系统架构或结构的选择, 不同的结构具有不同的特点,没有一种结构能够满足所有应用的需求。对不同的结构,需要选择、整合。因此, 模拟电路学习的一个重要内容, 就是对各种电路结构的基本工作原理、本质特点、限制条件、不同结构之间的关联及变化关系等了然于心。在此基础上, 才能兼收并蓄,才可能有创新的电路设计。\n电路设计第二个层面的内容, 是在电路体系结构确定的条件下, 设计电路中各元器件或功能单元的具体参数, 这本质上是一个局部优化的过程。电路参数的设计建立在对电路本质特征以及细节深入了解的基础之上, 通过电路参数的设计, 首先是保证电路工作在限定条件下的稳定范围之内,使电路发挥基本作用的前提条件成立；其次,在保证电路稳定与可靠工作的基础上,尽可能提高电路所能达到的性能。电路参数设计需要扎实的分析计算能力,这种能力的实质就是在对电路本质理解的基础上,突出主要矛盾和关键因素的作用和影响, 忽略次要因素的作用, 通过基本模型的简捷分析计算, 实现电路的基本性能指标要求, 并通过 EDA 工具的设计调整和验证, 获得在限定条件下最优的性能实现。\n模拟电路参数多样, 各类物理机制交替穿插其中, 对于同一电路也有不同的属性, 对电路的设计在注重结果的同时,尤其应关注结果所对应的条件。条件的改变,对应的结果会失去应有的意义。模拟电路的功能失效或性能退化, 很大一部分是由于外界应用环境或噪声干扰导致电路条件的改变而引起的。\n本书以模拟集成线性 IP 运放电路的分析与设计为核心内容, 共分为 12 章, 从多侧面对运放电路的结构设计进行重点讨论, 其体系结构关系如图 1-1 所示。在模拟电路的分析与设计中,应从众多因素中抓住主要矛盾,学会类比分析。作为电压控制型器件, MOS 管由于跨导低、对器件模型参数的依赖性强, 与 CMOS 数字电路集成后引起的感应噪声大, 导致\nCMOS 模拟电路的设计相对 BJT 的难度更高。\n![0196aaa2-bbe2-70ee-823d-d4abf5c67805_14_203_305_1201_835_0.jpg](images/0196aaa2-bbe2-70ee-823d-d4abf5c67805_14_203_305_1201_835_0.jpg)\n图 1-1 模拟集成线性运放电路分析的体系结构\n模拟电路涉及的面广、量大、变化繁多,相互制约的因素众多。从信号处理的角度来看, 由于处理的信号为模拟量,因此首先需要满足精度处理的要求,即需要高的增益和宽的线性范围;同时,随着信号频率的不断提高,需要更高的带宽和更快的瞬态响应速度。对于处理的信号,应注意大信号与小信号、直流信号与交流信号、差模信号与共模信号、数字信号与模拟信号的区别与联系。在信号变量上, 理解电压、电流和电荷信号的关联和相互转化关系; 在性能分析上,能够区别对待时域、频域的不同与关联。\n在器件结构类型上, 应对比 BJT、MOS 管的区别与联系, 了解有源与无源元件的相似与不同；在电路工作状态上,应了解静态工作点、动态交流特性与瞬态响应特性方面的区别与联系; 在电路应用层面, 能够理解开环与闭环的关联, 稳定与振荡的控制等。同一类型电路中,存在众多参数且相互制约,其中精度与速度、增益与线性是贯穿整个模拟电路设计的一对最主要的矛盾体,两者相互制约。此外,同一种类电路也有众多不同的结构实现方式, 而低压、低功耗、低成本的约束条件以及高压大功率集成的工艺困难, 又进一步增加了电路设计的难度。正是由于模拟电路的这种特点, 使得难度很大的模拟电路设计成为一门艺术。"
}