{
  "section_num": "9.5",
  "title": "小结",
  "start_line": 8073,
  "end_line": 8084,
  "content": "### 9.5 小结\n对于各类实际的电路物理结构, 开环运放的系统收敛性通常都能得到有效保证, 即其特征多项式中 $s$ 各项常系数均为正数,并可确保开环运放各极点的 LHP 性质。然而,当开环运放通过闭环负反馈构成闭环系统时,在某些特定条件下会导致闭环系统的发散,出现不稳定状态。\n$\\mathrm{{RHP}}$ 零点是导致系统发散的根源之一。因此,频率补偿的任务之一,就是需要扩展 RHP 零点到高频段以降低其影响,或将 RHP 零点转变为 LHP 零点。在基本的 Miller 电容补偿结构中, Miller 电容的前馈通路将形成 ${g}_{\\mathrm{{mL}}}/{C}_{\\mathrm{m}}$ 的 RHP 零点,增加 Miller 补偿增益级的跨导将其外推到高频段可抑制其影响;此外,采用串联调节电阻改变前馈通路电流的相位特性,利用电流或电压跟随的单向信号传输特性隔离 Miller 电容支路前馈电流通道,或采用并联的前馈通路反向电流补偿,均可实现对 $\\mathrm{{RHP}}$ 零点的消除或转向 $\\mathrm{{LHP}}$ 零点性质的控制, 将不利的影响变为有利的作用。\n即使没有 RHP 零点的作用,高阶开环增益也存在稳定性问题。虽然在没有 RHP 零点作用下的闭环特征多项式系数均为正, 但根据 Routh 判据, 闭环系统的极点仍然可以出现 $\\mathrm{{RHP}}$ 极点,包括 $\\mathrm{{RHP}}$ 实极点或 $\\mathrm{{RHP}}$ 共轭复极点。其主要的影响因素是开环系统的低频增益和开环极点相互间的位置关系。对于二阶开环系统构成的闭环电路, Routh 准则和根轨迹法都清楚表明了系统的无条件稳定性,即闭环极点的 LHP 性质。然而需要指出的是, 稳定的闭环系统为保证一定的瞬态响应特性,需要具有一定的稳定裕度,主要是电路的相位裕度 PM。相位裕度一方面可确保在电路参数发生漂移的状态下仍能保持稳定的性质, 同时具有较快的瞬态响应速度。从速度性能考虑,理想的相位裕度在 ${60}^{ \\circ  }$ 附近。 $\\mathrm{{PM}}$ 过小,闭环系统瞬态输出的过冲量过大,造成阻尼振荡,容易进入系统发散区且速度反而下降；PM 过大, 则输出变化的速率过慢, 影响速度的提高。\n考虑 PM 的要求后,二阶增益系统同样存在稳定性补偿设计的问题。二阶系统补偿设计的基本方法是通过控制开环低频增益和两个开环极点的位置, 使两个闭环 LHP 极点保持分离实极点的性质,环路增益无过冲,环路增益的 $0\\mathrm{\\;{dB}}$ 带宽即为 $\\mathrm{{GBW}}$ 。当闭环的 ${Q}^{2} =$ $1/2$ ,即闭环高频极点 ${p}_{2} = \\mathrm{{NDP}} \\times  \\mathrm{{GBW}}$ 时, $\\mathrm{{PM}} = \\arctan \\left( \\mathrm{{NDP}}\\right)  = \\arctan 2 = \\arctan \\left( {1/{Q}^{2}}\\right)$ $= {63}^{ \\circ  }$ 。采用基本的 Miller 电容 SMC 补偿结构,压缩开环 ${p}_{1}$ 主极点,扩展 ${p}_{2}$ 次极点,并设置 ${p}_{2} = \\mathrm{{NDP}} \\times  \\mathrm{{GBW}} = \\mathrm{{NDP}} \\times  {A}_{0}{p}_{1}$ ,使 $\\mathrm{{NDP}} \\geq  2$ 以满足稳定性的要求。在 Miller 电容补偿中,应采用各种有效方式消除 RHP 零点的影响。增大增益主要采用横向多级级联的方式。采用 Miller 补偿的运放每增加一级, GBW 就减少约 $1/2$ ,且功耗也随之增大。\n以三级运放分析多级运放的频率补偿设计,设计各级开环增益的输出极点依次为 ${p}_{1}$ 、 ${p}_{2}$ 、 ${p}_{3}$ 。频率补偿设计的一般方法通常为 $\\mathrm{{SMC}}$ 结构,压缩 ${p}_{1}$ 使其成为开环主极点,并使电路的带宽为 $\\mathrm{{GBW}} = {A}_{0}{p}_{1}$ ,并且 $\\mathrm{{GBW}}$ 成为闭环电路的主极点。此时,根据开环路次极点的 ${p}_{2}$ 、 ${p}_{3}$ 的分布情况,合理控制闭环电路的次极点。当 ${p}_{2}$ 、 ${p}_{3}$ 分离度足够显著时,即对应两级运放系统考虑高频寄生电容时的状态, ${p}_{2}\\text{、}{p}_{3}$ 同样成为闭环的高频极点,此时只需要控制 $\\mathrm{{GBW}} \\ll  {p}_{2}$ 即可满足 $\\mathrm{{PM}}$ 的要求。如 ${p}_{2}$ 、 ${p}_{3}$ 充分靠近甚至为一对共轭复极点时,对于三级运放通常如此, 则采用嵌套式的 Miller 补偿结构对开环及闭环运放的共轭复极点进行控制,使闭环的 $Q = \\zeta  = 1/\\sqrt{2}$ ,且 $\\mathrm{{GWB}} = {\\omega }_{\\mathrm{n}}/2$ ,满足巴特沃思 $\\mathrm{{PM}} = {60}^{ \\circ  }$ 的频率响应特性, 同时采用类似于 SMC 中的各种方法, 消除 Miller 电容形成的零点, 由此形成基于 NMC 的各类高阶运放系统的补偿结构设计,可以获得所需的 PM 特性。"
}