{
  "section_num": "3.7",
  "title": "偏置启动电路",
  "start_line": 1907,
  "end_line": 1996,
  "content": "### 3.7 偏置启动电路\n电流偏置是决定电路系统稳定与可靠工作的关键因素之一。偏置电路中的 MOS 管失效, 通常会导致整个电路系统的失效, 因此必须提高电压、电流偏置电路的可靠性。冗余设计是一种可行的解决方案,将两种相同的自偏置电路共用 ${R}_{\\mathrm{S}}$ 源电阻,即输出电流在 ${R}_{\\mathrm{S}}$ 上叠加。这两种电流的性质和大小完全相同,由于两条支路都有电流流过,电阻 ${R}_{\\mathrm{S}}$ 折算到单独一个支路中变为 $2{R}_{\\mathrm{S}}$ ,则定义的支路电流为 $\\Delta {V}_{\\mathrm{{GS}}}/2{R}_{\\mathrm{S}}$ 。在亚阈区支路电流为 ${V}_{\\mathrm{T}}\\ln \\left( N\\right) /$ $2{R}_{\\mathrm{S}}$ ,则两条支路输出的电流总和增加为原来的两倍。当两条支路中的某一支路因某种原因导致 MOS 失效而无输出电流,则剩余的有效偏置电路中的源限流电阻保持为 ${R}_{\\mathrm{S}}$ ,总的输出电流减小一半,其性质与原两块偏置电路同时工作提供的输出电流完全相同。显然,这种冗余设计方法对提高偏置乃至电路系统的可靠性非常有效。\n由于 $\\mathrm{{IC}}$ 普遍采用全局电压或全局电流偏置技术,因此,当偏置支路不能正常工作时,必然无法提供整个电路所需要的偏置电压或电流, 导致系统崩溃。偏置电路瞬态启动可能存在的失效,是造成系统无法正常稳定工作的重要因素之一。由此可见,启动电路对系统稳定工作十分重要,但通常容易被忽视,成为系统潜在的不稳定因素之一。\n设计启动电路的参数时应使启动电路能够满足以下三点要求:首先能向偏置电路灌入电流,实现启动功能；其次,偏置电路启动后必须能关断启动电路与偏置电路的联系,即启动电路只在系统上电瞬间起作用,稳定后对电路正常工作没有任何影响；最后,电路启动后,启动电路应当保持很低的功耗, 或者没有功耗。\n#### 3.7.1 瞬态启动原理\n当电源 $\\left( {V}_{\\mathrm{{CC}}}\\right)$ 到地(GND)的支路为低阻通路时,支路中形成稳定的电流。当所形成的电流在各类元件上转换成稳定的电压后,可以为系统提供偏置。低阻通路主要包括无源电阻、有源 MOS 或 BJT 二极管饱和电阻、大信号控制下的有源线性电阻等等。MOS 器件可通过栅压或尺寸的设计调节其电阻的大小, 从而改变提供的偏压。因此, 广义上的电阻分压既是最简单的偏置电路,也是最基本的启动电路。\n图 3-31 给出了两种偏置或启动结构示意图。图 3-31(a) 中, NMOS 管在大信号 ${V}_{\\mathrm{S}}$ 作用下,分别呈现关断 (无穷大) 电阻和线性 (导通) 电阻,可在启动和关断两种状态下切换, 这是对启动电路的一般要求。当上电过程结束后,启动电路应停止工作,对主电路系统不再施加任何影响,并保持自身最小的静态电流,也就是无静态电流消耗。图 3-31(b) 为典型的 $R + \\mathrm{{MOS}}$ 二极管的偏置结构,使用 $\\mathrm{{PMOS}}$ 管为系统提供电流; 当上电过程结束后,由感应得到的 ${V}_{\\mathrm{C}}$ 高电平信号,再将启动电路关闭。\n![0196aaa2-bbe2-70ee-823d-d4abf5c67805_70_357_1224_868_442_0.jpg](images/0196aaa2-bbe2-70ee-823d-d4abf5c67805_70_357_1224_868_442_0.jpg)\n图 3-31 低阻通路与启动电路\n显然, 等效低阻支路通常不存在启动问题, 但由其性质并根据欧姆定律可知, 其偏置电流随电压近似呈线性变化,造成高压下系统功耗显著增加。更重要的是,静态偏置在较大范围内变化, 会给电路的稳定工作带来不利影响。对于低功耗高性能模拟电路的偏置结构, 单调型和峰值型是应用最广的两种典型的非线性偏置电路, 如图 3-32 和图 3-33 所示。其中任何一条支路中由于存在 ${V}_{\\mathrm{{DS}}}$ 的饱和分压元件,因而都不存在低阻通路,解决了低阻偏置支路的缺点,但却带来了瞬态启动的困难。\n非线性偏置电路需要启动的原因在于其稳定工作点一般均有两个:一个是电路设计时所希望达到的静态工作点,另一个则是零点。启动电路的功能就是通过外界的强制扰动,迫使电路离开零点,然后利用系统自身的反馈控制,自动到达设计的稳定工作点。图 3-32 中,应从 ${\\mathrm{M}}_{2}$ 二极管栅漏处注入启动电流,即使注入的电流很小,只要能启动如图所示的 ${\\mathrm{M}}_{2}$ $\\rightarrow  {\\mathrm{M}}_{1} \\rightarrow  {\\mathrm{M}}_{3} \\rightarrow  {\\mathrm{M}}_{4} \\rightarrow  {\\mathrm{M}}_{2}$ 的逆时针电流正反馈环路,就可以迫使工作点逐渐地离开零点,逼近 $\\mathrm{A}$ 点；若启动注入的电流 ${I}_{2}$ 过大,或者由上述原因的启动注入导致 ${I}_{2}$ 过冲,超出 $\\mathrm{A}$ 点范围,则 ${\\mathrm{M}}_{2} \\rightarrow  {\\mathrm{M}}_{4} \\rightarrow  {\\mathrm{M}}_{3} \\rightarrow  {\\mathrm{M}}_{1} \\rightarrow  {\\mathrm{M}}_{2}$ 的顺时针电流负反馈环路开始起作用,迫使工作点最终回到 $\\mathrm{A}$ 点并达到稳定。显然,环路反馈性质的确定与启动电流注入点的位置和大小等密切相关。\n在小电流下,由于 $\\mathrm{{PMOS}}$ 电流源尚未能建立,因此 ${I}_{2}$ 从 ${\\mathrm{M}}_{2}$ 注入只能进行逆时针的正反馈。当然, 如果启动电流过小而无法使 NMOS 电流源首先建立起来时, 偏置的正反馈也是无法建立的,即低电流启动存在失败的可能。相反,采用大电流启动,一旦 PMOS 电流源建立后,支路电流不可能无限增大,系统迫使负反馈环路起作用。当然,如果 $\\mathrm{A}$ 点附近的过冲惯性过强,负反馈性质会将电路状态由 $\\mathrm{A}$ 点拉回到 $\\mathrm{O}$ 点,启动失败。以上两种状态都可能在实际电路中发生。\n![0196aaa2-bbe2-70ee-823d-d4abf5c67805_71_344_886_869_411_0.jpg](images/0196aaa2-bbe2-70ee-823d-d4abf5c67805_71_344_886_869_411_0.jpg)\n图 3-32 非线性单调型电流源电路及其启动过程示意图\n![0196aaa2-bbe2-70ee-823d-d4abf5c67805_71_340_1395_881_411_0.jpg](images/0196aaa2-bbe2-70ee-823d-d4abf5c67805_71_340_1395_881_411_0.jpg)\n图 3-33 非线性峰值型电流源电路及其启动过程示意图\n在图 3-33 所示的峰值型偏置电路中,电流反馈的方向是固定的,是由 ${\\mathrm{M}}_{1} \\rightarrow  {\\mathrm{M}}_{2} \\rightarrow$ ${\\mathrm{M}}_{4} \\rightarrow  {\\mathrm{M}}_{3} \\rightarrow  {\\mathrm{M}}_{1}$ 的逆时针传输环路,因此反馈的性质不再是通过改变环路方向来实现,而是由自身电流源的峰值性质来实现的。由于 NMOS 电流源的峰值点出现在 A 点之前, 在图 3-32中小于 $\\mathrm{A}$ 点的小注入为正反馈,而高于 $\\mathrm{A}$ 点的大注入为负反馈。因此,该偏置电路的启动相当可靠,只要小注入启动电流足够,系统便能自动稳定在 $\\mathrm{A}$ 点。同样,当起始注入电流过大时,系统也能自动维持在稳定的工作点 $\\mathrm{A}$ 。显然,偏置电路的环路反馈性质,对电路瞬态启动特性的影响是至关重要的。\n#### 3.7.2 典型的启动电路结构\n启动电路设计的关键在于瞬态电流注入位置的选择, 并保持对主电路尽量少的影响和干扰。第一点在前文已进行了详细的讨论, 而第二点则要求瞬态过程结束后彻底关闭启动电路,这就需要对电路的状态进行判别。图 3-34 中, ${V}_{\\text{triggle }}$ 为低电平启动电压,当稳态建立后, ${V}_{\\text{sense }}$ 为感应得到的稳态电压,以此为关闭或启动模块的判据。 ${V}_{\\text{triggle }}$ 和 ${V}_{\\text{sense }}$ 可以是同一个节点电压量,也可以不是同一节点电压量。分开后初态与稳态不同,更有利于对电路控制。\n![0196aaa2-bbe2-70ee-823d-d4abf5c67805_72_191_736_543_342_0.jpg](images/0196aaa2-bbe2-70ee-823d-d4abf5c67805_72_191_736_543_342_0.jpg)\n图 3-34 启动电路原理图\n![0196aaa2-bbe2-70ee-823d-d4abf5c67805_72_800_769_584_309_0.jpg](images/0196aaa2-bbe2-70ee-823d-d4abf5c67805_72_800_769_584_309_0.jpg)\n图 3-35 NMOS 启动电路\n图 3-35 为启动 $\\mathrm{{NMOS}}$ 管工作的基本电路结构,电阻 ${R}_{\\mathrm{S}}$ 提供控制管 ${\\mathrm{M}}_{\\mathrm{I}}$ 的感应电平 ${V}_{\\mathrm{S}}$ 。在上电瞬间, ${V}_{\\mathrm{C}}$ 上跳到高电平,而 ${\\mathrm{M}}_{1}$ 在上电瞬间 ${V}_{\\mathrm{S}}$ 保持为 0,电路因为 ${V}_{\\mathrm{{GS}}} = {V}_{\\mathrm{{CC}}}$ 而导通,给 NMOS 管提供注入电流,可等效地视为 ${V}_{\\mathrm{N}\\text{_start }}$ 启动信号将后级 NMOS 的栅电压上拉到所需要的偏置电位。当 NMOS 未完成启动时, 支路电流极小, 相应地内部支路的 PMOS 也不导通,其 ${V}_{\\mathrm{{bp}}}$ 保持为高电平,因此启动模块中的 PMOS 保持截止状态,使 ${V}_{\\mathrm{S}}$ 保持低电位,从而 ${V}_{\\mathrm{N}\\text{ - start }}$ 始终保持高电平充电状态。这一反馈状态可保证当启动未能建立时,系统能长久保持启动状态。随着启动的持续进行,内部支路电流增加后, ${V}_{\\mathrm{{bp}}}$ 电位下降, PMOS 开始导通, ${V}_{\\mathrm{S}}$ 电位上升,启动能力减弱,直至 ${V}_{\\mathrm{S}} > {V}_{\\mathrm{{CC}}} - {V}_{\\mathrm{{TP}}}$ 时, ${\\mathrm{M}}_{1}$ 完全关断,对电路正常状态的影响最小,这时,设计应保证内部电路的启动过程顺利完成。\n该电路的一个缺点是稳定后存在静态功耗,而且 ${V}_{\\mathrm{S}} < {V}_{\\mathrm{{CC}}}$ ,无法彻底关闭 ${\\mathrm{M}}_{1}$ 管。可采用PMOS二极管代替 ${R}_{\\mathrm{S}}$ 电阻,节省面积,但 MOS 电阻随电源电压变化,在高压下电流更大,如果换成耗尽 NMOS 恒流源,静态电流则不随 ${V}_{\\mathrm{S}}$ 或 ${V}_{\\mathrm{{CC}}}$ 而变化。\n将电阻用启动电容 ${C}_{\\mathrm{S}}$ 取代,得到图 3-36 所示的启动电路,其稳态下的静态偏置电流为零,并能彻底关闭 ${\\mathrm{M}}_{1}$ 。信号 ${V}_{\\mathrm{{bp}}}$ 有两种接法,一是接内部 PMOS 管的栅,一是直接连接 GND。由于启动过程是瞬时的,在上电完成后,如注入的电流过小,负载电路则无法启动, 电容 ${C}_{\\mathrm{S}}$ 因充满高电位而使启动失效。因此,该结构只适合于启动上电相对简单的非嵌套的电路系统。\n将 ${R}_{\\mathrm{S}}$ 电阻或电容用 $\\mathrm{{NMOS}}$ 管代替,并受感应信号 ${V}_{\\mathrm{{bp}}}$ 的控制,可视为对等效电阻 ${R}_{\\mathrm{S}}$ 的控制,由此得到如图 3-37 所示的启动结构。在开始阶段, ${R}_{\\mathrm{S}}$ 较小,具有较强的启动能力; 在后期 ${R}_{\\mathrm{S}}$ 减小,启动作用减弱。另外, NMOS 的感应信号还可以从内部 NMOS 管取出,转换后再控制内部 ${V}_{\\mathrm{{bp}}}$ 信号。\n![0196aaa2-bbe2-70ee-823d-d4abf5c67805_73_170_307_546_276_0.jpg](images/0196aaa2-bbe2-70ee-823d-d4abf5c67805_73_170_307_546_276_0.jpg)\n图 3-36 零静态功耗 NMOS 启动电路\n![0196aaa2-bbe2-70ee-823d-d4abf5c67805_73_748_305_667_276_0.jpg](images/0196aaa2-bbe2-70ee-823d-d4abf5c67805_73_748_305_667_276_0.jpg)\n图 3-37 感应控制作用的 NMOS 启动电路\n为降低启动电路的静态功耗,可再增加一个串联 ${R}_{\\mathrm{S}}$ 与 GND 之间的 ${\\mathrm{M}}_{1}$ 开关管,以实现高可靠性、低功耗的自适应启动控制,电路如图 3-38 所示。 ${V}_{\\text{sense }}$ 来自内部 NMOS 管的栅压,初始为低电平,经过简单逻辑门的处理后,得到 ${Clk} = 1/{Clkb} = 0$ 的互补控制信号,该信号可通过 $2 - 1\\mathrm{{MUX}}$ 开关选择 ${V}_{\\mathrm{{CC}}}$ 或 $\\mathrm{{GND}}$ 电平,或直接经过同相缓冲后直接驱动 ${\\mathrm{M}}_{1}$ 管,初始状态 ${V}_{\\mathrm{C}} = 1$ ,使 ${\\mathrm{M}}_{1}$ 导通,启动电路开始工作。当启动完成后, ${V}_{\\text{sense }}$ 达到稳定值,并高于其所驱动倒相器的输入转折电平,即 ${V}_{\\text{sense }} = {V}_{\\mathrm{H}}$ ,使 $\\mathrm{{Clk}} = 0/\\mathrm{{Clkb}} = 1,{V}_{\\mathrm{C}}$ 选通 GND 或 $\\mathrm{{Clk}}$ 的同相缓冲信号,将 ${\\mathrm{M}}_{1}$ 关闭。此时, ${V}_{\\mathrm{S}} = {V}_{\\mathrm{{CC}}}$ ,启动电路关闭,其静态功耗降为零,获得类似电容启动电路的效果,但可靠性显著增强。\n从改善系统性能角度出发,电路内部还存在互偏置结构, 即从电流源的互偏置结构, 可以引申到系统电路内部的互偏置结构, 其中的一个典型代表就是带运放的带隙基准电路。在此电路中, 基准内核的精度强烈地依赖于运放正常工作所引入的 “虚短” 特性, 而运放的工作反过来又需要基准内核提供给运放稳定的电流偏置工作点。因此, 实际的效果是依赖两者的相互耦合达到所需要的工作点,构成系统内部电路模块的互偏置结构。显然,类似于基本的自偏置电路,此类互偏置的电路系统也必须具备启动电路确保稳定工作点的建立。在系统启动电路的设计中, 启动电路的输出即初始电流注入点位置的选择成为关键, 注入的电流在初始阶段应当引起系统内部电流的正反馈, 引发启动机制, 但内部的负反馈设计必须保证系统静态工作点最终达到稳定。\n![0196aaa2-bbe2-70ee-823d-d4abf5c67805_73_615_1061_803_459_0.jpg](images/0196aaa2-bbe2-70ee-823d-d4abf5c67805_73_615_1061_803_459_0.jpg)\n图 3-38 一种通用 NMOS 管启动电路\n本文以 OP 控制型基准电路为例,讨论启动电路的具体应用。在如图 3-39 所示的电路系统中,启动电路由 ${\\mathrm{M}}_{6} - {\\mathrm{M}}_{9}$ 组成。 ${\\mathrm{M}}_{6}$ 、 ${\\mathrm{M}}_{7}$ 组成倒相器,当电路没有启动时 ${\\mathrm{M}}_{1}$ 的栅极 ${V}_{\\mathrm{{bp}}}$ 为高,倒相器输出为 0,使得 ${\\mathrm{M}}_{8}$ 、 ${\\mathrm{M}}_{9}$ 导通,向 BGR 注入电流以启动电路。当工作点建立后, ${\\mathrm{M}}_{6}$ 栅极降低,关闭启动电路。该启动电路设计的关键是 ${\\mathrm{M}}_{6}$ 和 ${\\mathrm{M}}_{7}$ 的宽长比,即倒相器的翻转电压。\n![0196aaa2-bbe2-70ee-823d-d4abf5c67805_74_299_258_932_468_0.jpg](images/0196aaa2-bbe2-70ee-823d-d4abf5c67805_74_299_258_932_468_0.jpg)\n图 3-39 启动电路的 OP 控制型基准\n实际上由 ${\\mathrm{M}}_{6}$ 、 ${\\mathrm{M}}_{7}$ 构成的倒相器反转电压除了由 ${\\mathrm{M}}_{6}$ 、 ${\\mathrm{M}}_{7}$ 的宽长比决定外,还与电源电压有关,因此无法对不同的工作电压均能有效启动。同时,由于启动电路对 ${V}_{\\mathrm{a}}$ 支路注入电流,导致 ${V}_{\\mathrm{a}}$ 和 ${V}_{\\mathrm{b}}$ 两支路电流的不对称,容易在启动过程中引起振荡。\n另一种启动电路结构如图 3-40,启动原理与上图相近,仅启动输出的控制位置不同。 该结构采用拉低 $\\mathrm{{BGR}}$ 电路中 ${V}_{\\mathrm{{bp}}}$ 栅压的启动方法,保证 ${V}_{\\mathrm{a}}$ 和 ${V}_{\\mathrm{b}}$ 两支路在启动时电流近似一致,从而减小启动振荡。为克服 CMOS 倒相器翻转电平与电源电压 ${V}_{\\mathrm{{CC}}}$ 敏感的问题,可采用电阻 $\\mathrm{{CS}}$ 反相控制结构的启动电路,用 ${R}_{1}$ 代替 $\\mathrm{{PMOS}}$ 管 ${\\mathrm{M}}_{1}$ ,只要 ${R}_{1}$ 的阻值足够大,就能满足在不同电源电压条件下同时启动。但其缺点是当电源电压较高时,电阻会很大。当电路功耗限制在微安级时,电阻 ${R}_{1}$ 需要 $\\mathrm{M}\\Omega$ 以上的高阻,并将占用较大的芯片面积。\n![0196aaa2-bbe2-70ee-823d-d4abf5c67805_74_199_1286_454_369_0.jpg](images/0196aaa2-bbe2-70ee-823d-d4abf5c67805_74_199_1286_454_369_0.jpg)\n图 3-40 克服启动振荡的启动电路\n![0196aaa2-bbe2-70ee-823d-d4abf5c67805_74_807_1282_527_371_0.jpg](images/0196aaa2-bbe2-70ee-823d-d4abf5c67805_74_807_1282_527_371_0.jpg)\n图 3-41 采用电容结构的启动电路\n采用电容结构的启动电路可彻底解决启动电路静态电流消耗的问题, 电路如图 3-41 所示。该启动结构由于其突出的低功耗优势而应用广泛。由于启动条件要求电容上的初始电位为 0 ,所以该电路只能用于电源上电过程中的一次启动,再次启动则需要重新关断电源。"
}