{
  "section_num": "6.2",
  "title": "高增益差分输入级",
  "start_line": 3939,
  "end_line": 3998,
  "content": "### 6.2 高增益差分输入级\nCascode 差分放大器的基本出发点在于进一步提高差分电压增益。Cascode 结构带来的主要问题是需要高电源电压及输出动态范围减小。将套筒式 Cascode 结构中 CS-CG 相同类型的 MOS 管改变为折叠式 Cascode 中 CS - CG 不同类型的 MOS 管,一定程度上缓解了 Cascode 结构的不足。对于 Cascode 差分输入级,在低频交流小信号增益分析的基础上, 尤其应关注输入输出动态范围的变化。\n#### 6.2.1 套筒式 Cascode 差分输入\n图 6-1 所示的 Cascode 输入及恒流负载全差分结构, 输出采用传统的单端或全差分结构。在图 6-1(b) 中的 NMOS 差分对,保留 ${\\mathrm{M}}_{5}/{\\mathrm{M}}_{6}$ 的 CG 结构,输入级为 CS $- \\mathrm{{CG}}$ 的 Cas-code 放大。同时,仅在输出支路采用 Cascode 恒流负载,构成套筒式 Cascode 差分输入级, 差分对增益显著提高。\n![0196aaa2-bbe2-70ee-823d-d4abf5c67805_148_277_940_971_557_0.jpg](images/0196aaa2-bbe2-70ee-823d-d4abf5c67805_148_277_940_971_557_0.jpg)\n图 6-1 固定偏置的套筒式 Cascode 差分对\nCascode 差分对不同于单级增益中的 Cascode 放大单元, 由于单级结构中的输入共模信号范围很小,对偏置和输出动态范围的影响很小。而在差分 Cascode 增益结构中,由于输入信号的共模范围变化很大,必须考虑输入共模信号大范围变化对偏置和输出动态范围的影响。为保证 ${\\mathrm{M}}_{1}/{\\mathrm{M}}_{2}$ 处于饱和工作区,输入共模信号范围为 ${V}_{\\mathrm{{CM}}} < {V}_{\\mathrm{{be}}} - \\Delta$ ,因此为扩展输入共模范围,应增大 ${V}_{\\mathrm{{bn}}}$ 偏置；另一方面,为确保 ${\\mathrm{M}}_{5}/{\\mathrm{M}}_{6}$ 位于饱和工作区,最小输出信号 ${V}_{\\mathrm{o},\\min }$ 应满足 ${V}_{\\mathrm{o},\\min } \\geq  {V}_{\\mathrm{{bn}}} - {V}_{\\mathrm{{TN}}}$ 的条件,从降低 ${V}_{\\mathrm{o},\\min }$ 扩大输出动态范围的要求出发,应降低 ${V}_{\\mathrm{{bn}}}$ 值。显然,在以上套筒式差分 Cascode 结构中,固定的 Cascode 偏置 ${V}_{\\mathrm{{bn}}}$ 无法兼顾输入共模变化范围与输出动态范围的相反要求, ${V}_{\\mathrm{{bn}}}$ 偏置被限制在 $\\Delta  + {V}_{\\mathrm{{CM}}} \\sim  {V}_{\\mathrm{o},\\min } + {V}_{\\mathrm{{TN}}}$ 的范围内。因此, 只有限定输入共模信号的范围, 或者采用自适应即动态偏置才能解决此类问题。图 6-2(a) 中 ${\\mathrm{M}}_{\\mathrm{D}}$ 管采用恒流 ${I}_{\\text{bias }}$ 偏置,则 ${V}_{\\mathrm{{bn}}} - {V}_{\\mathrm{S}}$ 为固定常数。当 ${V}_{\\mathrm{{CM}}}$ 增加使 ${V}_{\\mathrm{S}}$ 电位上升时, ${V}_{\\mathrm{{bn}}}$ 同步增加,解决了扩展共模输入范围的问题,但并没有解决高共模输入下的输出动态范围过窄的问题。当套筒式 Cascode 差分对组成两级以上的增益结构时, 后级驱动结构的放大管应注意工作点选取合适的位置, 可以通过源跟随器对直流电平完成适当的移位。图 6-2(b)中, ${\\mathrm{M}}_{11}/{\\mathrm{M}}_{12}$ 组成 PMOS 源跟随器,差分输出级的共模电平钳位在两个 ${V}_{\\mathrm{{GS}}}$ 电压范围附近,一方面可使 Cascode 负载更容易工作在饱和区,另一方面可抑制差分输出级失调。\n![0196aaa2-bbe2-70ee-823d-d4abf5c67805_149_281_480_995_574_0.jpg](images/0196aaa2-bbe2-70ee-823d-d4abf5c67805_149_281_480_995_574_0.jpg)\n图 6-2 自适应动态偏置套筒式 Cascode 差分结构\n如差分对采用 MOS 二极管的对称电流镜传输, 则构成如图 6-3 所示的对称型差分结构。输出负载电容 ${C}_{\\mathrm{L}}$ 在高频下的低容抗使负载驱动电流增加,表现为跨导放大特性。图 6-3 中的跨导运算放大器 OTA 电路, 将差分对中的套筒式 Cascode 转移到输出级,即保留了 Cascode 的高增益性能,同时也缓解了对输出电压摆幅度的限制。 在 OTA Cascode 结构中, 输出摆幅范围仅比普通 CS 输出级多损失了两个过驱动电压,并且消除了套筒式 Cascode 差分输入级对输入共模范围上限的限制。图中, ${\\mathrm{M}}_{12}$ 管起漏电位隔离作用,以提高 ${\\mathrm{M}}_{6}/{\\mathrm{M}}_{9}$ 两管饱和电流的匹配程度,降低系统失调。\n![0196aaa2-bbe2-70ee-823d-d4abf5c67805_149_737_1244_667_404_0.jpg](images/0196aaa2-bbe2-70ee-823d-d4abf5c67805_149_737_1244_667_404_0.jpg)\n图 6-3 跨导运算放大器 Cascode 差分结构\n图 6-4 给出了 Cascode OTA 的另一种改进形式, 即采用动态尾电流的差分感应控制, 增加电路的负载驱动能力和带宽。图中, ${\\mathrm{M}}_{9}/{\\mathrm{M}}_{10}$ 电流镜提供静态条件下基本的尾电流。 ${\\mathrm{M}}_{19}$ 输出 $\\left( {{I}_{1} - {I}_{2}}\\right)$ 的比例电流,同样 ${\\mathrm{M}}_{18}$ 输出反相关系的 $\\left( {{I}_{2} - {I}_{1}}\\right)$ 比例电流。这两种感应电流全部叠加到尾电流源中。由于在静态下 ${I}_{1} = {I}_{2}$ ,则叠加的两部分动态电流均为零,系统保持了静态低功耗的特性。而在动态条件下,无论 ${V}_{\\mathrm{{id}}} > 0$ 使 ${I}_{1} > {I}_{2}$ ,还是 ${V}_{\\mathrm{{id}}} < 0$ 使 ${I}_{2} > {I}_{1}$ ,两类动态电流镜总有一组截止,而另一组导通,注入并叠加到尾电流中,显著地改善了电路负载驱动的高速特性。\n![0196aaa2-bbe2-70ee-823d-d4abf5c67805_150_275_266_1000_470_0.jpg](images/0196aaa2-bbe2-70ee-823d-d4abf5c67805_150_275_266_1000_470_0.jpg)\n图 6-4 动态尾电流调制的 OTA 差分输入级\n图 6-5 所示的 OTA 差分输入级对差分对的负载进行了改进,在原有的 ${\\mathrm{M}}_{3}/{\\mathrm{M}}_{4}$ MOS 二极管负载基础上,增加了 ${\\mathrm{M}}_{5}/{\\mathrm{M}}_{6}$ 两个交叉耦合的正反馈负载。很明显, ${\\mathrm{M}}_{3}/{\\mathrm{M}}_{5}\\text{、}{\\mathrm{M}}_{4}/{\\mathrm{M}}_{6}$ 分别组成一对电流镜负载,因此 ${\\mathrm{M}}_{3}$ 与 ${\\mathrm{M}}_{5}$ 的电流极性相同,同样 ${\\mathrm{M}}_{4}$ 与 ${\\mathrm{M}}_{6}$ 的电流极性也相同。在静态条件下,由于 ${\\mathrm{M}}_{5}/{\\mathrm{M}}_{6}$ 正反馈负载的分流作用, ${\\mathrm{M}}_{3}/{\\mathrm{M}}_{4}\\mathrm{{MOS}}$ 二极管中的静态电流下降,增益相应提高。\n![0196aaa2-bbe2-70ee-823d-d4abf5c67805_150_275_1078_1000_468_0.jpg](images/0196aaa2-bbe2-70ee-823d-d4abf5c67805_150_275_1078_1000_468_0.jpg)\n图 6-5 带正反馈的负载控制的跨导运算放大器差分输入级\n在差分输入驱动下, ${\\mathrm{M}}_{3}/{\\mathrm{M}}_{4}$ MOS 二极管的电流极性相反,导致 ${\\mathrm{M}}_{6}$ 与 ${\\mathrm{M}}_{3}$ 及 ${\\mathrm{M}}_{1}$ 的电流极性相反,同时 ${\\mathrm{M}}_{5}$ 与 ${\\mathrm{M}}_{4}$ 及 ${\\mathrm{M}}_{2}$ 的电流极性反相。根据电路结构, ${\\mathrm{M}}_{3}$ 管电流为 ${\\mathrm{M}}_{1}$ 差分输入管电流减去反馈 ${\\mathrm{M}}_{6}$ 管中的电流,由于 ${\\mathrm{M}}_{1}$ 与 ${\\mathrm{M}}_{6}$ 电流反相,导致其差值即 ${\\mathrm{M}}_{3}$ 管电流变化幅度增加,输出电压幅度提高,对于 ${\\mathrm{M}}_{4}$ 也有同样的结论,最终导致电压增益的提高。 同样,通过电压反馈的分析,也能获得与采用电流模分析相同的结论。\n采用对称平衡的差分对输入中, ${\\mathrm{M}}_{3}/{\\mathrm{M}}_{4}$ 管 $W/L$ 相同,同样 ${\\mathrm{M}}_{5}/{\\mathrm{M}}_{6}$ 管的 $W/L$ 也相同。 设输入差分跨导为 ${g}_{\\mathrm{m}},{\\mathrm{M}}_{3}/{\\mathrm{M}}_{4}$ MOS二极管负载为 $1/{g}_{\\mathrm{{mD}}},{\\mathrm{M}}_{5}/{\\mathrm{M}}_{6}$ 正反馈管跨导为 ${g}_{\\mathrm{{mf}}}$ 。在输出级跨导 ${g}_{\\mathrm{{mo}}} = {g}_{\\mathrm{{mD}}}$ 、Cascode 输出阻抗 ${R}_{\\mathrm{o}}$ 条件下,得到电路的单级增益为\n$$\n{A}_{\\mathrm{v}} = \\frac{{g}_{\\mathrm{m}}}{{g}_{\\mathrm{{mD}}} - {g}_{\\mathrm{{mf}}}}{g}_{\\mathrm{{mo}}}{R}_{\\mathrm{o}} \\approx  \\frac{{g}_{\\mathrm{m}}{R}_{o}}{1 - {g}_{\\mathrm{{mf}}}/{g}_{\\mathrm{{mD}}}} \\tag{6 - 1}\n$$\n以上正反馈控制下的增益关系通常只在 ${\\left( W/L\\right) }_{5} < {\\left( W/L\\right) }_{3}$ 弱正反馈状态下成立,此时 ${\\mathrm{M}}_{3}/{\\mathrm{M}}_{4}$ 二极管在 ${V}_{\\mathrm{{id}}}$ 的动态范围内均有电流,正反馈一直起到控制作用。因此,对于正反馈高速放大电路,通常设计在弱正反馈的环路控制状态下。\n相反,在 ${\\left( W/L\\right) }_{5} > {\\left( W/L\\right) }_{3}$ 的强正反馈控制下,正反馈控制使 ${V}_{\\mathrm{{id}}}$ 动态范围大幅度减小。超出 ${V}_{\\mathrm{{id}}}$ 范围后, ${\\mathrm{M}}_{4}/{\\mathrm{M}}_{3}$ 两个 $\\mathrm{{MOS}}$ 二极管中一个导通、一个截止,正反馈控制消失,但电路已进入深度饱和电阻区。在线性过渡区,差分对的电增益随 ${V}_{\\mathrm{{id}}}$ 而变,并在 ${g}_{\\mathrm{{mD}}} = {g}_{\\mathrm{{mf}}}$ 的条件下达到最大。在非线性饱和状态下, ${\\mathrm{M}}_{5}/{\\mathrm{M}}_{3}\\text{、}{\\mathrm{M}}_{6}/{\\mathrm{M}}_{4}$ 为差分输入管两个并联的电流镜。为进入线性放大区,应使 ${\\mathrm{M}}_{3}$ 或 ${\\mathrm{M}}_{4}$ 退出饱和截止状态,以使 MOS 二极管管均饱和导通。\n很明显,当差分输入的一端固定,另一端输入从低到高或从高到低扫描时,分别对应 ${\\mathrm{M}}_{3}$ 或 ${\\mathrm{M}}_{4}$ 管从截止状态退出、而对应的 $\\mathrm{{MOS}}$ 二极管管进入截止状态。因此,对于 ${\\left( W/L\\right) }_{5}$ $> {\\left( W/L\\right) }_{3}$ 的强正反馈结构,输出状态翻转形成明显的迟滞特性,可用于迟滞比较器的构造。\n#### 6.2.2 折叠式 Cascode 差分输入\n对套筒式 Cascode 差分输入级的改进并不能彻底解决此类电路面临的所有问题。而折叠式 Cascode 差分放大电路中,如图 6-6(a) 所示通过增加一路偏置,即以增加电路功耗为代价,构成的折叠式 Cascode 差分对则有效解决了套筒式 Cascode 差分对中输入和输出动态范围无法兼顾的矛盾,大大扩展了电路应用的范围。\n图 6-6(b) 所示的 Folded Cascode 电路中,差分输入共模信号上限为 ${V}_{\\mathrm{{CM}}} \\leq  {V}_{\\mathrm{{CC}}} + {V}_{\\mathrm{{TN}}}$ $- {\\Delta }_{\\mathrm{p}}$ ,下限为 ${V}_{\\mathrm{{CM}}} \\geq  {V}_{\\mathrm{{TN}}} + 2{\\Delta }_{\\mathrm{n}}$ 。由于 ${V}_{\\mathrm{{BP1}}}$ 最高可偏置在 ${V}_{\\mathrm{{BP1}}} = {V}_{\\mathrm{{CC}}} - 2{\\Delta }_{\\mathrm{p}} - {V}_{\\mathrm{{TP}}}$ ,则差分输出的最小值为 $2{\\Delta }_{\\mathrm{n}}$ ,最大值为 ${V}_{\\mathrm{{BP1}}} + {V}_{\\mathrm{{TP}}} = {V}_{\\mathrm{{CC}}} - 2{\\Delta }_{\\mathrm{p}}$ 。在折叠式 Cascode 差分对的输出级中,共模范围很宽,仅损失 $2\\left( {{\\Delta }_{\\mathrm{n}} + {\\Delta }_{\\mathrm{p}}}\\right)$ ,无需电平移位,可直接驱动下级增益,构成两级以上放大。\n![0196aaa2-bbe2-70ee-823d-d4abf5c67805_151_175_1427_1205_436_0.jpg](images/0196aaa2-bbe2-70ee-823d-d4abf5c67805_151_175_1427_1205_436_0.jpg)\n图 6-6 折叠式 Cascode 差分放大器"
}