{
  "section_num": "11.6",
  "title": "小结",
  "start_line": 10011,
  "end_line": 10026,
  "content": "### 11.6 小结\n电路噪声的形式多种多样, 电路噪声最终影响电路对信号处理的精度。本征噪声是电路中的固有噪声,决定电路系统信号处理的最高精度。电阻的热噪声、 $1/f$ 噪声、PN 结的闪烁噪声等构成 CMOS 电路中本征噪声的主要来源。\n噪声在电路中表现为一种随机信号,通常以共模信号的形式影响电路对信号的处理性能。因此, 对噪声信号的描述通常采用噪声功率的时域参数和噪声谱密度的频域参数。白噪声的噪声谱密度函数为常数,而 $1/f$ 噪声的谱密度函数则随频率的增加而线性降低。实际的噪声信号通常存在一定的带宽范围限制。\n电路在对有效信号进行线性处理的同时,也在对噪声信号进行相关的处理。本征噪声的传输与具体的电路结构、特定结构中各元器件的静态工作点等因素密切相关。因此,针对低噪声输出的信号处理电路,与常规电路设计存在显著的差异。克服噪声影响的根本方法在于消除或抑制噪声源,或选择具有较小噪声源的元件类型和电路结构；降低噪声影响的另一条有效路径,在于设计的电路系统能够区别对待有效信号与噪声信号,在对有效信号放大的同时抑制对噪声的放大输出,即提高电路的信噪比。因此,选择合适的电路结构,采用 ${RC}$ 低通滤波器滤除高频噪声,或采用噪声整形技术将基带内噪声搬移到高频端后滤除,这已成为低噪声电路设计中关注的主要内容。\n在数模混合系统中,数字开关逻辑或功率驱动电路产生的大量高强度噪声信号,将通过系统的电源和地耦合感应到模拟电路中,构成数模混合系统中最主要的非本征噪声源即电源噪声,从而影响了模拟电路的正常工作,降低了电路的性能和可靠性。相对而言, CMOS 数字逻辑电路具有较高噪声裕度, 因此提高模拟电路的电源抑制比 PSRR 已成为改善数模混合系统信号处理精度的关键。\n电源噪声对电路影响的复杂性,主要体现在噪声源输入位置的非唯一性上。理论上,电路中各支路都能耦合电源噪声输入, 导致噪声从不同的输入到系统输出的噪声传输路径各不相同,各传播路径上的传递函数及其频率特性也各不相同,导致输出噪声表现出与电路结构相关联的频率特性。PSRR 与 PSR 是描述电源噪声的两个重要指标。PSRR 是电源噪声的一种相对大小描述,与电路的开环与闭环及输出阻抗的大小等状态近似无关,只与电路的开环增益与具体电路结构有关; 而 PSR 则是电源噪声的一种绝对量的描述, 与电路的输出阻抗、反馈网络以及开环增益、电路结构形式密切相关。两者之间存在一定的关联,即单位负反馈运放系统的闭环 PSR 即为 PSRR。\n对 PSRR 特性的分析存在两种不同的方式, 一种是基于小信号等效电路法, 可以获得相对精确的分析结果;一种是基于电源噪声电流模 ${g}_{\\mathrm{p}}$ 产生及传输的分析方法,可以获得物理概念清楚的简明分析结果。无论何种方法, 由于噪声产生及传输过程中不同于普通小信号的增益传输特性,不可避免会带来分析的误差,并导致相对复杂的 PSRR 频率特性。由于噪声感应电容、噪声驱动及负载特性与噪声类型、电路结构的紧密关联性, 使得低电源噪声电路的设计与具体的噪声类型、电路结构密切相关。\n对 PSR 特性的分析可以更加清楚地了解噪声传输随频率变化的整个过程, 同时得出运放输出级是决定电路系统 PSRR 性能水平的重要结论。此外, 采用全差分的对称电路结构及电路参数的优化设计,可以在已有基础上获得最优的 PSRR 性能,改善信噪比,满足对高精度信号低噪声处理的需要。"
}