{
  "section_num": "5.1",
  "title": "概述",
  "start_line": 3033,
  "end_line": 3044,
  "content": "### 5.1 概述\n放大电路通常完成对微弱交流小信号的电压、电流或功率放大,基于 BJT 管的基本电路结构有共射(CE)、共基(CB)和共集(CC)共三种。同样,对于 $\\mathrm{{MOS}}$ 电路则有共源(CS)、 共栅(CG)和共漏(CD)三种与BJT相对应的基本电路组态。BiCMOS 电路还可以将 MOS 管与 BJT 管放大单元相互兼容,以提高电路增益,改善动态范围及频率响应特性。将各种基本增益单元进行有机组合后,可构成性能优异的各类线性放大电路。\n集成放大电路与分立放大电路在电路结构、分析方法等方面均存在明显的差别, 主要表现在信号耦合方式、偏置和负载等方面。分立器件构成的线性电路最显著的特点是各级放大单元电路的偏置独立,级间的隔直电容消除直流信号的传输,仅耦合交流小信号,负载也多采用线性电阻,因此电路各级之间的相互影响小,电路的设置和调试相对简单。集成线性电路则完全不同,一般均采用全局偏置和级间直接耦合的系统组成方式,大量采用有源负载结构,电路级间的影响显著增加,需要更多地考虑电平和阻抗的匹配以及工作点的稳定等限制因素,电路分析和设计的难度显著提高。\n集成线性放大电路中,待放大的交流小信号是叠加在特定的共模信号上完成线性处理的,其中共模信号主要用于放大管和负载管的静态偏置。从信号处理角度出发,要求电路只放大交流小信号而抑制共模信号的放大, 保证电路状态点的稳定。而普通的 CS、CG 和 CD 增益均无法有效区分不同性质的信号,对共模信号和小信号有相同的放大作用。在分立电路中, 电路静态工作点完全由各自独立的偏置所决定, 而信号中的共模分量由于无法在级间传递, 因此不会对电路产生影响。对于直接耦合的集成线性电路, 信号中的共模电平对电路正常稳定的工作将产生重要影响。\n噪声和直流偏置通常以共模信号的形式出现在电路系统中, 共模信号的变化使得交流小信号 (即差模信号) 变化的有效空间减小, 从而影响系统性能甚至破坏正常稳定的工作状态。电路系统结构和参数的完全对称和采用可变源端负反馈电阻成为抑制共模信号的有效方法和手段,这也是在以上三类基本电路结构基础上引入差分放大电路的理论依据。差分输入级由对称的 $\\mathrm{{CE}}/\\mathrm{{CS}}$ 增益耦合得到,具有很高的共模抑制比,实现了集成线性电路对交流小信号的线性处理功能。而差分运放的各种改进结构,在交流小信号处理的速度、带宽、 精度、稳定性、线性及动态范围等交直流、静态和瞬态特性等方面均得到了有效改善和提高。\n在集成电路中, 放大电路的偏置和负载多采用恒流偏置和有源负载结构, 而采用恒流源偏置可以显著提高电路的性能。有源饱和器件作为放大管或负载及偏置的差别仅在于栅源电压 ${V}_{\\mathrm{{GS}}}$ 的变化特性。对于放大管,变化的交流电压信号施加在有源器件的栅 $\\mathrm{G}$ 、源 $\\mathrm{S}$ 或基极 B、发射极 $\\mathrm{E}$ 端口,从一端输入信号另一端电位固定,或两端均可变化。对于恒流源器件, 其 ${V}_{\\mathrm{{GS}}}$ 或 ${V}_{\\mathrm{{BE}}}$ 电压固定,仅受噪声扰动的影响。放大管与恒流源负载偏置管的共同之处在于它们都工作在饱和区。"
}