{
  "section_num": "2.5",
  "title": "小结",
  "start_line": 1147,
  "end_line": 1158,
  "content": "### 2.5 小结\n$\\mathrm{{PN}}$ 结是构成半导体器件及其电路的物理和结构基础。 $\\mathrm{{PN}}$ 结构成的二极管在电路中具有多种不同的功能,其中正向导通与反向截止是二极管在电路中各种应用的基本特征。 利用不同电压偏置的两个背靠背 PN 结可构成多子与少子即双载流子参与导电的电流放大型 BJT 管。在载流子的扩散机制控制下, BJT 管的输入电压与输出电流具有典型的指数规律关系,因此 BJT 管表现出明显的高跨导、高速和大电流驱动的特性。但 BJT 管静态电流大,不适合于大规模集成。\nMOS 管是基于表面沟道反型的电场感应多子输运型有源器件, 由于漂移电流的控制作用,饱和状态下的输入电压与输出电流表现为平方率关系。低频下由于栅绝缘作用, MOS 管的输入阻抗趋近无穷大,适合电压驱动。但作为表面反型器件,与 BJT 管相比, MOS 管的噪声大,跨导终电流驱动能力弱。\n二极管、BJT 和 MOS 管等有源器件,必须提供合适的静态工作点偏置,器件才能正常工作并实现最佳的信号处理功能。二极管和 BJT 的正向导通电压 ${V}_{\\mathrm{{BE}}}\\left( \\mathrm{{on}}\\right)$ 在 ${0.6} \\sim  {0.7}\\mathrm{\\;V}$ 附近,开启电压比较稳定,通常与工艺的关联较弱,而增强型MOS管的阈值电压 ${V}_{\\mathrm{{TH}}}$ 即开启电压则与具体的工艺密切相关,不同工艺的开启电压差异较大,导致 CMOS 模拟电路的设计与工艺的关联程度明显增加。\n电阻、电容等无源器件在电路中具有不可替代的作用,无源器件的精度和线性度对电路性能有至关重要的影响。电路设计中,应尽量采取匹配性设计,提高电路匹配精度,同时降低寄生电阻、电容对电路的不利影响。\n有源器件和无源器件是构成电路的基础。一方面,电路的功能依靠基本元器件的正常工作而实现, 从这个意义上讲, 器件的性能决定了电路的性能, 因此电路元器件的设计和具体应用成为电路设计的一个重要内容；另一方面,电路连接关系的设计其本质是确定各有源器件的合理静态工作点以确保有效的信号处理通道, 因此电路拓扑结构即连接关系的设计必须建立在器件物理控制的基础上,并且对于小信号处理必须清楚有源器件直流与交流特性的区别与联系,才能设计出合理的电路功能结构并实现优异的电路性能。"
}