{
  "section_num": "12.3",
  "title": "轨至轨输入级",
  "start_line": 10183,
  "end_line": 10402,
  "content": "### 12.3 轨至轨输入级\n轨至轨运放是一种依靠电路结构设计实现宽摆幅动态范围的技术, 同时适应低压工作的需要。轨至轨运放不但实现输出信号的全摆幅范围,更关键的还要实现输入信号的全电压摆幅特性。相对于 MOS 管漏端输出信号的全电源摆幅,位于栅端信号输入的全电源摆幅由于 MOS 管开启电压的影响,实现的难度更大。因此,通常将轨至轨运放的设计分解为输入级轨至轨与输出级轨至轨相互关联的两个部分。\n#### 12.3.1 输入级共模范围\n在低电源电压下, 为了得到全摆幅的共模输入范围, 有几种可能的方法: 第 1 种方法是采用一个 $\\mathrm{N}$ 型差分对和一个 $\\mathrm{P}$ 型差分对并联结构。第 2 种方法是通过内置升压电路提供输入级不同于内部的高压驱动; 第 3 种是采用特殊 MOS 器件构成的差分对, 如信号衬底注入的差分对以及使用耗尽型晶体管的差分对等。\n基于互补差分输入的轨至轨全摆幅差分运放由于无需特殊工艺支持而获得广泛的应用。图 12-6 给出了两种类型差分输入电平的共模变化范围。PMOS 差分对在高共模输入信号下无法正常工作,而 NMOS 差分对则在低共模电平下无法正常工作。 $\\mathrm{P}$ 型差分对的共模输入信号范围为\n$$\n{V}_{\\mathrm{{SS}}} \\leq  {V}_{\\mathrm{{CM}}} < {V}_{\\mathrm{{CC}}} - {V}_{\\mathrm{{DSp}},\\text{ sat }} - {V}_{\\mathrm{{GSP}}} \\tag{12 - 5}\n$$\n![0196aaa2-bbe2-70ee-823d-d4abf5c67805_349_161_802_1222_356_0.jpg](images/0196aaa2-bbe2-70ee-823d-d4abf5c67805_349_161_802_1222_356_0.jpg)\n图 12-6 N、 $\\mathrm{P}$ 差分对输入信号的共模范围\n而 $\\mathrm{N}$ 型差分对的共模输入信号范围为\n$$\n{V}_{\\mathrm{{SS}}} + {V}_{\\mathrm{{DSn}},\\text{ sat }} + {V}_{\\mathrm{{GSN}}} < {V}_{\\mathrm{{CM}}} \\leq  {V}_{\\mathrm{{CC}}} \\tag{12 - 6}\n$$\n因此,只有 $\\mathrm{N}/\\mathrm{P}$ 型差分对的并联结构,才能保证共模信号在电源幅度轨到轨的变化范围内运放电路的正常工作。设电路中各饱和 MOS 管的过驱动电压 $\\Delta$ 均相等,则保证该并联结构能够正常工作所需的最小电源电压为\n$$\n{V}_{\\mathrm{{CC}},\\min } = {V}_{\\mathrm{{GSN}}} + {V}_{\\mathrm{{GSP}}} + {V}_{\\mathrm{{DSn}},\\mathrm{{sat}}} + {V}_{\\mathrm{{DSp}},\\mathrm{{sat}}} \\approx  {V}_{\\mathrm{{TN}}} + {V}_{\\mathrm{{TP}}} + {4\\Delta } \\tag{12 - 7}\n$$\n虽然轨至轨型差分输入级解决了输入共模电平的扩展问题,但却带来系统稳定方面的新问题。轨至轨输入级为确保中间电平共模信号能够正常工作, 要求 NMOS 和 PMOS 差分对的共模范围有一定的交叠,并且交叠的区域通常为 $\\mathrm{N}/\\mathrm{{PMOS}}$ 都能独立工作的中间电平区域, 如图 12-6(b) 所示。显然, 该区域下的差分跨导, 与输入共模电平很小或很大条件下仅有一种差分对正常工作时所具有的电路跨导 ${g}_{\\mathrm{m}}$ 明显不同。\n开环运放的增益带宽积是一个非常重要的参数, 它与非主极点的位置关系决定了运放系统的稳定性。在运放非主极点固定的情况下, 期望获得稳定的增益带宽积, 以得到良好的系统稳定性。通常情况下, 增益带宽积正比于输入级的跨导。因此, 轨至轨差分输入对等效输入跨导随输入信号的共模电平大小和范围而变化, 最大变化达到 2 倍, 导致运放系统的 GBW 等频率参数也随输入信号而变化并带来相位裕度的变化, 甚至系统稳定性质的改变。 此外,跨导的变化还会影响运放总谐波失调(THD)等特性。轨至轨差分输入级实用的关键在于恒定输入跨导,这也是此类差分放大电路设计的重点和难点所在。\n图 12-7 给出了一种轨至轨输入的折叠式 Cascode 差分输入结构, N、P 型 MOS 差分对管尾电流由外部独立偏置提供,且差分对尾电流随输入信号共模范围的变化而变化。饱和 MOS 轨至轨输入差分对在各工作区域下输入跨导的一般表达式为\n$$\n{g}_{\\mathrm{{mT}}} = \\sqrt{2{k}_{\\mathrm{n}}{I}_{\\mathrm{n}}} + \\sqrt{2{k}_{\\mathrm{p}}{I}_{\\mathrm{p}}} = {k}_{\\mathrm{n}}{\\Delta }_{\\mathrm{n}} + {k}_{\\mathrm{p}}{\\Delta }_{\\mathrm{P}} \\tag{12 - 8}\n$$\n此式中,当只有 NMOS 差分对有效时,则第一项起作用；当只有 PMOS 差分对有效时, 则第二项起作用；而当两差分对均有效时,则两项均起作用。问题的关键在于,无论两个差分对的有效状态如何,均能保证 ${g}_{\\mathrm{{mT}}}$ 为常数,即在差分对增益因子 ${k}_{\\mathrm{n}} = {k}_{\\mathrm{p}}$ 保持平衡的条件下,应能实现 ${\\left( {I}_{\\mathrm{n}}\\right) }^{1/2} + {\\left( {I}_{\\mathrm{p}}\\right) }^{1/2}$ 为常数的控制目标。\n![0196aaa2-bbe2-70ee-823d-d4abf5c67805_350_326_747_918_505_0.jpg](images/0196aaa2-bbe2-70ee-823d-d4abf5c67805_350_326_747_918_505_0.jpg)\n图 12-7 一种轨至轨折叠型 Cascode 差分输入结构\n对于 BJT 差分对,或工作在弱反型区下的饱和 MOS 差分对, $I - V$ 特性满足指数关系, 实现差分对跨导 ${g}_{\\mathrm{m}}$ 与电流呈线性变化关系,而强反型 MOS 差分对跨导 ${g}_{\\mathrm{m}}$ 与电流则呈现明显的非线性关系,即有 BJT 的 ${g}_{\\mathrm{{mT}}}$ 为 $\\left( {{I}_{\\mathrm{n}} + {I}_{\\mathrm{p}}}\\right) /{V}_{\\mathrm{T}}$ ,亚阈区的 ${g}_{\\mathrm{{mT}}}$ 为 $\\left( {{I}_{\\mathrm{n}} + {I}_{\\mathrm{p}}}\\right) /\\left( {n{V}_{\\mathrm{T}}}\\right)$ ,其中热电压 ${V}_{\\mathrm{T}} = {kT}/q$ 为常数, $n$ 为 $\\mathrm{{MOS}}$ 管的亚阈值因子。因此保持 $\\mathrm{{BJT}}$ 或亚阈 $\\mathrm{{MOS}}$ 型轨至轨差分对跨导 ${g}_{\\mathrm{{mT}}}$ 恒定所需满足的条件改变为 ${I}_{\\mathrm{n}} + {I}_{\\mathrm{p}}$ 为常数。\n#### 12.3.2 反馈型恒定跨导控制机制\n为了实现恒定跨导 ${g}_{\\mathrm{m}}$ 的控制,需要在 $\\mathrm{N}\\text{、}\\mathrm{P}$ 差分对中引入反馈控制环路。反馈环路的作用是根据输入共模信号的范围自动调节两个差分对的尾电流, 通过对电流的控制达到恒定跨导的要求。对于饱和状态的 MOS 差分对, 由于跨导和漏电流的平方根成正比, 所以直接控制两个差分对电流的平方根之和恒定比较困难。实际上, 由于跨导与 MOS 晶体管的过驱动电压成正比,即 ${g}_{\\mathrm{m}} = k\\left( {{V}_{\\mathrm{{GS}}} - {V}_{\\mathrm{{TH}}}}\\right)$ ,所以在 ${k}_{\\mathrm{n}} = {k}_{\\mathrm{p}}$ 的匹配条件下,只要使两个差分对的栅源电压之和固定,就可以使输入级跨导恒定。我们只要将一个恒定电压源连接在 $\\mathrm{P}$ 型差分对与 $\\mathrm{N}$ 型差分对的源极之间,或者间接地使差分对两个源极之间的电压保持固定, 就可以达到输入级恒定跨导的目的。\n反馈型恒定跨导输入级结构,是利用一个反馈环路使 $\\mathrm{P}$ 型差分对与 $\\mathrm{N}$ 型差分对的源端电压之差保持为恒定值。反馈环路的作用,就是根据一个差分对中电流的变化,自动调节另一个差分对中偏置电流的大小。假设 $\\mathrm{P}$ 型差分对中的电流随着共模输入电压的增大而减小时,反馈环路会自动增加 $\\mathrm{N}$ 型差分对中的偏置电流,使总跨导恒定。由于 $\\mathrm{P}$ 型差分对中流过的电流开始减小时, 反馈环路内的控制信号才开始变化。因此只有当反馈环路中的控制信号完全稳定时, $\\mathrm{P}$ 型与 $\\mathrm{N}$ 型差分对跨导之和才能恒定。从控制时序上看,只有当反馈环路构成的闭环系统稳定后,闭环 ${g}_{\\mathrm{m}}$ 稳定控制的作用才能有效,这就要求 ${g}_{\\mathrm{m}}$ 闭环控制环节的响应速度至少应不低于差分输入级的响应速度。\n由于 $\\mathrm{N}\\text{、}\\mathrm{P}$ 差分对的静态偏置电流由反馈控制环路决定,导致复杂的反馈控制环路与输入差分对结构密切相关。根据差分对类型或工作状态的差异, 可分以下两种情况讨论恒定 ${g}_{\\mathrm{{mT}}}$ 的反馈控制机制。\n## 1)匹配型饱和状态 MOS 差分对的恒定 ${g}_{\\mathrm{{mT}}}$ 反馈控制\n对于饱和机制下的 MOS 差分对, $I - V$ 特性满足平方律关系。在此条件下,如果 $\\mathrm{N}\\text{、}\\mathrm{P}$ 差分对管的 ${k}_{\\mathrm{n}} = {k}_{\\mathrm{p}}$ ,实现 ${g}_{\\mathrm{{mT}}}$ 固定常数的要求等效为 ${\\left( {I}_{\\mathrm{n}}\\right) }^{1/2} + {\\left( {I}_{\\mathrm{p}}\\right) }^{1/2}$ 的常数控制。图 12 - 8 给出了一种匹配型恒定跨导的饱和 MOS 差分对输入结构,图中左半部分为附加的恒定 ${g}_{\\mathrm{{mT}}}$ 反馈控制电路。反馈控制的出发点和基本目标,是通过对 PMOS 差分对尾电流 ${I}_{\\mathrm{p}}$ 的偏置并检测其状态变化,自动调节 NMOS 差分对中的尾电流,实现最终的控制要求。同理, 可检测 ${I}_{\\mathrm{n}}$ ,自动调节 $\\mathrm{{PMOS}}$ 差分对中的尾电流。\n![0196aaa2-bbe2-70ee-823d-d4abf5c67805_351_243_1042_1043_485_0.jpg](images/0196aaa2-bbe2-70ee-823d-d4abf5c67805_351_243_1042_1043_485_0.jpg)\n图 12-8 匹配型恒跨导 MOS 轨至轨折叠型 Cascode 差分对\n反馈环路的核心单元是 ${\\mathrm{M}}_{17} - {\\mathrm{M}}_{20}4$ 个 NMOS 晶体管构成的 TL 环路, ${\\mathrm{M}}_{18}$ 和 ${\\mathrm{M}}_{20}$ 同相、 而 ${\\mathrm{M}}_{17}$ 和 ${\\mathrm{M}}_{19}$ 同相。根据 $\\mathrm{{TL}}$ 环路控制原理,可得 ${V}_{\\mathrm{{GS}}{18}} + {V}_{\\mathrm{{GS}}{20}} = {V}_{\\mathrm{{GS}}{17}} + {V}_{\\mathrm{{GS}}{19}}$ 。以上 4 个 NMOS 晶体管的 $W/L$ 相同。 ${\\mathrm{M}}_{18}$ 和 ${\\mathrm{M}}_{20}$ 通过的电流均为 ${I}_{\\text{ref }}/4,{\\mathrm{M}}_{19}$ 通过的电流是 $\\mathrm{P}$ 型差分对的电流 ${I}_{\\mathrm{p}},{\\mathrm{M}}_{17}$ 的电流则是 $N$ 型差分对电流 ${I}_{\\mathrm{n}}$ 。在忽略衬底偏置效应的条件下,以上关系可以化简为\n$$\n\\sqrt{{I}_{\\mathrm{p}}} + \\sqrt{{I}_{\\mathrm{n}}} = \\sqrt{{I}_{\\text{ref }}} \\tag{12 - 9}\n$$\n以上控制结果可实现对匹配型轨至轨输入级的恒定跨导控制。显然, ${I}_{\\mathrm{n}}$ 与 ${I}_{\\mathrm{p}}$ 的最大值 ${I}_{\\mathrm{n}\\max }$ 和 ${I}_{\\mathrm{p}\\max }$ 均为固定的电流偏置 ${I}_{\\text{ref }}$ 。为使差分对的偏置电流能够跟随输入共模电压的变化,同时限定 ${I}_{\\mathrm{n}}$ 与 ${I}_{\\mathrm{p}}$ 的上限范围,必须加入一个由 ${\\mathrm{M}}_{23} - {\\mathrm{M}}_{26}$ 组成的共模感应电路,而且该电路还作为跨导环路 (TL) 的负载以保持 TL 中各 MOS 管饱和状态的稳定工作点。基准电压 ${V}_{\\mathrm{{bl}}}$ 为误差放大器的一个输入信号,另一个输入信号由轨至轨中 NMOS 差分对的漏电压反馈得到。在线性放大区,由于 ${I}_{26} = {I}_{24} + {I}_{20} + {I}_{17}\\text{、}{I}_{25} = {I}_{23} + {I}_{18} + {I}_{19}$ ,并且 ${\\mathrm{M}}_{25}$ 和 ${\\mathrm{M}}_{26}$ 构成 $1 : 1$ 的线性电流镜,则 ${I}_{25} = {I}_{26}$ ,同时 ${I}_{20} = {I}_{18}\\text{、}{I}_{19} = {I}_{\\mathrm{p}}\\text{、}{I}_{17} = {I}_{\\mathrm{n}}$ ,由此可得\n$$\n{I}_{\\mathrm{n}} + {I}_{24} = {I}_{\\mathrm{p}} + {I}_{23} \\tag{12 - 10}\n$$\n随着 $\\mathrm{N}$ 型差分对共源端电压降低,电流 ${I}_{24}$ 增大,电流 ${I}_{23}$ 减小,则以上控制致使 ${I}_{\\mathrm{n}}$ 减小, ${I}_{\\mathrm{p}}$ 增大；同理,当 $\\mathrm{N}$ 型差分对共源端电压升高时,电流 ${I}_{24}$ 减小,电流 ${I}_{23}$ 增大,致使 ${I}_{\\mathrm{n}}$ 增大, ${I}_{\\mathrm{p}}$ 减小,从而使尾电流能跟随输入共模信号的变化而相应改变。\n当 $\\mathrm{N}$ 型差分对共源端电压比 ${V}_{\\mathrm{b}1}$ 低的差值大于误差放大器的动态范围 ${\\left( {I}_{\\mathrm{{ref}}}/{k}_{\\mathrm{p}}\\right) }^{1/2}$ 时, ${\\mathrm{M}}_{23}$ 完全截止,此时 ${I}_{23} = 0\\text{、}{I}_{24} = {I}_{\\text{ref }}$ ,则 ${I}_{\\mathrm{n}} = 0\\text{、}{I}_{\\mathrm{p}} = {I}_{\\text{ref }}$ ; 同理,当 $\\mathrm{N}$ 型差分对共源端电压比 ${V}_{\\mathrm{{bl}}}$ 高的差值大于误差放大器的动态范围时,有 ${I}_{\\mathrm{p}} = 0\\text{、}{}_{\\mathrm{n}} = {I}_{\\text{ref }}$ 。当设置合适的 ${V}_{\\mathrm{{Bl}}}$ 值,恒定跨导控制电路使 $\\mathrm{N}$ 型或 $\\mathrm{P}$ 型差分对在截止之前,将其偏置电流逐渐减小直到完全关断, 可以避免差分对输入共模信号电平在靠近电源和地时因强制退出饱和而进入截止从而导致跨导的剧烈变化。\n此类型 ${g}_{\\mathrm{{mT}}}$ 恒定控制电路存在以下几个方面的缺陷。首先,反馈环路结构复杂,在系统反馈环路内还存在一个内部的负反馈 ${g}_{\\mathrm{m}}$ 控制环路,加上晶体管的二级效应,造成过渡区内恒定跨导特性的偏离,过渡区为共模信号的中间电平区,其总跨导值比共模信号两端时的跨导值略低。其次,由于输出级仍然采用变化的偏置电流,造成电路的增益也不恒定,同样对系统稳定性带来影响。增加负载 ${\\mathrm{M}}_{13}/{\\mathrm{M}}_{14}$ 中的偏置电流可减小输出级中其余各 Cascode 管电流变化的相对比例, 减小负载和增益的变化范围, 但过大的电路功耗和增益的降低则带来新的问题。最后,如何保持 ${k}_{\\mathrm{n}} = {k}_{\\mathrm{p}}$ 的前提条件,是一件困难的事,与电路的实现工艺相关,导致 MOS 管 $W/L$ 的设计缺乏健壮性,当工艺或环境参数发生变化时, ${g}_{\\mathrm{{mT}}}$ 的恒定控制失效。 因此采用这种增益因子的匹配设计方法受到实际条件的限制,需要寻求适合 IP 设计的新的控制方式。\n## 2) 非匹配型饱和状态 MOS 差分对恒定 ${g}_{\\mathrm{{mT}}}$ 反馈控制\n如果 $\\mathrm{N},\\mathrm{P}$ 差分对管的 ${k}_{\\mathrm{n}} \\neq  {k}_{\\mathrm{p}}$ ,实现 ${g}_{\\mathrm{{mT}}}$ 固定常数的要求等效为 ${\\left( {k}_{\\mathrm{n}}{I}_{\\mathrm{n}}\\right) }^{1/2} + {\\left( {k}_{\\mathrm{p}}{I}_{\\mathrm{p}}\\right) }^{1/2}$ 是固定值。此时,由于无需保持 $k$ 因子的匹配,则 MOS 管 $W/L$ 的设计是健壮的,也就是说当工艺发生漂移而导致 $k$ 因子失配时,电路对恒定 ${g}_{\\mathrm{{mT}}}$ 控制的性质保持不变。因此, $k$ 因子的非匹配性设计成为 ${g}_{\\mathrm{{mT}}}$ 恒定控制反馈环路设计中采用的主要方法,适应模拟 $\\mathrm{{IP}}$ 设计的基本要求。\n在 $k$ 因子非匹配状态下,当输入共模信号偏向 ${V}_{\\mathrm{{CC}}}$ 一端时, PMOS 差分对截止,即 ${I}_{\\mathrm{p}} = 0\\text{、}{I}_{\\mathrm{n}} =$ ${I}_{\\mathrm{n}\\max },{k}_{\\mathrm{n}}{I}_{\\mathrm{n}\\max }$ 为常数; 而当共模信号偏向 GND 的另一端时, NMOS 差分对截止,即 ${I}_{\\mathrm{n}} = 0\\text{、}{I}_{\\mathrm{p}} =$ ${I}_{\\mathrm{p}\\max },{k}_{\\mathrm{p}}{I}_{\\mathrm{p}\\max }$ 为常数。为实现 ${g}_{\\mathrm{{mT}}}$ 恒定,电流控制环路应首先保证在以上极限条件下的两常数相同,即 ${k}_{\\mathrm{n}}{I}_{\\mathrm{n}\\max } = {k}_{\\mathrm{p}}{I}_{\\mathrm{p}\\max }$ ；其次,在给定电流变化范围内实现保持 ${\\left( {k}_{\\mathrm{n}}{I}_{\\mathrm{n}}\\right) }^{1/2} + {\\left( {k}_{\\mathrm{p}}{I}_{\\mathrm{p}}\\right) }^{1/2}$ 为常数的控制条件。为此, 根据 TL 原理而设计的边界条件控制电路如图12-9所示。\n![0196aaa2-bbe2-70ee-823d-d4abf5c67805_352_882_1666_538_428_0.jpg](images/0196aaa2-bbe2-70ee-823d-d4abf5c67805_352_882_1666_538_428_0.jpg)\n图 12-9 控制 ${g}_{\\mathrm{{mT}}}$ 恒定边界条件的电路结构\n图中,饱和 MOS 管 ${M}_{1} \\sim  {M}_{4}$ 组成一个 ${TL}$ 环,其中 ${M}_{2}\\text{、}{M}_{3}$ 方向一致,而 ${M}_{4}\\text{、}{M}_{1}$ 方向一致,则根据此 TL 环路列方程为 ${V}_{\\mathrm{{SGP}},3} + {V}_{\\mathrm{{GSN}},2} = {V}_{\\mathrm{{SGP}},4} + {V}_{\\mathrm{{GSN}},1}$ 。\n将 ${V}_{\\mathrm{{GS}}}$ 表示为 ${V}_{\\mathrm{{TH}}} + \\Delta$ 的形式,同时忽略衬底偏置效应对 ${V}_{\\mathrm{{TH}}}$ 的调制作用,则有\n$$\n\\sqrt{\\frac{{I}_{3}}{{k}_{\\mathrm{p}}}} + \\sqrt{\\frac{{I}_{2}}{{k}_{\\mathrm{n}}}} = \\sqrt{\\frac{{I}_{4}}{{k}_{\\mathrm{p}}}} + \\sqrt{\\frac{{I}_{1}}{{k}_{\\mathrm{n}}}} \\tag{12 - 11}\n$$\n设计中取 ${\\mathrm{M}}_{6}$ 与 ${\\mathrm{M}}_{5}$ 的 $W/L$ 之比为 $4 : 1$ 。同时, ${\\mathrm{M}}_{8}$ 与 ${\\mathrm{M}}_{7}$ 的 $W/L$ 之比也为 $4 : 1$ 。其中 ${\\mathrm{M}}_{2}$ 中的电流为 ${I}_{\\mathrm{p}\\max },{\\mathrm{M}}_{3}$ 与 ${\\mathrm{M}}_{4}$ 中的总电流为 ${1.25}{I}_{\\mathrm{n}\\max }$ 。由以上 $W/L$ 的比例关系,得\n$$\n{I}_{3} = \\frac{1}{4}{I}_{\\mathrm{n}\\max },{I}_{2} = {I}_{\\mathrm{p}\\max },{I}_{4} = {I}_{\\mathrm{n}\\max },{I}_{1} = \\frac{1}{4}{I}_{\\mathrm{p}\\max } \\tag{12 - 12}\n$$\n将以上关系代入式(12-11),即可得到与式(12 - 8)相同的 ${g}_{\\mathrm{{mT}}}$ 恒定控制所需满足的临界条件。在中间共模范围区域, 互补差分对尾电流分别为 ${I}_{\\mathrm{n}}\\text{、}{I}_{\\mathrm{p}}$ 。当 ${I}_{\\mathrm{n}}$ 在 $0 \\sim  {I}_{\\mathrm{n}\\max }$ 、 以及 ${I}_{\\mathrm{p}}$ 在 ${I}_{\\mathrm{p}\\max } \\sim  0$ 之间变化时,还需要实现在此范围以内控制 ${g}_{\\mathrm{{mT}}}$ 恒定的反馈环路,该电路如图 12-10 所示。电路中以 ${I}_{\\mathrm{p}}$ 为参照首先提供 PMOS 差分对尾电流,当 ${I}_{\\mathrm{p}\\max }$ 因进入线性区而下降为 ${I}_{\\mathrm{p}}$ 后,通过图 12-10 电路形成 ${I}_{\\mathrm{n}}$ 电流满足 ${g}_{\\mathrm{{mT}}}$ 恒定的控制要求。\n![0196aaa2-bbe2-70ee-823d-d4abf5c67805_353_763_757_624_383_0.jpg](images/0196aaa2-bbe2-70ee-823d-d4abf5c67805_353_763_757_624_383_0.jpg)\n图 12-10 控制 ${g}_{\\mathrm{{mT}}}$ 恒定的控制电路结构\n图 12-10 中 ${\\mathrm{M}}_{9}$ 与 ${\\mathrm{M}}_{10}$ 组成线性电流镜,控制 ${\\mathrm{M}}_{7}$ 和 ${\\mathrm{M}}_{8}$ 电流相同,同时由于 ${\\mathrm{M}}_{7}$ 与 ${\\mathrm{M}}_{8}$ 的 $W/L$ 相同,则其源电位直流电平相同。如此, ${\\mathrm{M}}_{1}$ 、 ${\\mathrm{M}}_{11}$ 、 ${\\mathrm{M}}_{4}$ 和 ${\\mathrm{M}}_{3}4$ 个饱和 $\\mathrm{{MOS}}$ 管组成一个 $\\mathrm{{TL}}$ 环路。在以上 $\\mathrm{{TL}}$ 环路中, ${\\mathrm{M}}_{1}\\text{、}{\\mathrm{M}}_{11}$ 方向相同,而 ${\\mathrm{M}}_{4}$ 与 ${\\mathrm{M}}_{3}$ 的方向相同,则根据 $\\mathrm{{TL}}$ 原理, 得到的环路方程为 ${V}_{\\mathrm{{GSP}},{11}} + {V}_{\\mathrm{{GSN}},1} = {V}_{\\mathrm{{GSP}},4} + {V}_{\\mathrm{{GSN}},3}$ 。电路设计中以上四管应避免衬底偏置的影响,则消除等式两边的 ${V}_{\\mathrm{{TN}}} + {V}_{\\mathrm{{TP}}}$ 后,得\n$$\n\\sqrt{\\frac{{I}_{11}}{{k}_{\\mathrm{p}}}} + \\sqrt{\\frac{{I}_{\\mathrm{c}}}{{k}_{\\mathrm{n}}}} = \\sqrt{\\frac{{I}_{4}}{{k}_{\\mathrm{p}}}} + \\sqrt{\\frac{{I}_{3}}{{k}_{\\mathrm{n}}}} \\tag{12 - 13}\n$$\n设 ${\\mathrm{M}}_{\\mathrm{A}3}$ 中电流为 ${I}_{\\mathrm{p}},{\\mathrm{M}}_{\\mathrm{A}5}/{\\mathrm{M}}_{\\mathrm{A}4}/{\\mathrm{M}}_{\\mathrm{A}6}$ 中电流为 ${I}_{\\mathrm{n}}$ ,则根据电流传输关系,有\n$$\n\\text{1.}{25}{I}_{\\mathrm{n}\\max } = {I}_{\\mathrm{d}} + {I}_{\\mathrm{n}} + {I}_{\\mathrm{{MA}}7} = {I}_{\\mathrm{d}} + {I}_{\\mathrm{n}} + \\left( {{I}_{\\mathrm{n}\\max } - {I}_{\\mathrm{n}}}\\right)  = {I}_{\\mathrm{d}} + {I}_{\\mathrm{n}\\max } \\tag{12 - 14}\n$$\n由此得到 ${I}_{11} = {I}_{\\mathrm{d}} = {I}_{\\mathrm{n}\\max }/4$ ,同时对 ${\\mathrm{M}}_{1}$ 管提供 ${I}_{\\mathrm{c}} = {I}_{\\mathrm{p}\\max }/4$ 的电流,将以上电流条件代入式(12 - 13)后,有\n$$\n\\sqrt{\\frac{{I}_{\\mathrm{n}\\max }}{4{k}_{\\mathrm{p}}}} + \\sqrt{\\frac{{I}_{\\mathrm{p}\\max }}{4{k}_{\\mathrm{n}}}} = \\sqrt{\\frac{{I}_{\\mathrm{n}}}{{k}_{\\mathrm{p}}}} + \\sqrt{\\frac{{I}_{\\mathrm{p}}}{{k}_{\\mathrm{n}}}} \\tag{12 - 15}\n$$\n经整理并利用已有边界条件后可得\n$$\n\\sqrt{{k}_{\\mathrm{n}}{I}_{\\mathrm{n}}} + \\sqrt{{k}_{\\mathrm{p}}{I}_{\\mathrm{p}}} = \\frac{1}{2}\\sqrt{{k}_{\\mathrm{n}}{I}_{\\mathrm{n}\\max }} + \\frac{1}{2}\\sqrt{{k}_{\\mathrm{p}}{I}_{\\mathrm{p}\\max }} = \\sqrt{{k}_{\\mathrm{n}}{I}_{\\mathrm{n}\\max }} = \\sqrt{{k}_{\\mathrm{p}}{I}_{\\mathrm{p}\\max }} \\tag{12 - 16}\n$$\n上式成立的条件为 ${I}_{\\mathrm{n}} \\leq  {I}_{\\mathrm{n}\\max },{I}_{\\mathrm{p}} \\leq  {I}_{\\mathrm{p}\\max }$ 。图 12-11 中 ${\\mathrm{M}}_{9}\\text{、}{\\mathrm{M}}_{10}$ 构成与 PMOS 差分对相似的连接方式,进行精确的 ${I}_{\\mathrm{p}}$ 电流复制,并传递到 TL 环路中。在以上两个 TL 环路作用下, 可以达到 ${g}_{\\mathrm{{mT}}}$ 的恒定控制。与 $k$ 因子平衡限制的 ${g}_{\\mathrm{{mT}}}$ 控制结构相比,由于采用的基本控制策略相近,提供 Cascode 负载的偏置电流均随共模信号而变化,故导致非平衡控制 ${g}_{\\mathrm{{mT}}}$ 差分结构的增益仍然随共模信号而变化。图 12-11 给出了非匹配状态下恒定 ${g}_{\\mathrm{{mT}}}$ 的轨至轨总体电路结构。 ${\\mathrm{M}}_{9}/{\\mathrm{M}}_{10}$ 感应 ${I}_{\\mathrm{p}}$ 电流的条件为 $\\left| {V}_{\\mathrm{{TP}}}\\right|  > {V}_{\\mathrm{{TN}}}$ ,在低共模信号下可确保 ${\\mathrm{M}}_{7}$ 二极管导通,而当 ${V}_{\\mathrm{{TN}}} > \\left| {V}_{\\mathrm{{TP}}}\\right|$ 时,则应采用 ${I}_{\\mathrm{n}}$ 电流感应技术。当 ${I}_{\\mathrm{p}} = {I}_{\\mathrm{p}\\max }$ 时,强制 ${I}_{\\mathrm{n}} = 0$ ；在高共模信号下,当 ${I}_{p} = 0$ 时,强制 ${I}_{n} = {I}_{n\\max }$ 。\n![0196aaa2-bbe2-70ee-823d-d4abf5c67805_354_281_599_1067_548_0.jpg](images/0196aaa2-bbe2-70ee-823d-d4abf5c67805_354_281_599_1067_548_0.jpg)\n图 12-11 非匹配恒跨导轨至轨 MOS 折叠型 Cascode 结构\n图 12-12 给出了一种采用三倍尾电流控制实现跨导和增益恒定的匹配型轨至轨 CMOS Cascode 差分电路。该电路改变了原有自适应独立调节尾电流的控制思路,一方面采用恒定电流源固定偏置尾电流管和负载管,同时采用两个比例为 $3 : 1$ 的电流镜和固定偏置相并联的控制方法调节实际的尾电流。由于尾电流两支路中的一路电流采用固定的恒流源偏置, 而另一路根据共模范围采用三倍电流的切换控制, 使运放的有源负载同样采用固定电流偏置 ${I}_{\\mathrm{b}1}\\text{、}{I}_{\\mathrm{b}2}$ ,以适应增益恒定的控制要求。\n![0196aaa2-bbe2-70ee-823d-d4abf5c67805_354_401_1538_830_408_0.jpg](images/0196aaa2-bbe2-70ee-823d-d4abf5c67805_354_401_1538_830_408_0.jpg)\n图 12-12 ${g}_{mT}$ 和 ${A}_{v0}$ 恒定的轨至轨 MOS Cascode 差分结构\n三倍尾电流控制电路由 ${\\mathrm{M}}_{11} \\sim  {\\mathrm{M}}_{16}$ 等六个 MOS 管构成,其中 ${\\mathrm{M}}_{12} \\sim  {\\mathrm{M}}_{14}$ 共三个 NMOS 管控制 $\\mathrm{N}$ 差对的动态尾电流,而 ${\\mathrm{M}}_{11}\\text{、}{\\mathrm{M}}_{15}\\text{、}{\\mathrm{M}}_{16}$ 三个 $\\mathrm{{PMOS}}$ 管控制 $\\mathrm{P}$ 型差分对的动态尾电流,其中 ${V}_{\\mathrm{b}3}$ 和 ${V}_{\\mathrm{b}4}$ 的偏置电压设计尤其关键。当 $\\mathrm{{CMOS}}$ 差分对输入信号的共模电平在电源摆幅的中间范围时,则尾电流源端电位分别远离地和 ${V}_{\\mathrm{{CC}}}$ ,使 ${\\mathrm{M}}_{11}$ 和 ${\\mathrm{M}}_{14}$ 两管均为截止,导致尾电流中的动态部分均为零,两差分对尾电流均由独立偏置提供并保持恒定,即 ${I}_{\\mathrm{n}} = {I}_{\\mathrm{p}} =$ ${I}_{\\text{ref }}$ 。在两差分对尾电流均为 ${I}_{\\text{ref }}$ 的条件下,总跨导为\n$$\n{g}_{\\mathrm{{mT}}} = \\sqrt{{k}_{\\mathrm{n}}{I}_{\\mathrm{{ref}}}} + \\sqrt{{k}_{\\mathrm{p}}{I}_{\\mathrm{{ref}}}} = \\sqrt{{k}_{\\mathrm{n}}{I}_{\\mathrm{{ref}}}}\\left( {1 + \\sqrt{\\frac{{k}_{\\mathrm{p}}}{{k}_{\\mathrm{n}}}}}\\right)  = \\sqrt{{k}_{\\mathrm{p}}{I}_{\\mathrm{{ref}}}}\\left( {1 + \\sqrt{\\frac{{k}_{\\mathrm{n}}}{{k}_{\\mathrm{p}}}}}\\right)  \\tag{12 - 17}\n$$\n在差分对增益因子的匹配设计条件下, 应有\n$$\n{g}_{\\mathrm{{mT}}} = {g}_{\\mathrm{{mn}}} + {g}_{\\mathrm{{mp}}} = 2{g}_{\\mathrm{{mn}}} = 2{g}_{\\mathrm{{mp}}} = 2\\sqrt{{k}_{\\mathrm{n}}{I}_{\\mathrm{{ref}}}} = 2\\sqrt{{k}_{\\mathrm{p}}{I}_{\\mathrm{{ref}}}} \\tag{12 - 18}\n$$\n当输入信号的共模电平降低时, PMOS差分对尾电流保持恒流偏置状态不变。而随着 NMOS 差分对共源点电位随输入共模电平的下降而降低时, ${\\mathrm{M}}_{14}$ 逐渐导通。 ${\\mathrm{M}}_{14}$ 导通后同时使 PMOS ${\\mathrm{M}}_{15}/{\\mathrm{M}}_{16}$ 线性电流源开始导通工作,与此同时 $N$ 差分对尾电流管进入线性区。此时,随着 NMOS 差分对尾电流的逐步减小, NMOS 差分对跨导 ${g}_{\\mathrm{{mn}}}$ 逐渐降低,而由于 ${\\mathrm{M}}_{16}$ 管的导通,导致 PMOS 差分对尾电流相应提高,即 ${g}_{\\mathrm{{mp}}}$ 提高。当 NMOS 差分对尾电流降低到零时, ${\\mathrm{M}}_{14}$ 电流增加到最大的 ${I}_{\\mathrm{{ref}}}$ ,此时 ${g}_{\\mathrm{{mT}}}$ 全部由 ${g}_{\\mathrm{{mp}}}$ 提供。根据式 $\\left( {{12} - {18}}\\right) ,{\\mathrm{M}}_{16}$ 应为 ${\\mathrm{M}}_{15}$ 电流的 ${2}^{2} - 1 = 3$ 倍,即\n$$\n{g}_{\\mathrm{{mT}}} = \\sqrt{{k}_{\\mathrm{p}}\\left( {{I}_{\\mathrm{M}{16}} + {I}_{\\mathrm{{ref}}}}\\right) } = \\sqrt{4{k}_{\\mathrm{p}}{I}_{\\mathrm{{ref}}}} = 2\\sqrt{{k}_{\\mathrm{p}}{I}_{\\mathrm{{ref}}}} \\tag{12 - 19}\n$$\n显然,当共模信号最小并使 NMOS 差分对截止时,轨至轨总的差分对跨导保持不变。 同样,对于共模信号最大使 PMOS 差分对截止时,采用相同的控制,总的 ${g}_{\\mathrm{{mT}}}$ 仍然保持恒定不变。\n以上恒定跨导和增益的控制技术同样可扩展到差分对非平衡增益因子的控制电路中, 并且当 ${\\mathrm{M}}_{15}$ 和 ${\\mathrm{M}}_{12}$ 的最大电流为 ${I}_{\\text{ref }}$ 时,那么 ${\\mathrm{M}}_{16}/{\\mathrm{M}}_{15}$ 及 ${\\mathrm{M}}_{13}/{\\mathrm{M}}_{12}$ 电流源的线性比例因子 ${\\mathrm{M}}_{p}$ 和 ${\\mathrm{M}}_{\\mathrm{n}}$ 可分别设定为\n$$\n\\left\\{  \\begin{array}{l} {\\mathrm{M}}_{\\mathrm{p}} = \\frac{{k}_{\\mathrm{n}}}{{k}_{\\mathrm{p}}} + 2\\sqrt{\\frac{{k}_{\\mathrm{n}}}{{k}_{\\mathrm{p}}}} \\\\  {\\mathrm{M}}_{\\mathrm{n}} = \\frac{{k}_{\\mathrm{p}}}{{k}_{\\mathrm{n}}} + 2\\sqrt{\\frac{{k}_{\\mathrm{p}}}{{k}_{\\mathrm{n}}}} \\end{array}\\right.  \\tag{12 - 20}\n$$\n#### 12.3.3 前馈型恒定跨导控制机制\n反馈型输入差分对控制结构复杂、速度慢、频率特性难以精确控制, 而前馈型恒跨导输入差分对不但结构简单,而且能够有效克服反馈结构中存在的各种问题,不但能得到恒定跨导的控制要求, 而且还可以通过电流补偿得到近似恒定增益的控制目标。与自适应反馈型差分输入级不同,前馈型输入级的 $\\mathrm{N}$ 、 $\\mathrm{P}$ 型差分对尾电流的偏置电压不变,但实际通过差分对管的尾电流却受前馈网络控制而改变。\n如图 12-13 所示,前馈型恒跨导恒增益输入电路中的 $\\mathrm{N}$ 型与 $\\mathrm{P}$ 型差分对分别存在一个放电通路,该放电支路与差分对并联,对固定的尾电流根据共模电平的具体变化范围进行分流。其中, PMOS 尾电流串联一个到 GND 的 PMOS 分流管 ${\\mathrm{M}}_{7}$ ,对 $\\mathrm{P}$ 型差分电流进行动态调控；同样, NMOS 尾电流串联一个到 ${V}_{\\mathrm{{CC}}}$ 的 NMOS 分流管 ${\\mathrm{M}}_{8}$ ,对 $\\mathrm{N}$ 型差分对中电流进行动态调控。两分流管接相同的偏置电位 ${V}_{\\mathrm{{bd}}}$ 。当输入共模信号改变时,差分对尾电流源电位相应改变,使分流管 ${V}_{\\mathrm{{GS}}}$ 导通电压变化引起分流电流的改变,从而动态调节差分对管中的静态电流,达到 ${g}_{\\mathrm{m}}$ 恒定控制的目的。\n![0196aaa2-bbe2-70ee-823d-d4abf5c67805_356_372_453_845_402_0.jpg](images/0196aaa2-bbe2-70ee-823d-d4abf5c67805_356_372_453_845_402_0.jpg)\n图 12-13 前馈控制电路\n当共模电压增加时, NMOS分流管电流减小,导致 $\\mathrm{N}$ 型差分对管电流增加,而 PMOS 分流管电流增加,导致 $\\mathrm{P}$ 型差分对管电流减小。当共模信号减小时, NMOS 差分对电流减小而 PMOS 差分对电流增加。这样就可以自动调节 $\\mathrm{N}$ 型和 $\\mathrm{P}$ 型差分对中电流的分布,当 ${g}_{\\mathrm{{mn}}}$ 减小时 ${g}_{\\mathrm{{mp}}}$ 增大,反之亦然。差分对跨导和负载电流的变化,导致增益不再是常数。由于共模信号直接控制前馈输入级放电通路中的电流, 所以其恒跨导特性没有反馈型的控制精度高,然而在共模电平范围的过渡区,前馈控制电路的频率特性要远优于反馈型结构。\n为提高跨导和增益的控制精度, 实际前馈控制电路的改进, 是将两分流支路合并成一条分流支路,如图 12-14 所示。图中两个晶体管 ${\\mathrm{M}}_{25}$ 、 ${\\mathrm{M}}_{26}$ 连接成两个串联 MOS 二极管的前馈型恒跨导控制结构, ${I}_{\\mathrm{n}}\\text{、}{I}_{\\mathrm{p}}$ 分别为 $\\mathrm{N}$ 型和 $\\mathrm{P}$ 型差分对管实际流过的电流, ${I}_{\\text{ref }}$ 为 $\\mathrm{N}\\text{、}\\mathrm{P}$ 两差分对尾电流中的参考电流。在共模信号高低两个极端条件下,前馈控制电路截止, ${I}_{\\mathrm{a}} = 0$ 、 ${I}_{\\mathrm{p}} = {I}_{\\text{ref }}$ 或 ${I}_{\\mathrm{p}} = 0\\text{、}{I}_{\\mathrm{n}} = {I}_{\\text{ref }}$ 。而在中间共模范围内,前馈控制电路导通,原来的两个最大差分电流均因前馈分流而逐渐减小,实现了恒定跨导控制。其次,对电流求和网络中差模电流进行补偿,进一步实现了恒定增益控制。\n![0196aaa2-bbe2-70ee-823d-d4abf5c67805_356_224_1587_1169_439_0.jpg](images/0196aaa2-bbe2-70ee-823d-d4abf5c67805_356_224_1587_1169_439_0.jpg)\n图 12-14 前馈型输入级结构\n对两个差分对的四个晶体管采用平衡对称设计,其跨导增益因子均为 $k$ ,而跨导控制电路中 ${\\mathrm{M}}_{25}$ 、 ${\\mathrm{M}}_{26}$ 两管的跨导增益因子为 ${6k}$ 。当共模信号改变时,从输入级参考电流中由 ${\\mathrm{M}}_{25}$ 、 ${\\mathrm{M}}_{26}$ 通道分流的电流因其工作状态的改变而发生相应的改变,但在前馈管饱和导通条件下, 其分流大小恒定。与 $\\mathrm{N}/\\mathrm{P}$ 差分对输入信号相同的两放大管与串联的两 MOS 二极管构成 TL 环路,如 ${\\mathrm{M}}_{21}\\text{、}{\\mathrm{M}}_{23}\\text{、}{\\mathrm{M}}_{26}\\text{、}{\\mathrm{M}}_{25}$ 组成的 TL 控制环路,由于 ${V}_{\\mathrm{{GS}}{26}} + {V}_{\\mathrm{{GS}}{25}} = {V}_{\\mathrm{{GS}}{21}} + {V}_{\\mathrm{{GS}}{23}},{\\mathrm{M}}_{21}$ 中电流为 ${I}_{\\mathrm{p}}/2\\text{、}{\\mathrm{M}}_{23}$ 中电流为 ${I}_{\\mathrm{n}}/2,{\\mathrm{M}}_{26}$ 中电流为 ${I}_{\\mathrm{{ref}}} - {I}_{\\mathrm{p}},{\\mathrm{M}}_{25}$ 中电流为 ${I}_{\\mathrm{{ref}}} - {I}_{\\mathrm{n}}$ ,则有\n$$\n\\sqrt{\\frac{{I}_{\\mathrm{p}}/2}{k}} + \\sqrt{\\frac{{I}_{\\mathrm{n}}/2}{k}} = \\sqrt{\\frac{{I}_{\\text{ref }} - {I}_{\\mathrm{n}}}{6k}} + \\sqrt{\\frac{{I}_{\\text{ref }} - {I}_{\\mathrm{p}}}{6k}} \\tag{12 - 21}\n$$\n化简后得\n$$\n\\sqrt{3{I}_{\\mathrm{n}}} + \\sqrt{3{I}_{\\mathrm{p}}} = \\sqrt{{I}_{\\text{ref }} - {I}_{\\mathrm{n}}} + \\sqrt{{I}_{\\text{ref }} - {I}_{\\mathrm{p}}} \\tag{12 - 22}\n$$\n由于 ${\\mathrm{M}}_{26}/{\\mathrm{M}}_{25}$ 管分流电流相同,并且 $k$ 因子相同,即其过驱动电压 $\\Delta$ 相同,则有 ${I}_{\\text{ref }} -$ ${I}_{\\mathrm{n}} = {I}_{\\text{ref }} - {I}_{\\mathrm{p}}$ ,由此得到 ${I}_{\\mathrm{n}} = {I}_{\\mathrm{p}}$ ,代入上式后,有 ${I}_{\\mathrm{p}} = {}_{\\mathrm{n}} = {I}_{\\text{ref }}/4$ ,即在中间共模范围内两差分对电流近似相同,但在前馈电路的弱反型区由于 $I - V$ 平方率关系不再成立而导致较大的误差。在前馈电路强反型的近似条件下有\n$$\n\\sqrt{{I}_{\\mathrm{n}}} + \\sqrt{{I}_{\\mathrm{p}}} = \\sqrt{4{I}_{\\mathrm{n}}} = \\sqrt{{I}_{\\text{ref }}} \\tag{12 - 23}\n$$\n显然, 以上关系满足匹配型差分对恒定跨导的控制要求, 而且前馈型输入级的跨导控制电路相比反馈型控制电路更为简单。当 $\\mathrm{N}$ 型差分对和 $\\mathrm{P}$ 型差分对同时处于饱和区工作时, 两差分对的电流固定且均为 ${I}_{\\text{ref }}/4$ ,并导致两差分对偏置电流的平方根之和固定,即 ${\\mathrm{M}}_{25}$ 和 ${\\mathrm{M}}_{26}$ 晶体管强制将 $\\mathrm{N}$ 型差分对源端与 $\\mathrm{P}$ 型差分对源端之间的电压降固定。当输入高共模电压时, $\\mathrm{P}$ 型差分对截止使 ${I}_{\\mathrm{p}} = 0$ ,由于 $\\mathrm{N}$ 型差分对的共源端电压很高,无法使两个串联的 MOS 二极管导通,所以 ${\\mathrm{M}}_{25}$ 和 ${\\mathrm{M}}_{26}$ 的分流为零, $N$ 型差分对的偏置电流为 ${I}_{\\text{ref }}$ ,此时式 (12- 23) 仍然成立。同样,当输入低共模电压时, ${I}_{\\mathrm{n}} = 0\\text{、}{I}_{\\mathrm{p}} = {I}_{\\text{ref }}$ ,式(12 - 23)仍然成立。这样在输入共模电压的任何范围内,都可以保证输入级跨导的恒定。\n在整个共模范围内,总跨导特性明显分为 3 个区间,最低共模电压范围是 $\\mathrm{P}$ 型差分对工作区,最高共模电压范围是 $\\mathrm{N}$ 型差分对工作区,在两者之间是 $\\mathrm{N}$ 型、 $\\mathrm{P}$ 型差分对共同工作区,而 3 个工作区域形成两个交界过渡区,在过渡区域附近跨导存在轻微的波动。当电源电压下降后,中间共模范围的共同工作区域范围逐渐减小。当电源电压继续降低时,中间工作区域可完全消失,在中间电压处出现一个波谷区。由于 ${\\mathrm{M}}_{25}$ 、 ${\\mathrm{M}}_{26}$ 晶体管总无法导通,跨导控制电路不起作用,导致跨导波动增大。然而,当电源电压很低时,由于 $\\mathrm{P}$ 型差分对和 $\\mathrm{N}$ 型差分对不会同时工作,还是能表现出一定的跨导稳定特性。如果电源电压继续降低,中间区域的波谷会加深,这是因为在共模输入电压为中间电压时, $\\mathrm{P}$ 型和 $\\mathrm{N}$ 型差分对都近于截止,跨导值都很小。这表明即使采用轨至轨输入结构,同样存在最小工作电压的限制。\n前馈型控制电路中 ${\\mathrm{M}}_{1} - {\\mathrm{M}}_{12}$ 的作用是实现对增益的稳定控制。输入级的增益与输入级电流收集电路的输出电阻直接有关。当输入高共模电压时, $\\mathrm{N}$ 型差分对的偏置电流是 ${I}_{\\text{ref }}$ ,而 $\\mathrm{P}$ 型差分对的两个晶体管截止。当输入低共模电压时, $\\mathrm{P}$ 型差分对的偏置电流是 ${I}_{\\text{ref }},\\mathrm{\\;N}$ 型差分对的两个晶体管截止。当输入共模电压为中间电压时, $\\mathrm{P}$ 型和 $\\mathrm{N}$ 型差分对的偏置电流都是 ${I}_{\\text{ref }}/4$ 。\n${\\mathrm{M}}_{1}$ 、 ${\\mathrm{M}}_{2}$ 、 ${\\mathrm{M}}_{5}$ 构成了一个和 $\\mathrm{P}$ 型差分对完全一样的差分结构,该电路可跟踪 $\\mathrm{P}$ 型差分对偏置电流的变化情况, ${\\mathrm{M}}_{8}\\text{、}{\\mathrm{M}}_{9}\\text{、}{\\mathrm{M}}_{10}$ 构成电流镜。利用这六个晶体管,可以在 $\\mathrm{P}$ 型差分对的偏置电流为零和 ${I}_{\\mathrm{{ref}}}/4$ 时,从 $\\mathrm{N}$ 型主差分对接入电流收集电路的两个端口下拉 ${I}_{\\mathrm{{ref}}}/2$ 电流, 这样电流镜就和 $\\mathrm{N}$ 型差分对一起从这两个端口下拉 $\\left( {{I}_{\\text{ref }}/2 + 0}\\right)$ 和 $\\left( {{I}_{\\text{ref }}/2 + {I}_{\\text{ref }}/4}\\right)$ 的电流。 通过这种补偿,这两个端口的下拉电流保持在 ${I}_{\\text{ref }}/2$ 和 $3{I}_{\\text{ref }}/4$ 之间。\n由于结构上的对称, ${\\mathrm{M}}_{6}\\text{、}{\\mathrm{M}}_{11}\\text{、}{\\mathrm{M}}_{12}$ 电流镜与 PMOS 主差分对的负载灌入电流保持在 ${I}_{\\text{ref }}/2$ 和 $3{I}_{\\text{ref }}/4$ 之间。对比前馈与反馈,在反馈型结构中差分对的最大电流是 ${I}_{\\text{ref }}$ ,而前馈型结构中差分对的最大电流同样也是 ${I}_{\\text{ref }}$ 。反馈型送入电流收集电路的电流变化为 ${I}_{\\text{ref }}$ ,而前馈型送入电流收集电路的电流变化为 $\\left( {3{I}_{\\text{ref }}/4 - {I}_{\\text{ref }}/2}\\right)  = {I}_{\\text{ref }}/4$ 。计算电流变化占差分对最大电流的百分比,反馈型为 100%,而前馈型为 25%。前馈型输入级送入电流收集电路的电流的相对变化率大为减小,电流收集电路中晶体管输出电阻变化减小,由于整个输入级的恒跨导特性,所以输入级增益在整个输入共模范围内比较平稳。"
}