{
  "section_num": "3.2",
  "title": "基本要求与方法",
  "start_line": 1185,
  "end_line": 1262,
  "content": "### 3.2 基本要求与方法\n#### 3.2.1 理想恒流与恒压\n偏置电路的关键和基础地位对模拟集成偏置提出了更高的要求, 即稳定性与适用性, 偏置的目的是提供电路理想的恒流源或理想的恒压源。CMOS 电路系统中电压偏置的基本要求是提供电路 (主要是 MOS 管)稳定的栅电压, 对于电流偏置而言, 即提供 MOS 管稳定的输出电流。提供的偏置应尽量减小对工艺和温度的敏感性,降低功耗和成本。\n图 3-1 所示的理想偏置中,其特性是工作范围宽,精度高且稳定,具体表现就是不受工艺、电源电压和温度的影响, 即通常所说的 PVT 无关性, 这也是一般意义上模拟电路设计所追求的最高境界。\n在 CMOS 电路中, 电压和电流偏置既相互关联, 也可相互转化。电路设计和应用也是利用这一基本原理,将稳定的电流转换成恒定的电压,或者将稳定的电压转换成恒定的电流。只要其中之一能够确定并稳定, 相对应的另一个变量也能达到相应的稳定要求。在 CMOS 偏置电路设计中, 就是寻找电流和电压相互之间的依存或因果关系, 通过合理的反馈控制,获得稳定的电流、电压状态。需要特别指出, CMOS 中 NMOS 的栅压 ${V}_{\\mathrm{{GSN}}}$ 是以 GND 为参考,稳定电流偏置的条件是 ${V}_{\\mathrm{{GSN}}}$ 为常数,表现为 ${V}_{\\mathrm{{GSN}}}$ 的固定或恒定电压偏置；而 PMOS 的栅压 ${V}_{\\mathrm{{GSP}}}$ 是以 ${V}_{\\mathrm{{CC}}}$ 为参考,电流恒定的要求是 ${V}_{\\mathrm{{GSP}}}$ 为常数,即 ${V}_{\\mathrm{{GSP}}}$ 跟随 ${V}_{\\mathrm{{CC}}}$ 的变化而同步变化。\n![0196aaa2-bbe2-70ee-823d-d4abf5c67805_43_282_637_941_341_0.jpg](images/0196aaa2-bbe2-70ee-823d-d4abf5c67805_43_282_637_941_341_0.jpg)\n图 3-1 具有互补对称特性的理想电流和电压源特性\n理想电压电流源的输出特性由其交流小信号输出阻抗决定。理想电流源要求其输出阻抗为无穷大, 导纳为零, 理想电压源输出阻抗为零, 导纳无穷大。其次, 在精度满足的前提下, 要求适应的范围无限大。显然, 实际电路中不可能存在具有这种理想特性的元件, 如线性电阻, 其阻抗受限。MOS 管可实现近似理想的恒流和简单的恒压(电压钳位) 特性, BJT 的恒压和电压钳位能力虽有提高,但离理想偏置要求无论从精度还是适用范围上都有很大距离。因此,偏置电路设计的基本要求,就是利用已有元件的 $I - V$ 特性,采用适当的元器件组合及相关控制技术构造高性能的偏置电路结构。\n偏置电路设计中的三个核心问题,首先是静态工作点的确定,即静态支路电流的定义, 这是一个涉及直流电阻分压的问题,静态电流至少应与 ${V}_{\\mathrm{{cc}}}$ 无关; 其次是支路电流的电源抑制比特性,这是一个交流阻抗分压的交流小信号问题,利用 MOS 管饱和恒流及共源共栅 Cascode 调节控制, 降低电源噪声对偏置电流的影响; 最后, 是各支路电流的线性匹配精度控制, 这本质上是直流工作点的匹配问题, 由此形成各类高精度电流镜。以上三个方面既相互联系,又有不同侧重。显然,采用基本电阻分压结构无法满足以上各方面的要求,但各类高性能电压和电流偏置,都可以看成是从最基本的电阻分压原型结构发展得来。\n#### 3.2.2 交直流分析方法\n电路分析是电路设计的重要基础。电路分析方法主要有两类,一类是等效电路法,即将电路元件用其交直流等效模型代替,并通过电路方程求解相应的信号变量输出。显然,这种基于等效电路的分析方法本质上是一种数学方法, 适合单元结构及小规模模拟电路的设计, 结果精确但不直观,对于复杂电路的分析应用受到一定的限制。另一类为物理近似法,该方法的特点与以上基于等效电路分析方法互补, 直观但精度欠佳。在物理近似分析中, 关键在于抓住电路最核心和本质的物理机制及相关制约条件,而将枝节和无关紧要的内容完全忽略,大体精确并快速得到具有特定物理意义的描述,因此容易获得对电路本质更加清楚的认识。\n在实际的电路分析中, 通常需要将以上两种方法有机结合。对于单元和典型电路结构, 通常采用精确的等效电路法, 而对于复杂电路, 根据实际条件和相应的物理控制机制, 可在忽略次要因素的前提下简化电路,并利用基本电路的已有分析结果,达到对复杂电路简化分析的目的。以下结合具体电路,对比两种分析方法的不同特点。\n设某个 MOS 管的宽长比为 ${\\left( W/L\\right) }_{\\mathrm{i}}$ ,考虑简单的 $N$ 个 MOS 管的串并联问题。首先分析并联结构,若并联 MOS 管的沟道长度均为相同的 $L$ ,则并联等效 $\\mathrm{{MOS}}$ 管的 $W/L$ 为\n$$\n\\frac{W}{L} = \\frac{{W}_{1} + \\cdots  + {W}_{\\mathrm{N}}}{L} = \\mathop{\\sum }\\limits_{{\\mathrm{i} = 1}}^{\\mathrm{N}}{\\left( \\frac{W}{L}\\right) }_{\\mathrm{i}} \\tag{3 - 1}\n$$\n若各MOS管的沟长互不相同,则对其进行归一化处理,将各个 MOS 管的沟长等效为 $L$ ,即 $\\left( {{W}_{\\mathrm{i}}/{L}_{\\mathrm{i}}}\\right)  = \\left\\lbrack  {\\left( {{W}_{\\mathrm{i}}/{L}_{\\mathrm{i}}}\\right) L}\\right\\rbrack  /L$ ,此时等效宽度 ${W}_{\\mathrm{i}}{}^{\\prime } = \\left( {{W}_{\\mathrm{i}}/{L}_{\\mathrm{i}}}\\right) L$ ,沟长全部相同并为 $L$ ,此时利用式 (3-1) 的结果, 得到同样性质的关系式。对于并联结构, 无论各 MOS 管的沟长是否相同,并联等效 MOS 管的 $W/L$ 总是各 MOS 管 ${\\left( W/L\\right) }_{i}$ 的线性叠加求和,因此 MOS 并联总是使 $W/L$ 增加。\n类似地,对于 $N$ 个 MOS 管的串联结构,若各管沟道宽度 $W$ 相同,则串联等效 MOS 管的 $L/W$ 为\n$$\n\\frac{L}{W} = \\frac{{L}_{1} + \\cdots  + {L}_{\\mathrm{N}}}{W} = \\mathop{\\sum }\\limits_{{\\mathrm{i} = 1}}^{\\mathrm{N}}{\\left( \\frac{L}{W}\\right) }_{\\mathrm{i}} \\tag{3 - 2}\n$$\n采用同样的分析方法,即使当 $W$ 不同时,以上式 (3-2) 同样成立,即对于串联 MOS 管, 其等效 MOS 管的 $L/W$ 为各管 ${\\left( L/W\\right) }_{i}$ 的线性叠加,即 $L/W$ 增加或 $W/L$ 减小。由于串联等效与并联等效相对应,则在保持叠加规律不变的条件下,并联的 $W/L$ 对应为串联的 $L/W$ ；与此等价,当串联 MOS 仍然采用 $W/L$ 描述时,其等效值可由式 (3-2) 改写为\n$$\n\\frac{W}{L} = {\\left\\lbrack  \\frac{1}{{\\left( W/L\\right) }_{1}} + \\cdots  + \\frac{1}{{\\left( W/L\\right) }_{\\mathrm{N}}}\\right\\rbrack  }^{-1} = {\\left( W/L\\right) }_{1}//\\cdots //{\\left( W/L\\right) }_{\\mathrm{N}} \\tag{3 - 3}\n$$\n利用 MOS 串并联引起的 $W/L$ 变化及其在电路内的连接关系,可以清晰地判断各 MOS 管的工作状态。以图 3-2(a) 所示的两串联 MOS 管恒流驱动结构为例,位于上方的 ${\\mathrm{M}}_{1}$ 二极管一定处于饱和恒流区,而 ${\\mathrm{M}}_{2}$ 一定处于线性电阻区。\n首先,采用基于数学模型推导的分析方法,从图 3-2 所示电路结构上看, ${\\mathrm{M}}_{1}$ 的连接方式决定了饱和恒流的状态无条件满足。根据数学模型关系,饱和 ${\\mathrm{M}}_{1}$ 管与 ${\\mathrm{M}}_{2}$ 管的过驱动电压满足以下制约关系\n$$\n{\\Delta }_{2} - {V}_{\\mathrm{{DS}}2} = \\left( {{V}_{\\mathrm{{GS}}2} - {V}_{\\mathrm{{TH}}2}}\\right)  - {V}_{\\mathrm{{DS}}2} = \\left( {{V}_{\\mathrm{{GS}}1} + {V}_{\\mathrm{{DS}}2} - {V}_{\\mathrm{{TH}}2}}\\right)  - {V}_{\\mathrm{{DS}}2} = {V}_{\\mathrm{{GS}}1} - {V}_{\\mathrm{{TH}}2}\n$$\n(3 - 4)\n${\\mathrm{M}}_{1}$ 管衬底偏置效应的影响使 ${V}_{\\mathrm{{TH}}1} \\geq  {V}_{\\mathrm{{TH}}2}$ ,因 ${V}_{\\mathrm{{DS}}2}$ 较小, ${\\mathrm{M}}_{1}$ 管衬偏作用可以忽略, NMOS 管的开启电压近似相同,并且 ${\\mathrm{M}}_{1}$ 饱和导通一定有 ${\\Delta }_{1} > 0$ ,则\n$$\n{\\Delta }_{2} - {V}_{\\mathrm{{DS}}2} = {V}_{\\mathrm{{TH}}1} + {\\Delta }_{1} - {V}_{\\mathrm{{TH}}2} \\tag{3 - 5}\n$$\n$$\n{V}_{\\mathrm{{TH}}1} + {\\Delta }_{1} - {V}_{\\mathrm{{TH}}2} \\geq  {\\Delta }_{1} > 0\n$$\n对以上数学推导的物理理解为: 当 ${\\left( W/L\\right) }_{2} \\geq  {\\left( W/L\\right) }_{1},{\\mathrm{M}}_{2}$ 管如在饱和区,由于 ${\\mathrm{M}}_{2}$ 管的 ${V}_{\\mathrm{{GS}}2}$ 大且 ${\\left( W/L\\right) }_{2}$ 大,显然饱和电流不能连续,而电流连续是基本限制条件,则只有 ${\\mathrm{M}}_{2}$ 管进入线性区使 ${\\mathrm{M}}_{2}$ 电流减小,满足电流连续的限制条件; 当 ${\\left( W/L\\right) }_{2} < {\\left( W/L\\right) }_{1}$ ,由于固定电流在 ${\\mathrm{M}}_{1}$ 管上形成的过驱动电压 ${\\Delta }_{1}$ 恒定, ${\\left( W/L\\right) }_{2}$ 减小时 ${V}_{\\mathrm{{GSI}}}$ 和 ${V}_{\\mathrm{{DSI}}}$ 同步变化以保持 ${\\Delta }_{1}$ 恒定, ${\\mathrm{M}}_{2}$ 管则同样处于线性电阻区。实际上 ${\\mathrm{M}}_{1}$ 管的饱和导通给出的限制条件为 ${V}_{\\mathrm{{Sl}}} < {V}_{\\mathrm{G}} -$ ${V}_{\\mathrm{{TN}}}$ ,由于 ${V}_{\\mathrm{{Sl}}} = {V}_{\\mathrm{{DS}}2},{V}_{\\mathrm{G}} - {V}_{\\mathrm{{TN}}} = {V}_{\\mathrm{{GSl}}} - {V}_{\\mathrm{{TN}}}$ ,使 ${\\mathrm{M}}_{2}$ 管一定处于 ${V}_{\\mathrm{{DS}}2} < {V}_{\\mathrm{{GS}}1} - {V}_{\\mathrm{{TN}}}$ 的线性电阻区。\n![0196aaa2-bbe2-70ee-823d-d4abf5c67805_45_308_543_951_516_0.jpg](images/0196aaa2-bbe2-70ee-823d-d4abf5c67805_45_308_543_951_516_0.jpg)\n图 3-2 分裂的 MOS 二极管及其应用\n以上问题还可从器件 $W/L$ 等效的角度进行分析。根据串联等效原理, ${\\mathrm{M}}_{1}$ 、 ${\\mathrm{M}}_{2}$ 串联等效 MOS 管的 $W/L$ 总是小于 ${\\left( W/L\\right) }_{1}\\text{、}{\\left( W/L\\right) }_{2}$ ,在等效限制下两者均流过相同的电流,且 ${\\mathrm{M}}_{2}$ 与等效 $\\mathrm{M}$ 管具有相同的栅压。由于 $\\mathrm{M}$ 管一定处于饱和工作区,在以上电流和栅压均相同的条件下, $\\left( {W/L}\\right)$ 较大的 ${\\mathrm{M}}_{2}$ 管一定强制进入线性电阻区,否则电流不满足基本的连续性限制条件。显然, ${\\left( W/L\\right) }_{2}$ 越大, ${\\mathrm{M}}_{2}$ 管的线性程度越高,当 ${\\left( W/L\\right) }_{2}$ 趋近无穷时, ${V}_{\\mathrm{{DS}}2} = 0$ , ${\\mathrm{M}}_{2}$ 管等效短路而不起作用,此时 $\\mathrm{M}$ 管即为 ${\\mathrm{M}}_{1}$ 管。\n因此,对于 MOS 分裂的二极管,无论两管的 $W/L$ 如何,也无论 ${\\mathrm{M}}_{1}$ 与 ${\\mathrm{M}}_{2}$ 中间串联结点的电位如何,只要 $\\mathrm{{MOS}}$ 管导通,二极管 ${\\mathrm{M}}_{1}$ 管一定位于饱和区,而与此对应的靠近 $\\mathrm{{GND}}$ 的 ${\\mathrm{M}}_{2}$ 管一定位于线性电阻区。应当注意的是,以上结论建立在支路电流连续和开启电压 ${V}_{\\mathrm{{TH}}}$ 相同的限制条件下。\n如图 3-2(b) 所示,如果 ${\\mathrm{M}}_{2}$ 的漏端再并联一个二极管 ${\\mathrm{M}}_{3}$ 管, ${\\mathrm{M}}_{3}$ 工作在何种状态? 该结构又有何特点? 显然,由于采用二极管连接, ${\\mathrm{M}}_{3}$ 管理论上只有截止及饱和两种状态。如果电源电压足够高,即使 ${V}_{\\mathrm{{Gl}}}$ 电位上升也不会引起恒流源进入线性区而导致偏置电流下降, 则 ${\\mathrm{M}}_{3}$ 的截止状态可以排除。相比图 3-2(a) 中 ${\\mathrm{M}}_{3}$ 管为等效截止的状态,图 3-2(b) 中因 ${\\mathrm{M}}_{3}$ 的分流作用,虽然 ${\\mathrm{M}}_{2}$ 的电流减小,但 ${\\mathrm{M}}_{2}$ 管仍保留线性电阻的工作状态。\n图 3-2(c) 是 ${\\mathrm{M}}_{3}$ 管位电路等价形式, ${\\mathrm{M}}_{2}$ 管在电路中的负反馈控制起到稳定 ${\\mathrm{M}}_{3}$ 工作点的作用。当电源 ${V}_{\\mathrm{{CC}}}$ 增加时,如无 ${\\mathrm{M}}_{2}$ 管则 ${V}_{\\mathrm{{GS1}}}\\text{、}{V}_{\\mathrm{{GS3}}}$ 均相应增加,导致支路电流提高。当 ${\\mathrm{M}}_{2}$ 管反馈控制起作用后,由于 ${V}_{\\mathrm{G}2} = {V}_{\\mathrm{G}1}$ 的关系, ${\\mathrm{M}}_{2}$ 线性电阻 ${R}_{1}$ 随 ${V}_{\\mathrm{{CC}}}$ 的增加而减小,导致 ${\\mathrm{M}}_{1}$ 管电流增加,从而抑制了 ${\\mathrm{M}}_{3}$ 管栅压 ${V}_{\\mathrm{{GS3}}}$ 的增加。当以上两种作用相互平衡时,即支路增加的电流几乎流入 ${\\mathrm{M}}_{2}$ 中,由此获得基本稳定的 ${V}_{\\mathrm{{GS3}}}$ 偏置输出。"
}