{
  "section_num": "8.5",
  "title": "多极点系统频率特性",
  "start_line": 6393,
  "end_line": 6652,
  "content": "### 8.5 多极点系统频率特性\n单级系统和两级系统的分析方法, 可推广到对三级以上多级系统频率特性的分析。在此,首先对多级系统频率分析的一般方法进行系统归纳和总结。\n#### 8.5.1 多极点系统结构\n## 1)级间耦合驱动模式与等效阻抗\n根据电路原理,对于多级驱动电路,可采用电流激励阻抗并联的等效电路,也可采用电压激励阻抗串联的等效电路。本质上讲, 这两种等效方式应是等价的, 即两种不同形式等效电路的输出电阻应完全相同。\n对于电流等效结构,设输出电流 ${I}_{\\mathrm{S}}$ 为理想电流源,输出并联电阻 ${r}_{\\mathrm{o}}$ 驱动负载 ${R}_{\\mathrm{L}}$ ,则理想电流源所产生的理想电压源为 ${V}_{\\mathrm{S}} =  - {I}_{\\mathrm{S}} \\times  {r}_{\\mathrm{o}}$ ,该理想电压源的串联输出阻抗为 ${R}_{\\mathrm{S}}$ ,驱动负载电阻 ${R}_{\\mathrm{L}}$ 。在两种等效电路下,负载 ${R}_{\\mathrm{L}}$ 上应获得相同的电压。理想电压源对 ${R}_{\\mathrm{S}}$ 和 ${R}_{\\mathrm{L}}$ 分压所获得的负载电压为\n$$\n{V}_{{\\mathrm{R}}_{\\mathrm{L}}\\left( \\mathrm{V}\\right) } = {V}_{\\mathrm{S}}\\frac{{R}_{\\mathrm{L}}}{{R}_{\\mathrm{S}} + {R}_{\\mathrm{L}}} =  - {I}_{\\mathrm{S}}{r}_{\\mathrm{o}}\\frac{{R}_{\\mathrm{L}}}{{R}_{\\mathrm{S}} + {R}_{\\mathrm{L}}} \\tag{8 - 66}\n$$\n理想电流源在 ${R}_{\\mathrm{L}}$ 上分流后而形成的负载电压为\n$$\n{V}_{{\\mathrm{R}}_{\\mathrm{L}}\\left( \\mathrm{l}\\right) } =  - {I}_{\\mathrm{S}}\\left( {{r}_{\\mathrm{o}}//{R}_{\\mathrm{L}}}\\right)  =  - {I}_{\\mathrm{S}}\\frac{{r}_{\\mathrm{o}}{R}_{\\mathrm{L}}}{{r}_{\\mathrm{o}} + {R}_{\\mathrm{L}}} \\tag{8 - 67}\n$$\n根据两种等效方式在负载上得到相同的电压,有 ${R}_{\\mathrm{S}} = {r}_{\\mathrm{o}}$ ,即两种激励的等效输出阻抗相同,电流源并联输出阻抗 ${r}_{\\mathrm{o}}$ 等于与之等效的电压源串联输出阻抗 ${R}_{\\mathrm{S}}$ 。电流驱动并联 $\\mathrm{{RC}}$ 网络形成极点、电压驱动串联 RC 网络形成极点,由于负载电容相同,因此无论采用何种等效激励方式,所形成的极点性质相同、极点频率也相同。\n对于单级 $\\mathrm{{CS}}$ 增益,当采用电流激励时,电流源输出阻抗 ${R}_{\\mathrm{S}} = {r}_{\\mathrm{o}}$ 。当采用电压激励时, 根据以上等效原理,输出阻抗保持 ${R}_{\\mathrm{S}} = {r}_{\\mathrm{o}}$ 不变,此时的电压激励信号为 ${V}_{\\mathrm{S}} = {I}_{\\mathrm{S}}{r}_{\\mathrm{o}} =$ ${g}_{\\mathrm{m}}{V}_{\\mathrm{i}}{r}_{\\mathrm{o}} = {A}_{\\mathrm{v}}{V}_{\\mathrm{i}}$ 。对于 ${V}_{\\mathrm{i}}$ 的激励信号,电源等效的串联输入阻抗降低到 ${R}_{\\mathrm{S}}/{A}_{\\mathrm{v}} = {r}_{\\mathrm{o}}/{A}_{\\mathrm{v}} =$ $1/{g}_{\\mathrm{m}}$ 。\n## 2)多级系统传递函数\n无论是开环或闭环电路的水平级连,还是 Cascode 垂直级连,电路的基本特征都是增益级相乘、相位移相加。系统传递函数中各极点性质和极点、零点频率均与各结点处的 $\\mathrm{{RC}}$ 网络参数及信号激励的类型密切相关。因此, 系统的稳定与否完全由电路结构自身性质所决定。\n对于图 8-25 所示的两级放大多极点电路结构,各增益级采用电压源等效模型,输出电阻为 ${R}_{\\mathrm{O}}$ 、输出电容为 ${C}_{\\mathrm{o}}$ ,其所获结果与采用电流源等效电路的分析结果完全相同。在电压源激励模式下,任意单一环节的传输特性为\n$$\n{V}_{\\text{out }}\\left( s\\right)  = \\frac{{Z}_{2}}{{Z}_{1} + {Z}_{2}} = \\frac{1}{1 + {Z}_{1}/{Z}_{2}} = \\frac{1}{1 + s{\\bar{R}}_{\\mathrm{i}}{C}_{\\mathrm{i}}} \\tag{8 - 68}\n$$\n式中: ${Z}_{1}$ ——电阻阻抗；\n![0196aaa2-bbe2-70ee-823d-d4abf5c67805_239_779_249_639_757_0.jpg](images/0196aaa2-bbe2-70ee-823d-d4abf5c67805_239_779_249_639_757_0.jpg)\n图 8-25 非理想激励下的两级放大电路\n${Z}_{2}$ ——电容容抗。\n各增益环节级联后, 在忽略 Miller 电容前馈作用的条件下, 电路只有一条前向主通道。若放大器特性理想, 则输入电阻无穷大,输出电阻为零。非理想单级放大器具有非零输出阻抗, 并且每级具有有限的低频增益 ${A}_{\\mathrm{i}0}$ 值。因此对于两级增益系统,在非理想电压源激励下, 存在输入、中间增益级以及输出共 3 个极点, 其传递函数为\n$$\n{A}_{\\mathrm{v}}\\left( s\\right)  = {A}_{\\mathrm{V}1}\\left( s\\right) {A}_{\\mathrm{V}2}\\left( s\\right) {A}_{\\mathrm{V}3}\\left( s\\right)\n$$\n$$\n= \\frac{{A}_{10}}{1 + s{R}_{\\text{in }}{C}_{\\text{in }}}\\frac{{A}_{20}}{1 + s{R}_{2}{C}_{2}}\\frac{{A}_{30}}{1 + s{R}_{\\mathrm{L}}{C}_{\\mathrm{L}}}\n$$\n(8 - 69)\n实际的级联环节由于存在 Miller 电容引起的非主前馈通道, 可采用 Miller 电容等效原理将前馈通道的电抗分别等效到输入和输出端,然后采用简单级连环节传递函数相乘的原理求。此类方法忽略了前馈通道引入的 RHP 零点。一般而言,在忽略输入高频极点的条件下, $n$ 级增益环节通常包含 $n$ 个 LHP 极点和 $m$ 个RHP零点,且 $m \\leq  n$ ,则传递函数一般形式为\n$$\nA\\left( s\\right)  = {A}_{\\mathrm{V}0}\\frac{1 + {a}_{1}s + \\cdots  + {a}_{\\mathrm{m}}{s}^{m}}{1 + {b}_{1}s + \\cdots  + {b}_{\\mathrm{n}}{s}^{n}} = \\frac{{A}_{\\mathrm{V}0}\\left( {1 - s/{z}_{1}}\\right) \\left( {1 - s/{z}_{2}}\\right) \\cdots \\left( {1 - s/{z}_{\\mathrm{m}}}\\right) }{\\left( {1 + s/{p}_{1}}\\right) \\left( {1 + s/{p}_{2}}\\right) \\cdots \\left( {1 + s/{p}_{\\mathrm{n}}}\\right) }\\left( {8 - {70}}\\right)  \\tag{8 - 70}\n$$\n式中, ${z}_{\\mathrm{i}}$ 为各级前馈 Miller 电容形成的 RHP 零点,通常都远大于各极点频率 ${p}_{\\mathrm{i}}$ 。\n若前馈电容增加一电阻,则 ${z}_{\\mathrm{i}}$ 可改变为 $\\mathrm{{LHP}}$ 性质。各结点由于输出阻抗和电容均不相同,造成各极点频率的差异,其中频率最低的极点定义为系统主极点,其余各极点则为次极点。究竟那个结点位置的极点为主极点, 依赖于具体的电路结构和状态。因此, 当电路静态工作点变化时,电路的极点性质(主极点、次极点的性质和位置)会发生显著变化,并使电路设计与应用的难度明显增大。\n#### 8.5.2 多级运放中的极点分析方法\n极点决定系统频率的幅度和相位特性。无论开环还是闭环, 其极点均为传递函数中分母高阶多项式的根。由于高阶方程的求根很困难, 并且实际电路多为二、三阶系统, 因此可采用近似方法以加速极点求解,同时不过分降低求解精度。\n不失一般性,以二阶系统的极点为例进行分析,二次项 $1 + {b}_{1}s + {b}_{2}{s}^{2} = 0$ 的解为\n$$\n{r}_{1} = \\frac{-{b}_{1}}{2{b}_{2}}\\left\\lbrack  {1 \\mp  \\sqrt{1 - x}}\\right\\rbrack  , x \\leq  1\n$$\n(8 - 71 - a)\n$$\n{r}_{2} = \\frac{-{b}_{1}}{2{b}_{2}}\\left\\lbrack  {1 \\mp  \\mathrm{j}\\sqrt{x - 1}}\\right\\rbrack  , x > 1\n$$\n(8 - 71 - b)\n$$\n\\text{其中}x = \\frac{4{b}_{2}}{{b}_{1}^{2}}\n$$\n式中的系数比 $x$ 决定了极点的实数与复数性质。同时,在 $x$ 很小的条件下,由于 $1 -$ ${\\left( 1 - x\\right) }^{1/2} \\approx  x/2,1 + {\\left( 1 - x\\right) }^{1/2} \\approx  2 - x/2 = 2$ ,即 $- {0.3} \\leq  x \\leq  {0.3}$ 时,实极点的近似解为 ${r}_{1} =  - 1/{b}_{1},{r}_{2} =  - {b}_{1}/{b}_{2}$ 。\n这就是电路设计中极点分离法的基本条件与相应结果。在 $\\left| x\\right|  > 1$ 的范围内,极点变为共轭复极点,而在 $\\left| x\\right|$ 的其他范围内,由于 $1 \\pm  \\sqrt{1 - x} \\approx  \\alpha  + {\\beta x}$ ,则实极点一定可写成如下简便形式\n$$\nr = \\alpha \\frac{-{b}_{1}}{2{b}_{2}} + \\beta \\frac{-2}{{b}_{1}} \\tag{8 - 72}\n$$\n系数 $\\alpha$ 和 $\\beta$ 在不同的 $x$ 区域内有不同的值,由此可快速得到特征方程的解。根据极点不同的近似, 产生以下不同的近似分析方法。\n## 1)极点分离法\n极点分离法的基本要求, 是包括系统次极点在内的各个极点相互之间的距离足够远。 以三阶系统为例,包含 ${p}_{1}\\text{、}{p}_{2}\\text{、}{p}_{3}3$ 个极点频率并忽略零点的系统其传递函数为\n$$\nA\\left( s\\right)  = \\frac{z\\left( s\\right) }{1 + {b}_{1}s + {b}_{2}{s}^{2} + {b}_{3}{s}^{3}} = \\frac{z\\left( s\\right) }{\\left( {1 + s/{p}_{1}}\\right) \\left( {1 + s/{p}_{2}}\\right) \\left( {1 + s/{p}_{3}}\\right) } \\tag{8 - 73}\n$$\n若满足极点分离的假设,即 ${p}_{1} \\ll  {p}_{2} \\ll  {p}_{3}$ ,则特征方程近似为\n$$\n1 + \\frac{1}{{p}_{1}}s + \\frac{1}{{p}_{1}{p}_{2}}{s}^{2} + \\frac{1}{{p}_{1}{p}_{2}{p}_{3}}{s}^{3} \\approx  0 \\tag{8 - 74}\n$$\n比较对应项系数得到 ${p}_{1} = 1/{b}_{1},{p}_{2} = {b}_{1}/{b}_{2},{p}_{3} = {b}_{2}/{b}_{3}$ 。再回到初始的假设条件 ${p}_{1} \\ll$ ${p}_{2} \\ll  {p}_{3}$ ,极点分离状态所要求的方程系数应当满足 ${b}_{1}{}^{2} \\gg  {b}_{2},{b}_{2}{}^{2} \\gg  {b}_{1}{b}_{3}$ 。这要求 ${b}_{1}$ 的系数尽可能大, ${b}_{2}$ 系数适中,而 ${b}_{3}$ 系数为最小。\n## 2) 主极点法 (Dominant Pole)\n主极点法是极点分离的一个特例,仅要求主极点远离所有次极点,即 ${p}_{1} \\ll  {p}_{2}\\text{、}{p}_{1} \\ll  {p}_{3}$ , 而不考虑次极点的相互关系,即 ${p}_{2}$ 和 ${p}_{3}$ 之间可以比较接近。当主极点 ${p}_{1}$ 远离其他极点时,在主极点 ${p}_{1}$ 频率以外的高频区域, $s/{p}_{1} \\gg  1$ ,则特征根多项式可变化为\n$$\n\\left( {1 + {b}_{1}s}\\right) \\left( {1 + \\frac{{b}_{2}{s}^{2}}{1 + {b}_{1}s} + \\frac{{b}_{3}{s}^{3}}{1 + {b}_{1}s}}\\right)  \\approx  \\left( {1 + {b}_{1}s}\\right) \\left( {1 + \\frac{{b}_{2}}{{b}_{1}}s + \\frac{{b}_{3}}{{b}_{1}}{s}^{2}}\\right)\n$$\n$$\n= \\left( {1 + {b}_{1}s}\\right) \\left( {1 + {a}_{1}s + {a}_{2}{s}^{2}}\\right)  = \\left( {1 + s/{p}_{1}}\\right) \\left( {1 + s/{p}_{2}}\\right) \\left( {1 + s/{p}_{3}}\\right)  \\approx  0\\;(8 \\tag{8 - 75}\n$$\n根据主极点假设,在 ${b}_{1}s = 1$ 的主极点附近,由于 $\\left| {{b}_{2}{s}^{2}}\\right|  \\ll  1 = {b}_{1}{}^{2}{s}^{2},\\left| {{b}_{3}{s}^{3}}\\right|  \\ll  1 =$ ${b}_{1}{}^{3}{s}^{3}$ ,即 ${b}_{2} \\ll  {b}_{1}{}^{2},{b}_{3} \\ll  {b}_{1}{}^{3}$ 。\n主极点法是最常用的一种分析方法,由于对次极点之间的关系不作要求,因此高阶 ${s}^{n}$ 项系数 ${b}_{\\mathrm{n}}$ 只需满足 ${b}_{\\mathrm{n}} \\ll  {b}_{1}{}^{n}$ 条件即可。\n## 3)降阶法/升阶法\n在特定条件下,当忽略高频下寄生电容效应的影响时, $N$ 阶特征方程可降为 $N - 1$ 阶特征方程, 两者之间计算的极点存在误差。升阶法则与之相反, 考虑高频下寄生电容效应的影响后,特征方程的阶数增加一阶以上。为减小降阶法的影响,只能忽略高频极点的影响。\n降阶法的本质是忽略一个大于 GBW 的高频极点,与之对应的是,升阶法的本质为考虑一个 GBW 以外的高频极点的影响。变化的均为高频 LHP 实极点频率,并体现在 $s$ 项最高阶项系数的变化。当频率 $s$ 增加到 ${b}_{2}{s}^{2} = 1$ 时,若 ${b}_{3}{s}^{3}$ 仍然很小,即 $1 = {\\left( \\left| {b}_{2}{s}^{2}\\right| \\right) }^{3/2} \\gg$ $\\left| {{b}_{3}{s}^{3}}\\right|$ ,对应于 ${b}_{3} \\ll  {b}_{2}{}^{3/2}$ ,或 ${b}_{2}{}^{3} \\gg  {b}_{3}{}^{2}$ 。此时可忽略 ${b}_{3}$ 对应的高阶项而得到低阶系统。\n以上消除 3 阶的判据可推广到 $k$ 阶降阶设计。降阶法在 $s$ 高频段的分析会引入误差。 与此相反,升阶法则提高了高频下极点及频率特性的分析精度。\n需要指出的是, 以上 3 种近似分析方法对开环和闭环均适用, 即在特定的条件下通过某种近似分析方法求出系统零极点, 判定系统的稳定性并完成相关设计。但遗憾的是, 对于闭环系统以上极点分离的近似条件在很多场合下都不成立, 因此无法通过近似求解闭环极点的方式完成系统稳定性的分析与设计。在进一步的分析中, 将介绍一种由 Routh 定理给出稳定性的定性分析方法, 而定量的设计则采用滤波器等效设计的方法。\n#### 8.5.3 多级系统频率特性\n以三极点开环增益系统为例, 忽略高频零点的微弱影响, 则开环系统频率传递函数为\n$$\n{A}_{\\mathrm{{oL}}}\\left( \\omega \\right)  \\approx  \\frac{{A}_{\\mathrm{{oL}}}\\left( 0\\right) }{\\left( {1 + \\mathrm{j}\\omega /{p}_{1}}\\right) \\left( {1 + \\mathrm{j}\\omega /{p}_{2}}\\right) \\left( {1 + \\mathrm{j}\\omega /{p}_{3}}\\right) } \\tag{8 - 76}\n$$\n其频率响应如图 8-26 所示在 ${p}_{1} \\ll  {p}_{2} \\ll  {p}_{3}$ 的主极点近似下, $- 3\\mathrm{\\;{dB}}$ 带宽仅由主极点频率 ${p}_{1}$ 确定。每增加一个极点,至少增加 ${45}^{ \\circ  }$ 的相位移,并最多可增加 ${90}^{ \\circ  }$ 的相位移；此外, 幅度特性增加一个 $- {20}\\mathrm{\\;{dB}}/\\mathrm{{dec}}$ 的衰减。显然,级数越多,相位迟滞越大,稳定性越差,两级以上系统就有可能导致闭环工作的不稳定。对于各种放大级数, 其相位移的范围如下:\n(1)单级放大:若只存在单极点,最大相位移 ${90}^{ \\circ  }$ , $\\mathrm{{PM}} = {90}^{ \\circ  }$ ；\n(2)两级放大:若只存在两极点,最大相位移 ${180}^{ \\circ  }$ ；设相位交点频率为 ${p}_{180}$ ,由于 ${p}_{2} <$ ${p}_{180}$ ,则在次极点 ${p}_{2}$ 处的相位移为 ${90} + {45} = {135}^{ \\circ  }$ ;\n(3)三级放大:若只有 3 个极点,最大相位移 ${270}^{ \\circ  }$ 。当 ${p}_{3} > {10}{p}_{2}$ 时, ${p}_{3}$ 忽略后退化为两级增益系统,此时, ${p}_{180} \\approx  {10}{p}_{2}$ ; 否则,当 ${p}_{2} < {p}_{3} < {10}{p}_{2}$ 时,则 ${p}_{180} \\approx  \\sqrt{{p}_{2}{p}_{3}} \\gg  {p}_{1}$ ,因此相位交点频率 ${p}_{180}$ 为相近两高频次极点频率的几何平均。\n假设在附加 ${180}^{ \\circ  }$ 相位移下,增益裕度要求环路增益应尽量小于 1 。则在反馈系数为 $F$ 的闭环负反馈下,反馈系数越大,环路增益越大,相位交点频率下的环路增益大于 1 的几率也越大,稳定性越差。 $F = 0$ 则恢复到开环状态, 而开环增益通常是稳定的。因此, 在反馈系统的稳定性分析中,通常考虑 $F = 1$ 最差条件下的稳定性设计,当 $F = 1$ 闭环稳定时,对于 $F < 1$ 的闭环系统也一定稳定。对于多极零点系统,即使在单位增益条件下其相位移小于 ${180}^{ \\circ  }$ 即 $\\mathrm{{PM}} > 0$ ; 但在 $\\mathrm{{PM}} = 0$ 即相位移为 ${180}^{ \\circ  }$ 的条件下环路增益大于 1 ,即增益裕度不满足条件, 系统同样无法稳定。理论上, 稳定的电路系统要求同时满足相位裕度和增益裕度的条件。\n![0196aaa2-bbe2-70ee-823d-d4abf5c67805_241_970_1584_457_445_0.jpg](images/0196aaa2-bbe2-70ee-823d-d4abf5c67805_241_970_1584_457_445_0.jpg)\n图 8-26 多极点、零点系统频率响应\n以下分析增益裕度与低频增益和极点的关系。在相位交点频率下,系统由负反馈变为正反馈, 则正反馈闭环系统增益为\n$$\n{A}_{\\mathrm{{CL}}}\\left( {p}_{180}\\right)  = \\frac{{A}_{\\mathrm{{oL}}}\\left( {p}_{180}\\right) }{1 - F{A}_{\\mathrm{{oL}}}\\left( {p}_{180}\\right) } \\tag{8 - 77}\n$$\n稳定性设计要求的条件为 $F{A}_{\\mathrm{{oL}}}\\left( {p}_{180}\\right)  < 1$ ,由于 ${A}_{\\mathrm{{CL}}}\\left( 0\\right)  = 1/F$ ,则有\n$$\nF{A}_{\\mathrm{{oL}}}\\left( {p}_{180}\\right)  = F{A}_{\\mathrm{{oL}}}\\left( {p}_{180}\\right)  = \\frac{{A}_{\\mathrm{{oL}}}\\left( {p}_{180}\\right) }{{A}_{\\mathrm{{CL}}}\\left( 0\\right) } < 1 \\tag{8 - 78}\n$$\n由此得到 ${A}_{\\mathrm{{oL}}}\\left( {p}_{180}\\right)  < {A}_{\\mathrm{{CL}}}\\left( 0\\right)$ 。\n以上条件表明,在正反馈频率下的开环增益,至少应低于低频时的闭环增益,才能满足闭环稳定性所需的增益裕度条件。由于 $F = 1\\text{、}{A}_{\\mathrm{{CL}}}\\left( 0\\right)  = 1/F = 1$ ,由此相位交点频率下的开环增益必须小于 1,等效于增益交点频率发生在正反馈相位交点频率之前。\n忽略零点的影响,在确定相位交点频率 ${p}_{180}$ 的条件下,可完成三级放大器的频率响应特性的分析。当 ${p}_{3} \\gg  {10}{p}_{2}$ 时,则 ${p}_{180} \\approx  {10}{p}_{2}$ 。而当 ${p}_{3}$ 接近 ${p}_{2}$ 时,相位交点频率被压缩至两者的几何平均。因为在此频率下, 两高频次极点总的相位移为\n$$\n{\\varphi }_{1,2} = {\\varphi }_{1} + {\\varphi }_{2} = \\arctan \\frac{\\sqrt{{p}_{2}{p}_{3}}}{{p}_{2}} + \\operatorname{actan}\\frac{\\sqrt{{p}_{3}{p}_{2}}}{{p}_{3}} = \\operatorname{actan}\\sqrt{\\frac{{p}_{3}}{{p}_{2}}} + \\arctan \\sqrt{\\frac{{p}_{2}}{{p}_{3}}}\n$$\n(8 - 79)\n利用 $\\arctan \\left( x\\right)  + \\arctan \\left( {1/x}\\right)  = \\pi /2$ 的性质,加上低频 ${p}_{1}$ 主极点贡献的 $\\pi /2$ 相移,则总的相位移达到 $\\pi$ ,因此 ${p}_{2}$ 与 ${p}_{3}$ 的几何平均构成了在 ${p}_{2} < {p}_{3} < {10}{p}_{2}$ 条件下的相位交点频率。代入 ${p}_{180} \\approx  \\sqrt{{p}_{2}{p}_{3}}$ 条件,则在相位交点正反馈频率下的开环增益为\n$$\n{A}_{\\mathrm{{oL}}}\\left( {p}_{180}\\right)  \\approx  \\frac{{A}_{\\mathrm{{oL}}}\\left( 0\\right) }{\\left( {1 + \\mathrm{j}\\sqrt{{p}_{2}{p}_{3}}/{p}_{1}}\\right) \\left( {1 + \\mathrm{j}\\sqrt{{p}_{2}{p}_{3}}/{p}_{2}}\\right) \\left( {1 + \\mathrm{j}\\sqrt{{p}_{2}{p}_{3}}/{p}_{3}}\\right) } \\tag{8 - 80}\n$$\n考虑到 ${p}_{180} \\gg  {p}_{1}$ ,则相位交点频率下的开环增益近似为\n$$\n{A}_{\\mathrm{{oL}}}\\left( {p}_{180}\\right)  \\approx  \\frac{{A}_{\\mathrm{{oL}}}\\left( 0\\right) {p}_{1}}{\\mathrm{j}\\sqrt{{p}_{2}{p}_{3}}\\mathrm{j}\\left( {\\sqrt{{p}_{3}/{p}_{2}} + \\sqrt{{p}_{2}/{p}_{3}}}\\right) } =  - \\frac{\\mathrm{{GBW}}}{{p}_{2} + {p}_{3}} \\tag{8 - 81}\n$$\n上式成立的限制条件为 ${p}_{3} < {10}{p}_{2}$ 。当 ${p}_{3} > {10}{p}_{2}$ 时以上关系不再准确,相位交点频率达到饱和的 ${10}{p}_{2}$ 点。考虑 $- {10}\\mathrm{\\;{dB}}$ 的增益裕度,根据式 (8-78) 的条件及 ${A}_{\\mathrm{{CL}}}\\left( 0\\right)  = 1/F$ ,应有 ${A}_{\\mathrm{{oL}}}\\left( {p}_{180}\\right) F \\leq  {10}^{-{0.5}}$ 。结合上式要求,及 $F = 1$ 条件得到\n$$\n\\mathrm{{GBW}} \\cdot  F \\cdot  {10}^{0.5} \\leq  {3.2}\\mathrm{{GBW}} \\leq  {p}_{2} + {p}_{3} \\tag{8 - 82}\n$$\n闭环系统由增益裕度稳定性给出的限制要求如下:\n(1)闭环反馈系数 $F$ 越小,以上关系越容易满足,因此应考虑到 ${F}_{\\max } = 1$ 时,满足以上限制关系;\n(2)非主极点频率越大,主极点频率越小,导致的 GBW 越低,以上关系越容易满足,这也是主次极点分离补偿原则的基本出发点;\n(3)增益裕度越大,式(8-82)中 GBW 的系数越大,以上次极点条件越难满足；相反,增益裕度越小,则越容易满足;\n(4)当增益裕度为 $0\\mathrm{\\;{dB}}$ 时,次极点满足的最低限制要求为 ${p}_{2} + {p}_{3} > \\mathrm{{GBW}}$ 。这意味着当存在更多的高频次极点时,增益裕度的要求容易满足,而仅存在 1 个 ${p}_{2}$ 次极点时,满足增益裕度条件需要更大的 ${p}_{2}$ 次极点频率,这一点与相位裕度的要求一致；\n(5)零点对频率特性有影响,零点可导致相位移的变化和相位交点增益的提高,增益裕度条件满足的难度增加,只有零点频率高于 10GBW 时可忽略其影响。\n在 $F = 1\\text{、} - {10}\\mathrm{\\;{dB}}$ 增益裕度下,以上条件简化为 ${p}_{2} + {p}_{3} > {3.2}\\mathrm{{GBW}}$ 。因此,从增益裕度的角度考虑,希望有高频非主极点 ${p}_{3}$ 的存在,其位置远离 GBW 之外,压缩 ${p}_{2}$ 频带以外的增益和噪声。而从减小相位移的角度出发, ${p}_{3}$ 也是越高越好,通常将 ${p}_{3}$ 放置在大于 $3\\mathrm{{GBW}}$ 之外的位置。\n进一步考虑相位裕度,对于最小要求的 $\\mathrm{{PM}} = {45}^{ \\circ  }$ 相位裕度,对应的相位移为 ${180}^{ \\circ  } -$ ${45}^{ \\circ  } = {135}^{ \\circ  }$ ,定义在此相位移下的频率为 ${p}_{135}$ 。显然,若两个非主极点频率相距很远,即 ${p}_{3} \\gg  {p}_{2}$ ,此时退化为两级增益系统,则 ${p}_{135} = {p}_{2}$ ,在不考虑零点补偿的前提下,有\n$$\n{A}_{\\mathrm{{oL}}}\\left( {p}_{135}\\right)  \\approx  \\frac{{A}_{\\mathrm{{oL}}}\\left( 0\\right) }{\\left( {1 + \\mathrm{j}{p}_{2}/{p}_{1}}\\right) \\left( {1 + \\mathrm{j}{p}_{2}/{p}_{2}}\\right) \\left( {1 + \\mathrm{j}{p}_{2}/{p}_{3}}\\right) } \\approx  \\frac{\\mathrm{{GBW}}}{\\sqrt{2}{p}_{2}}\\angle  - {135}^{ \\circ  } \\tag{8 - 83}\n$$\n考虑相位裕度后,开环增益的 $0\\mathrm{\\;{dB}}$ 点提前到 ${p}_{135}$ ,因此在存在极高频 ${p}_{3}$ 的条件下,至少有 $\\mathrm{{GBW}} = \\sqrt{2{p}_{2}}$ 或 ${p}_{2} > {0.707}\\mathrm{{GBW}}$ 。若 ${p}_{2} = \\mathrm{{GBW}},{p}_{135}$ 频率下的开环增益小于 1 ,相当于 $\\mathrm{{PM}} > {45}^{ \\circ  }$ 。\n对于 $\\mathrm{{PM}} = {60}^{ \\circ  }$ 的相位裕度,有\n$$\n{A}_{\\mathrm{{oL}}}\\left( {p}_{120}\\right)  \\approx  \\frac{{A}_{\\mathrm{{oL}}}\\left( 0\\right) {p}_{1}}{\\mathrm{j}{p}_{120}\\left( {1 + \\mathrm{j}{p}_{120}/{p}_{2}}\\right) } \\approx  \\frac{\\mathrm{{GBW}}}{\\sqrt{1 + {\\left( {p}_{120}/{p}_{2}\\right) }^{2}}{p}_{120}}\\angle  - {120}^{ \\circ  } \\tag{8 - 84}\n$$\n其中 ${p}_{120}/{p}_{2} = \\tan {30}^{ \\circ  } = 1/\\sqrt{3}$ ,则由开环增益为 1 的条件,在 $\\mathrm{{PM}} = {60}^{ \\circ  }$ 的相位裕度下,有 ${p}_{120} = \\left( \\sqrt{3/2}\\right) \\mathrm{{GBW}},{p}_{2} = \\sqrt{3{p}_{120}} = \\left( {3/2}\\right) \\mathrm{{GBW}}$ 。\n考虑 ${p}_{3}$ 的相位迟滞影响后, ${p}_{2}$ 频率还应适当提高。 ${p}_{3}$ 高频极点越靠近 ${p}_{2}$ 其影响越大,极限影响发生在两个非主极点位置相同的状态,即 ${p}_{3} = {p}_{2}$ 。此时,两极点对相位的贡献相同,只要其中一个贡献 ${45}^{ \\circ  }/2 = {22.5}^{ \\circ  }$ 的相位移,就达到了总体 ${135}^{ \\circ  }$ 即 $\\mathrm{{PM}} = {45}^{ \\circ  }$ 的限制。 在此条件下,根据 ${p}_{135}/{p}_{2} = \\operatorname{tg}\\left( {{45}^{ \\circ  }/2}\\right)  = {0.4142}$ 的条件,有\n$$\n{A}_{\\mathrm{{ol}}}\\left( {p}_{135}\\right)  \\approx  \\frac{{A}_{\\mathrm{{ol}}}\\left( 0\\right) }{\\left( {1 + \\mathrm{j}{0.4142}{p}_{2}/{p}_{1}}\\right) {\\left( 1 + \\mathrm{j}{0.4142}{p}_{2}/{p}_{2}\\right) }^{2}} \\approx  \\frac{\\mathrm{{GBW}}}{{0.4853}{p}_{2}}\\angle  - {135}^{ \\circ  }\n$$\n(8 - 85)\n在次极点频率 ${p}_{2} \\gg  {p}_{1}$ 以及忽略零点的条件下,若 ${p}_{2} = {p}_{3},{45}^{ \\circ  }$ 的 PM 需要 ${p}_{2} = {p}_{3} >$ 2.1GBW; 对比 ${p}_{3} \\gg  {p}_{2}$ ,相同的 PM 下仅需的 ${p}_{2} > {0.71}\\mathrm{{GBW}}$ 。结果发现,在相同的相位移或 $\\mathrm{{PM}}$ 相位裕度下,高频次极点 ${p}_{3}$ 相对 ${p}_{2}$ 越大,相位交点频率下的开环增益越小,越有利于提高相位裕度。\n同样,计算两重合高频次极点形成 $\\mathrm{{PM}} = {60}^{ \\circ  }$ 相位裕度的条件,由 ${p}_{120}/{p}_{2} = \\tan \\left( {{30}^{ \\circ  }/2}\\right)$ $= {0.268}$ ,得\n$$\n{A}_{\\mathrm{{oL}}}\\left( {p}_{120}\\right)  \\approx  \\frac{{A}_{\\mathrm{{oL}}}\\left( 0\\right) }{\\left( {1 + \\mathrm{j}{0.268}{p}_{2}/{p}_{1}}\\right) {\\left( 1 + \\mathrm{j}{0.268}\\right) }^{2}} \\approx  \\frac{\\mathrm{{GBW}}}{{0.287}{p}_{2}}\\angle  - {120}^{ \\circ  } \\tag{8 - 86}\n$$\n以上结果表明,在两高频次极点重合的条件下, $\\mathrm{{PM}} = {60}^{ \\circ  }$ 的相位裕度至少需要 3.5GBW 以外的高频次极点。在以上各种讨论中,只有很少的状态要求 ${p}_{2} <$ GBW,通常状态下都要求 ${p}_{2} > \\mathrm{{GBW}}$ 。而且当 $\\mathrm{{RHP}}$ 零点存在时,对 ${p}_{2}$ 等频率的下限要求更高。需特别指出的是,当 ${p}_{2} > \\mathrm{{GBW}}$ 时,才有 $\\mathrm{{GBW}} = {p}_{1}{A}_{\\vee 0}$ 。而一旦 ${p}_{2} < \\mathrm{{GBW}}$ ,则实际的 $\\mathrm{{GBW}} <$ ${p}_{1}{A}_{v0}$ 。因此,在一般条件下总是要求 ${p}_{2} > {p}_{1}{A}_{v0}$ ,以实现较大的带宽。\n设 $\\mathrm{{NDP}}$ 为非主极点 (次极点) ${p}_{2}$ 与 $\\mathrm{{GWB}}$ 的归一化距离因子, $\\mathrm{{ZR}}$ 为零点 $z$ 与 $\\mathrm{{GWB}}$ 的归一化距离因子,即 $\\mathrm{{NDP}} = {p}_{2}/\\mathrm{{GBW}},\\mathrm{{ZR}} = z/\\mathrm{{GBW}}$ 。定义相位移稳定裕度因子 ${\\alpha }_{\\mathrm{p}}$ 为\n$$\n{\\alpha }_{\\mathrm{p}} = \\frac{{p}_{2}}{{p}_{1}} = \\frac{\\mathrm{{NDP}} \\cdot  \\mathrm{{GBW}}}{\\mathrm{{GBW}}/{A}_{\\mathrm{V}0}} = \\mathrm{{NDP}} \\cdot  {A}_{\\mathrm{V}0} \\tag{8 - 87}\n$$\n在满足 ${\\alpha }_{\\mathrm{p}} \\gg  1$ ,即 ${A}_{\\mathrm{V}0} \\gg  1$ 的条件下,决定闭环系统稳定性的因素主要由 NDP 因子决定。主次极点分离主要依靠增大 NDP 实现,要求 NDP $> 2$ 、RHP 零点和降低的 ${p}_{3}$ 高频次极点频率,通常需要增加 $\\mathrm{{NDP}}$ 以满足系统稳定性的要求。"
}