{
  "section_num": "8.4",
  "title": "两级共源放大器频响特性",
  "start_line": 6271,
  "end_line": 6392,
  "content": "### 8.4 两级共源放大器频响特性\n增益级水平级联的电路结构是另一种提高电路直流增益的常用方式, 它引入的极点无法确保相互间一定为分离的极点。与此相反,在 Cascode 垂直级联中, CG 管的输出阻抗与负载电容既为 ${A}_{1}$ 的零点,又为 ${A}_{2}$ 的极点,两者相互抵消,输出的极点被压缩,而中间级的极点被扩展,产生的一定是分离的极点。一般而言,单级放大器只存在一个高阻极点,输入极点在理想电压源驱动下是一个远大于 GBW 带宽的高频极点,因此单级放大器通常不存在稳定性问题,而且相位裕度 $\\mathrm{{PM}} > {90}^{ \\circ  }$ 。但对于多极点系统,当极点频率相互接近时,必然带来系统稳定性方面的问题。\n多级增益电路结构决定了多级放大器必定存在多个高阻低频极点。多级放大器多种不同的组合模式,决定了极点之间不同的位置关系。高阻输出的 CS 增益结构具有较低的极点频率和相对较差的频率特性, CD 由于输出低阻、CG 由于消除了 Miller 电容效应,因而具有相对优良的频率特性。多级增益结构频率特性设计的难点在于因存在闭环系统稳定性方面的问题, CS电压增益的级联必须根据电路具体的频率特性,提出相应的频率补偿方法。\n两级放大器是多级放大电路中最简单的电路形式, 起承上启下的作用, 并且采用的分析方法和相关结论可以推广到多级电路的分析。本章重点讨论两级放大器的频率响应特性, 并提出两级电压放大器频率补偿的基本原则。\n为求简化, 以理想电压信号激励下两级 CS 电压放大器频率响应为例, 对其动态过程进行全面的物理分析,电路如图 8-19 所示。当没有外接补偿电容时,本征 Miller 电容 ${C}_{\\mathrm{M}} =$ ${C}_{\\mathrm{{GD}}} \\approx  0$ 。\n作为第一级增益,差分输入级的主要设计要求包括: 大的 $L$ 以减小差分对失调,提高输出阻抗,高的输出阻抗以提高增益、较低的静态偏置电流以降低功耗；第二级增益即输出级的要求为:较大的静态电流以提高大信号摆率 $\\mathrm{{SR}}$ ,获得适中的输出阻抗和电压增益。 根据以上两级增益电路设计的一般要求,选取跨导 ${g}_{\\mathrm{m}1} = {50\\mu }\\mathrm{S}\\text{、}{g}_{\\mathrm{m}2} = {0.5}\\mathrm{{mS}}$ 、输出导纳 ${g}_{o1} = {0.1\\mu S}$ 、 ${g}_{o2} = {10\\mu S}$ 、结点电容 ${C}_{1} = {1pF}$ 、 ${C}_{2} = {3pF}$ ,并以此为例分析未补偿两级增益的频率特性。\n![0196aaa2-bbe2-70ee-823d-d4abf5c67805_234_185_236_1188_421_0.jpg](images/0196aaa2-bbe2-70ee-823d-d4abf5c67805_234_185_236_1188_421_0.jpg)\n图 8-19 两级 OTA 电路\n两级增益的低频直流增益为\n$$\n\\left. \\begin{array}{l} {A}_{1} =  - \\frac{{g}_{\\mathrm{m}1}}{{g}_{\\mathrm{o}1}} =  - \\frac{{50\\mu }\\mathrm{S}}{{0.1\\mu }\\mathrm{S}} =  - {500} \\approx  {54}\\mathrm{\\;{dB}} \\\\  {A}_{2} =  - \\frac{{g}_{\\mathrm{m}2}}{{g}_{\\mathrm{o}2}} =  - \\frac{{500\\mu }\\mathrm{S}}{{10\\mu }\\mathrm{S}} =  - {50} \\approx  {34}\\mathrm{\\;{dB}} \\end{array}\\right\\}   \\tag{8 - 57}\n$$\n总的低频直流增益近似为 ${A}_{\\mathrm{V}0} = {A}_{1}{A}_{2} \\approx  {88}\\mathrm{\\;{dB}}$ ,两极点位置及对应的极点频率为\n$$\n\\left. \\begin{array}{l} {f}_{1} =  - \\frac{{g}_{\\mathrm{o}1}}{{2\\pi }{C}_{1}} \\approx  \\frac{{100}\\mathrm{{kS}}}{{2\\pi } \\times  1\\mathrm{{pF}}} = {15.9}\\mathrm{{kHz}} \\\\  {f}_{2} =  - \\frac{{g}_{\\mathrm{o}2}}{{2\\pi }{C}_{2}} \\approx  \\frac{{10}\\mathrm{{MS}}}{{2\\pi } \\times  3\\mathrm{{pF}}} = {530}\\mathrm{{kHz}} \\end{array}\\right\\}   \\tag{8 - 58}\n$$\n在分析电路幅频和相位变化过程中, ${p}_{1}{A}_{\\mathrm{V}0} = {400}\\mathrm{{MHz}} \\gg  {f}_{2}$ ,虽然 ${f}_{2}$ 的作用使实际的 $\\mathrm{{GBW}} < {p}_{1}{A}_{0}$ ,但仍然满足 $\\mathrm{{GBW}} \\gg  {f}_{2}$ 的条件,则 $\\mathrm{{GBW}}$ 下的总相位移达到 ${180}^{ \\circ  }$ ,系统因正反馈而失去稳定。因此,采用基本 Miller 电容补偿策略。\n在 Miller 电容压缩下, 其主极点位于第一级的输出, 即\n$$\n{p}_{1} \\approx  \\frac{1}{{r}_{\\mathrm{o}1}\\left( {{C}_{1} + \\left| {A}_{\\mathrm{V}{20}}\\right| {C}_{\\mathrm{M}}}\\right) } = \\frac{1}{{r}_{\\mathrm{o}1}\\left( {{C}_{\\mathrm{{GS}}2} + {g}_{\\mathrm{m}2}{r}_{\\mathrm{o}2}{C}_{\\mathrm{M}}}\\right) } \\approx  \\frac{1}{{g}_{\\mathrm{m}2}{r}_{\\mathrm{o}1}{r}_{\\mathrm{o}2}{C}_{\\mathrm{M}}} \\tag{8 - 59}\n$$\nMiller 电容除了压缩主极点的作用外,还由于 ${C}_{\\mathrm{M}}$ 电容等效 $G\\mathrm{D}$ 短路作用而使输出极点扩展为 ${p}_{2} = {g}_{\\mathrm{m}}/{C}_{\\mathrm{L}}$ 。\n如进一步考虑 ${C}_{\\mathrm{M}}$ 电容引起的 RHP 零点,忽略理想电源激励下的高频输入极点,则两级系统电压增益传递函数可近似表示为\n$$\n{A}_{\\mathrm{v}}\\left( s\\right)  \\approx  \\frac{{g}_{\\mathrm{{m1}}}{r}_{\\mathrm{o}1}{g}_{\\mathrm{m}2}{r}_{\\mathrm{o}2}\\left( {1 - s{C}_{\\mathrm{M}}/{g}_{\\mathrm{m}2}}\\right) }{\\left( {1 + s{g}_{\\mathrm{m}2}{r}_{\\mathrm{o}1}{r}_{\\mathrm{o}2}{C}_{\\mathrm{M}}}\\right) \\left( {1 + s{C}_{\\mathrm{L}}/{g}_{\\mathrm{m}}}\\right) } = \\frac{{A}_{\\mathrm{V}0}\\left( {1 - s/z}\\right) }{\\left( {1 + s/{p}_{1}}\\right) \\left( {1 + s/{p}_{2}}\\right) } \\tag{8 - 60}\n$$\n根据电路 Bode 图描述的频率特性, 可判断电路的稳定性, 对于可能出现的不稳定状态, 可以根据频率补偿的原理选择相应的实现方式。频率分析的过程主要分为以下 3 个主要频段\n## (1)低频段\n对于低频直流增益 ${A}_{10} > {A}_{20}$ 的两级开环运放电路,根据以上计算结果,即使在没有 Miller 电容补偿的条件下,只要输出级驱动电容较大,且负载电容不过大,则 -3 dB 主极点一般均位于第一级的输出。因此 ${A}_{1}$ 首先随频率开始下降,当 ${A}_{1}$ 下降到 ${A}_{20}$ 的幅值时,对应于信号频率的低频频段。对于 ${A}_{2}$ ,其各结点电容容抗均远大于该结点位置下的输出阻抗,电容不起作用, ${A}_{2}$ 表现为低频常数 ${A}_{20}$ 。因此, ${A}_{1}$ 的 $- 3\\mathrm{\\;{dB}}$ 点,也就是整体电路的 $- 3\\mathrm{\\;{dB}}$ 点,在该点处 ${A}_{1}$ 贡献的相位迟滞为 ${45}^{ \\circ  }$ 。若 ${A}_{10}/{A}_{20} > {10}$ ,则到达 ${A}_{1} = {A}_{20}$ 低频区的临界点时, ${A}_{1}$ 贡献的总相移近似达到 ${90}^{ \\circ  }$ 饱和值,低频条件下的幅频和相频特性如图 8-20 所示。\n![0196aaa2-bbe2-70ee-823d-d4abf5c67805_235_204_651_1149_621_0.jpg](images/0196aaa2-bbe2-70ee-823d-d4abf5c67805_235_204_651_1149_621_0.jpg)\n图 8-20 低频段两级增益的频率特性\n在低频条件下,由于次级 ${A}_{2}$ 增益保持为较高的常数状态, Miller 电容效应起作用,根据补偿电容 ${C}_{\\mathrm{M}}$ 中的电流,得到的等效输入电容值为\n$$\n\\left. \\begin{array}{l} i = \\mathrm{j}\\omega {C}_{\\mathrm{M}}\\left( {1 - {A}_{2}}\\right) v \\approx  \\mathrm{j}\\omega {C}_{\\mathrm{M}}\\left| {A}_{2}\\right| v \\\\  {C}_{\\text{in }} = {C}_{\\mathrm{M}}\\left| {A}_{2}\\right|  = {C}_{\\mathrm{M}}\\frac{{g}_{\\mathrm{m}2}}{{g}_{\\mathrm{d}2}} \\end{array}\\right\\}   \\tag{8 - 61}\n$$\n根据 ${C}_{\\mathrm{M}} = 3\\mathrm{{pF}}$ 、 $\\left| {A}_{20}\\right|  = {50}$ 的条件,等效输入电容 ${C}_{\\mathrm{{in}}} = {150}\\mathrm{{pF}}$ ,而原来的负载电容仅为 ${C}_{1} = 1\\mathrm{{pF}}$ ,对应于主极点压缩 ${150}\\mathrm{倍}$ ,即 ${p}_{1} = {15.9}\\mathrm{k}/{150} = {106}\\mathrm{{Hz}}$ 。\n## (2)中频段\n中频段, ${A}_{1}$ 继续保持 $- {20}\\mathrm{\\;{dB}}/\\mathrm{{dec}}$ 的增益下降速率, ${A}_{2}$ 保持一段常数后,当到达 ${p}_{2}$ 极点频率位置时开始下降。在次频率点下 ${A}_{2}$ 贡献的相位迟滞为 ${45}^{ \\circ  }$ ,该状态下总相位移最大可为 ${135}^{ \\circ  }$ 。总增益视前后两级增益在此频率下的值,可大于 1 ,也可小于等于 1 。对于本电路,直至下降到总增益为 $0\\mathrm{\\;{dB}}$ 时结束中频区域。\n在此频段,虽然 ${A}_{2}$ 略有下降但仍然保持一定的增益值,因此对 Miller 电容起倍增作用的 ${A}_{2}$ 增益基本保持不变,等效负载电容为 ${C}_{\\mathrm{M}} + {C}_{2}$ ,而且在此频率范围内输出容抗值已开始小于输出阻抗,才能实现 ${A}_{2}$ 随频率增加而单调下降的特性,因此有 ${A}_{2} =  - {g}_{\\mathrm{m}2}/\\left\\lbrack  {\\mathrm{j}\\omega \\left( {{C}_{\\mathrm{M}} + {C}_{2}}\\right) }\\right\\rbrack$ 。\n在此条件下,由于 ${A}_{2} \\gg  1$ ,则 Miller 电容等效到输入端的注入电流为\n$$\ni = \\mathrm{j}\\omega {C}_{\\mathrm{M}}\\left( {1 - {A}_{2}}\\right) V \\approx  \\mathrm{j}\\omega {C}_{\\mathrm{M}}\\frac{{g}_{\\mathrm{m}2}}{\\mathrm{j}\\omega \\left( {{C}_{2} + {C}_{\\mathrm{M}}}\\right) }V = {g}_{\\mathrm{m}2}\\frac{{C}_{\\mathrm{M}}}{{C}_{2} + {C}_{\\mathrm{M}}}V \\tag{8 - 62}\n$$\n则 Miller 电容在此频段可等效为 ${A}_{2}$ 的输入阻抗,即 ${R}_{\\mathrm{{in}}} = V/i = \\left( {1 + {C}_{2}/{C}_{\\mathrm{M}}}\\right) /{g}_{\\mathrm{m}2} = (1 +$ $1)/\\left( {{500} \\times  {10}^{-6}}\\right)  \\approx  4\\mathrm{\\;k}\\Omega$ 。\n该电阻可并入第一级的输出阻抗,由于该阻抗很小,大幅度降低了 ${A}_{1}$ 在此频段的输出阻抗,抑制了负载电容效应,使 ${A}_{1}$ 随频率提高而衰减的速度减缓。同时相位迟滞开始减小,表现为超前特性,再加上 ${P}_{2}$ 极点的相位迟滞,总的相位保持缓慢的变化。此外,通常认为在超出 ${p}_{2}$ 频率点后, ${A}_{2}$ 以 $- {20}\\mathrm{\\;{dB}}/\\mathrm{{dec}}$ 频率下降, ${A}_{2}$ 的 $0\\mathrm{\\;{dB}}$ 增益点所对应的频率为 ${g}_{\\mathrm{m}2}/\\left( {{C}_{2} + {C}_{\\mathrm{M}}}\\right)$ , 则总增益以 $- {40}\\mathrm{\\;{dB}}/\\mathrm{{dec}}$ 速率下降。考虑到 ${A}_{1}$ 下降的减缓效应后,系统增益 $- {40}\\mathrm{\\;{dB}}/\\mathrm{{dec}}$ 的下降起始点 ${p}_{2}$ 比 ${A}_{2}$ 的 $- 3\\mathrm{\\;{dB}}$ 点略有增加,此频率内的频率响应特性如图 8-21 所示。\n![0196aaa2-bbe2-70ee-823d-d4abf5c67805_236_195_747_1177_622_0.jpg](images/0196aaa2-bbe2-70ee-823d-d4abf5c67805_236_195_747_1177_622_0.jpg)\n图 8-21 中频段两级增益的频率特性\n## (3)高频段\n在高频阶段,仅由电容决定各级增益的负载,因此 ${A}_{1}\\text{、}{A}_{2}$ 均随频率的增加而下降。高频下 ${C}_{\\mathrm{M}}$ 可视为短路,因此很难在低频下分开考虑 ${A}_{1}$ 和 ${A}_{2}$ 的作用,而需整体考虑。由输入一输出结点方程的推导,即 ${g}_{\\mathrm{m}1}{v}_{\\mathrm{m}} + s{C}_{1}V = \\left( {{V}_{\\mathrm{o}} - V}\\right) s{C}_{\\mathrm{M}},\\left( {{V}_{\\mathrm{o}} - V}\\right) s{C}_{\\mathrm{M}} + {g}_{\\mathrm{m}2}V =  - s{C}_{2}{V}_{\\mathrm{o}}$ ,可得\n$$\n{A}_{\\mathrm{v}} = {g}_{\\mathrm{m}1}\\frac{{g}_{\\mathrm{m}2} - s{C}_{\\mathrm{M}}}{s\\left\\{  {{g}_{\\mathrm{m}2}{C}_{\\mathrm{M}} + s\\left\\lbrack  {{C}_{1}{C}_{2} + \\left( {{C}_{1} + {C}_{2}}\\right) {C}_{\\mathrm{M}}}\\right\\rbrack  }\\right\\}  } \\tag{8 - 63}\n$$\n代入 $s = \\mathrm{j}\\omega$ ,得到高频下增益的频率响应特性为\n$$\nA = {g}_{m1}\\frac{{g}_{m2} - \\mathrm{j}\\omega {C}_{M}}{\\mathrm{j}\\omega \\left\\lbrack  {{g}_{m2}{C}_{M} + \\mathrm{j}\\omega \\left( {{C}_{M}{C}_{1} + {C}_{M}{C}_{2} + {C}_{1}{C}_{2}}\\right) }\\right\\rbrack  } \\tag{8 - 64}\n$$\nMiller 电容引起的 RHP 零点频率为 $z = {g}_{\\mathrm{m}2}/\\left( {{2\\pi }{C}_{\\mathrm{M}}}\\right)  \\approx  {500\\mu }\\mathrm{S}/\\left( {{2\\pi } \\cdot  3\\mathrm{{pF}}}\\right)  = {26.5}$ MHz。高频 LHP 次极点频率为\n$$\n{p}_{2} = \\frac{{g}_{\\mathrm{m}2}}{{2\\pi }{C}_{\\mathrm{M}}}\\frac{{C}_{\\mathrm{M}}^{2}}{{C}_{\\mathrm{M}}{C}_{1} + {C}_{\\mathrm{M}}{C}_{2} + {C}_{1}{C}_{2}} = \\frac{{500\\mu }\\mathrm{S}}{{6.28} \\times  3\\mathrm{{pF}}}\\frac{9}{3 + 9 + 3} = {15.9}\\mathrm{{MHz}}(8 - {65}\n$$\n单位增益带宽相对于没有 Miller 补偿的条件,下降到 $\\mathrm{{GBW}} = A{f}_{1} = {g}_{\\mathrm{{ml}}}/\\left( {{2\\pi }{C}_{\\mathrm{M}}}\\right)  =$ 2. 65 MHz。\n显然, $\\mathrm{{NDP}} = {p}_{2}/\\mathrm{{GBW}} = 6\\text{、}\\mathrm{{NZ}} = z/\\mathrm{{GBW}} = {10}$ ,高频次极点和 $\\mathrm{{RHP}}$ 零点均远在 GBW 外,相位裕度至少可达到 ${60}^{ \\circ  }$ 。此频率内的频率响应特性如图 8-22 所示。\n![0196aaa2-bbe2-70ee-823d-d4abf5c67805_237_244_385_1070_570_0.jpg](images/0196aaa2-bbe2-70ee-823d-d4abf5c67805_237_244_385_1070_570_0.jpg)\n图 8-22 高频段两级增益的频率特性\n图 8-23 给出了基本 Miller 电容补偿控制前后两级增益 ${p}_{1}$ 、 ${p}_{2}$ 极点的原理示意图,采用 Miller 电容补偿的条件为原始未补偿下的极点满足 ${p}_{1} < {p}_{2}$ 的关系,即 ${g}_{\\mathrm{o}2}/{C}_{2} > {g}_{\\mathrm{o}1}/{C}_{1}$ 。 为此第一级应为高阻增益级、第二级应为负载电流驱动级,且 ${C}_{2}$ 电容较低。经过 Miller 电容补偿后小的 ${p}_{1}$ 极点被压缩、而大的 ${p}_{2}$ 极点进一步扩展,实现主次极点的分离,补偿效果明显。而对于电路负载电容 ${C}_{\\mathrm{L}} = {C}_{2}$ 很大,或输出级阻抗及增益很大的状态,本征极点 ${p}_{2}$ 大幅度下降, Miller 电容补偿的效果减弱甚至失效,此时需要采用新的补偿策略。\n对比 Cascode 和 Cascade 两种提高增益的基本电路结构, Cascode 具有比 Cascade 更加优越的频率特性。在以上两种方式之外, 还存在一种增益倍增型 (Regulated Cascode) 结构, 该类型电路是对 Cascode 结构的进一步改进,即采用附加的增益 ${A}_{\\mathrm{V}3}$ 提高输出阻抗,以提高总体增益, 虽然主极点频率进一步下降, 但保持 GBW 近似不变, 并且确保各次极点频率位于 $\\mathrm{{GBW}}$ 外,以实现多级增益的单极点系统低频特性,其幅频特性近似如图 8-24 所示。有关增益倍增型 Cascode 的电路设计详见第 10 章。\n![0196aaa2-bbe2-70ee-823d-d4abf5c67805_237_248_1598_523_485_0.jpg](images/0196aaa2-bbe2-70ee-823d-d4abf5c67805_237_248_1598_523_485_0.jpg)\n图 8-23 主次极点分离的 Miller 电容补偿\n![0196aaa2-bbe2-70ee-823d-d4abf5c67805_237_805_1694_533_389_0.jpg](images/0196aaa2-bbe2-70ee-823d-d4abf5c67805_237_805_1694_533_389_0.jpg)\n图 8-24 增益提高型 Cascode 频率特性"
}