{
  "section_num": "2.3.1",
  "title": "MOS 管漂移电流",
  "level": 3,
  "content": "以 $\\mathrm{P}$ 型衬底的反型 $\\mathrm{N}$ 沟道即增强型 $\\mathrm{{MOS}}$ 管为例,在栅电压 ${V}_{\\mathrm{G}}$ 的作用下,栅表面感应出的单位面积电荷密度为 ${Q}_{\\mathrm{{inv}}}$ ,并形成反型沟道,沟道区可视为 $\\mathrm{N}$ 型均匀电阻区,在横向电场 $- \\mathrm{d}{V}_{\\mathrm{{ch}}}/\\mathrm{d}x$ 作用下形成漂移电流 ${I}_{\\mathrm{D}}$ 。根据漂移电流密度与横向电场的关系,有\n\n$$\n{J}_{\\mathrm{n}} = {qnv} = {qn}{\\mu }_{\\mathrm{n}}E =  - {qn}{\\mu }_{\\mathrm{n}}\\frac{\\mathrm{d}{V}_{\\mathrm{{ch}}}}{\\mathrm{d}x} \\tag{2 - 8}\n$$\n\n式中: $q$ ——电子电荷量;\n\n$n$ ——感应的电子密度；\n\n$v$ ——电子漂移速度；\n\n${\\mu }_{\\mathrm{n}}$ ——电子迁移率。\n\n若设反型层厚度为 ${t}_{\\text{inv }}$ 、沟道长度与宽度分别为 $L\\text{、}W$ ,则反型沟道中的电流为\n\n$$\n{I}_{\\mathrm{n}} = {J}_{\\mathrm{n}}\\left( {{t}_{\\mathrm{{inv}}}W}\\right)  =  - q{\\mu }_{\\mathrm{n}}\\frac{\\mathrm{d}{V}_{\\mathrm{{ch}}}}{\\mathrm{d}x}\\frac{{N}_{\\mathrm{T}}}{{t}_{\\mathrm{{inv}}}{WL}}{t}_{\\mathrm{{inv}}}W =  - {\\mu }_{\\mathrm{n}}\\frac{\\mathrm{d}{V}_{\\mathrm{{ch}}}}{\\mathrm{d}x}\\left( \\frac{q{N}_{\\mathrm{T}}}{WL}\\right) W \\tag{2 - 9}\n$$\n\n式中: ${N}_{\\mathrm{T}}$ ——沟道中反型电子的总数,则 ${Q}_{\\text{inv }} = q{N}_{\\mathrm{T}}/{WL}$ 。\n\n以上 MOS 管输出电流与 ${Q}_{\\text{inv }}$ 的关系为\n\n$$\n{I}_{\\mathrm{n}} = {\\mu }_{\\mathrm{n}}W\\left( {-{Q}_{\\mathrm{{inv}}}}\\right) \\frac{\\mathrm{d}{V}_{\\mathrm{{ch}}}}{\\mathrm{d}x} \\tag{2 - 10}\n$$\n\n即沿感应沟道 $x$ 方向流过的电流连续,与 $x$ 无关。则对其在 $x$ 方向积分,得到\n\n$$\n{\\int }_{0}^{L}{I}_{\\mathrm{n}}\\mathrm{d}x = {\\int }_{{\\mathrm{V}}_{\\mathrm{S}}}^{{\\mathrm{V}}_{\\mathrm{D}}}{\\mu }_{\\mathrm{n}}W\\left( {-{Q}_{\\mathrm{{inv}}}}\\right) \\mathrm{d}{V}_{\\mathrm{{ch}}} \\tag{2 - 11}\n$$\n\n整理后, 沟道感应电流的一般关系式为\n\n$$\n{I}_{\\mathrm{n}} = {\\mu }_{\\mathrm{n}}{C}_{\\mathrm{{ox}}}\\frac{W}{L}{\\int }_{{\\mathrm{V}}_{\\mathrm{S}}}^{{\\mathrm{V}}_{\\mathrm{D}}}\\left( {-\\frac{{Q}_{\\mathrm{{inv}}}}{{C}_{\\mathrm{{ox}}}}}\\right) \\mathrm{d}{V}_{\\mathrm{{ch}}} = {k}^{\\prime }{}_{\\mathrm{n}}\\frac{W}{L}{\\int }_{{\\mathrm{V}}_{\\mathrm{S}}}^{{V}_{\\mathrm{D}}}\\left( {-\\frac{{Q}_{\\mathrm{{inv}}}}{{C}_{\\mathrm{{ox}}}}}\\right) \\mathrm{d}{V}_{\\mathrm{{ch}}} \\tag{2 - 12}\n$$\n\n式中: ${C}_{\\mathrm{{ox}}} = {\\varepsilon }_{0}{\\varepsilon }_{\\mathrm{{ox}}}/{t}_{\\mathrm{{ox}}}$ 一一单位面积的栅氧化层电容,即栅电容密度。其中 ${\\varepsilon }_{0}\\text{、}{\\varepsilon }_{\\mathrm{{ox}}}$ 分别为真空中的绝对介电常数以及介质的相对介电常数, ${t}_{\\mathrm{{ox}}}$ 为栅氧化层厚度。\n\n${k}^{\\prime }{}_{\\mathrm{n}} = {\\mu }_{\\mathrm{n}}{C}_{\\mathrm{{ox}}}$ 一一仅受工艺影响的参数,称为工艺因子。增益因子 $k = {k}^{\\prime }{}_{\\mathrm{n}}\\left( {W/L}\\right)$ 既与工艺因子有关,也受器件尺寸即 $W/L$ 的控制。而栅压控制形成的 ${Q}_{\\mathrm{{mv}}}$ 对输出电流产生决定性影响。",
  "subsections": []
}