{
  "section_num": "3.5",
  "title": "有源非线性自偏置电路",
  "start_line": 1525,
  "end_line": 1740,
  "content": "### 3.5 有源非线性自偏置电路\n以上分析表明,当反馈限流采用 $1/{g}_{\\mathrm{m}}$ 电阻时,引入电流镜传输的反馈控制,此时 NMOS或PMOS电流镜的源极需串联一电阻以确保非线性电流镜的产生,形成自偏置结构。此时, 两支路互偏, 相互提供工作点。两支路可以是电流镜, 但一个必须是非线性电流源。因此, 自偏置是以上互偏置的另一种表现形式, 两者本质特性相同, 都是实现高性能电压或电流偏置的一种主要结构,而简单的自偏置电路可由以上基本电压偏置结构组成。\n高性能自偏置的设计同样借鉴了 MOS 饱和特性的物理控制机制, 高阻与低阻的作用应相互配合。一个偏置支路中,由于低电阻不可能无限趋近于零,必须有一个高阻元件承受更多的 ${V}_{\\mathrm{{DS}}}$ 电压。当 ${V}_{\\mathrm{{OC}}}$ 改变时,低阻上的电压变化很小,抑制支路电流的变化,有效提高了偏置电路的电源抑制比性能。\n![0196aaa2-bbe2-70ee-823d-d4abf5c67805_55_214_1064_1116_419_0.jpg](images/0196aaa2-bbe2-70ee-823d-d4abf5c67805_55_214_1064_1116_419_0.jpg)\n图 3-11 两线性电流源互偏置存在的问题\n自偏置结构不能是如图 3-11(a) 所示的两个线性源的耦合,这取决于电路稳定工作点的进入和状态保持。从电流源曲线特性看,偏置电路中各相关元件 $I - I$ 特性存在交点的前提(原点除外),要求必须有一个支路为非线性电流源。否则:\n(1)若两线性电流源耦合,当线性源比例不同时,只有原点是两线性曲线的交点,如图 3-11(b) 所示,电路的工作点为零点,无电流输出；\n(2)若两线性电流源比例相同,则两条曲线完全重合,如图 3-11(c) 所示,此时交点无穷多,状态不定；\n(3)只有线性与非线性电流源相结合才可能有唯一的非零交点,提供唯一稳定的工作点, 对非线性电流源的要求是单调或具有峰值;\n(4)两个非线性电流源使结构复杂, 交点数目大于 1 的几率增加, 即存在状态不唯一的问题, 实际很少采用。\n线性电流源与非线性电流源的区别, 在于判断两 MOS 管的栅源电压是否在任何电流驱动状态下都相同。如果相同,则构成线性源,否则为非线性电流源。使 ${V}_{\\mathrm{{GS}}}$ 存在差异的方法有很多,最简单的方法就是在其中一个 MOS 管的源极串联电阻 $R$ ,当电流变化时,两管 ${V}_{\\mathrm{{GS}}}$ 之间一定存在失配。为获得静态条件下两支路电流相等的关系,非线性电流源中的两 MOS 管的尺寸一定不同, ${V}_{\\mathrm{{GS}}}$ 大的其 $W/L$ 小,而 ${V}_{\\mathrm{{GS}}}$ 小的其 $W/L$ 大,这是非线性电流镜普遍遵循的规则。\n当电流镜两管的源极均有电阻串联使结构对称时, 也可构成电阻比例电流源。这种结构在 DAC 中常用,即利用 ${V}_{\\mathrm{{GS}}}$ 近似相同的特点,以及电阻上压降近似相同的条件,电阻上电流与电阻成反比。此时,为保证不同电流下形成相同 ${V}_{\\mathrm{{GS}}}$ 电压的前提条件能够保持,则 MOS管的 $W/L$ 应与流过的电流成正比,维持线性电流镜的条件始终成立。当此条件忽略时,常导致误差甚至错误的结果。\n#### 3.5.1 二极管/ ${V}_{\\mathrm{{BE}}}$ 自偏置电路\n${V}_{\\mathrm{{BE}}}$ 自偏置电路可由图 3-9(b) 的电路改变而来,即 ${\\mathrm{M}}_{3}$ 管改成图 3-12 中的寄生 PNP 二极管,其基极固定接 GND。在静态特性方面, PMOS 电流镜定义 ${I}_{1} = {I}_{2}$ ,曲线斜率为 1, ${\\mathrm{M}}_{3}$ 与 ${\\mathrm{M}}_{4}$ 的尺寸相同。在初始启动阶段,二极管尚未开启,其输出阻抗 ${r}_{\\mathrm{d}} \\gg  R$ ,则 ${I}_{3} \\sim  {I}_{4}$ 仍然形成正反馈关系,使得启动过程得以进行。随着电流的增加, ${r}_{\\mathrm{d}}$ 逐渐减小,当 ${r}_{\\mathrm{d}} < R$ 后, ${I}_{3} \\sim  {I}_{4}$ 的电流关系进入负反馈控制区,形成稳定的工作平衡点 $A$ 。动态特性上,由于二极管的非线性导通电阻特性, $Q$ 与电阻 $R$ 不能交换位置,虽然静态工作点等效,但动态下电路无法启动, 静态点无法正常建立。\n![0196aaa2-bbe2-70ee-823d-d4abf5c67805_56_381_1171_756_408_0.jpg](images/0196aaa2-bbe2-70ee-823d-d4abf5c67805_56_381_1171_756_408_0.jpg)\n图 3-12 ${V}_{\\mathrm{{BE}}}$ 自偏置结构\n在平衡状态下, ${I}_{3} = {I}_{4}$ ,限流电阻 $R$ 上的压降由 ${V}_{\\mathrm{{BE}}}$ 决定,即\n$$\n{I}_{\\mathrm{R}} = \\frac{{V}_{\\mathrm{{BE}}}}{R} = {I}_{\\mathrm{D}} \\approx  {I}_{\\mathrm{S}}\\exp \\left( \\frac{{V}_{\\mathrm{{BE}}}}{{V}_{\\mathrm{T}}}\\right)  \\tag{3 - 28}\n$$\n式中 ${I}_{\\mathrm{S}}$ 为二极管反向饱和电流。\n由以上非线性电流或电压关系, 得到的电阻为\n$$\nR = \\frac{{V}_{\\mathrm{{BE}}}}{{I}_{\\mathrm{D}}} = \\frac{{V}_{\\mathrm{T}}}{{I}_{\\mathrm{D}}}\\ln \\frac{{I}_{\\mathrm{D}}}{{I}_{\\mathrm{S}}} = {r}_{\\mathrm{d}}\\ln \\frac{{I}_{\\mathrm{D}}}{{I}_{\\mathrm{S}}} \\tag{3 - 29}\n$$\n式中 ${r}_{\\mathrm{d}}$ 为二极管的输出阻抗。根据平衡条件 $R > {r}_{\\mathrm{d}}$ 的要求, ${I}_{\\mathrm{D}} \\gg  {I}_{\\mathrm{S}}$ 。\n显然,在偏置电流不十分微小的条件下,以上平衡条件总能够满足。\n## 3. ${5.2\\Delta }{V}_{\\mathrm{{BE}}}/\\mathrm{{PTAT}}$ 偏置\n$\\Delta {V}_{\\mathrm{{BE}}}$ 自偏置结构是在 ${V}_{\\mathrm{{BE}}}$ 偏置结构的基础上发展而来,如在电阻 $R$ 支路上增加一放大 $M$ 倍的 BJT 二极管 ${\\mathrm{Q}}_{2}$ (如图 3-13 所示),启动及平衡过程完全相同,则在平衡点下,有\n1\n$$\n\\Delta {V}_{\\mathrm{{BE}}} = {V}_{\\mathrm{T}}\\ln \\left( {\\frac{{I}_{\\mathrm{Q}1}}{{I}_{\\mathrm{S}1}}\\frac{{I}_{\\mathrm{S}2}}{{I}_{\\mathrm{Q}2}}}\\right)  = {V}_{\\mathrm{T}}\\ln \\left( M\\right)  = {I}_{\\mathrm{D}2}R \\tag{3 - 30}\n$$\n限流电阻 $R$ 为\n$$\nR = \\frac{{V}_{\\mathrm{T}}}{{I}_{\\mathrm{D}2}}\\ln M = {r}_{\\mathrm{d}2}\\ln M \\tag{3 - 31}\n$$\n对于不同面积的二极管,只有工作在有效开启阶段且电流 ${I}_{\\mathrm{D}}$ 相同时,输出阻抗 ${r}_{\\mathrm{d}} =$ ${V}_{\\mathrm{T}}/{I}_{\\mathrm{D}}$ 也相同。由此特性, $R + {r}_{\\mathrm{d}2} > {r}_{\\mathrm{d}1}$ 即 $R > 0$ 的平衡状态约束总是无条件成立的。\n![0196aaa2-bbe2-70ee-823d-d4abf5c67805_57_388_806_754_447_0.jpg](images/0196aaa2-bbe2-70ee-823d-d4abf5c67805_57_388_806_754_447_0.jpg)\n图 3-13 $\\Delta {V}_{\\mathrm{{BE}}}$ 自偏置结构\n#### 3.5.3 $k$ 因子倍增单调型自偏置结构\n基本的单调型自偏置电路是图 3-10(b) 改进型 Wilson 电路的简化形式, 取消了原电路结构中间一对起电平匹配作用的 NMOS 电流镜, 同时改变 PMOS 电流镜的方向使之与非线性 NMOS 电流镜相互耦合传输,电路结构及其动态传输特性如图 3-14 所示。\n![0196aaa2-bbe2-70ee-823d-d4abf5c67805_57_377_1587_785_400_0.jpg](images/0196aaa2-bbe2-70ee-823d-d4abf5c67805_57_377_1587_785_400_0.jpg)\n图 3-14 单调型自偏置结构\n设电阻上的压降为 ${V}_{\\mathrm{R}}$ ,由 ${\\mathrm{M}}_{3}\\text{、}{\\mathrm{M}}_{4}$ 电流相等的条件,得到\n$$\n\\frac{1}{2}{k}_{\\mathrm{n}}{\\left( \\frac{W}{L}\\right) }_{3}{\\Delta }^{2} = \\frac{1}{2}{k}_{\\mathrm{n}}{\\left( \\frac{W}{L}\\right) }_{4}{\\left( \\Delta  - {V}_{\\mathrm{R}}\\right) }^{2} \\tag{3 - 32}\n$$\n由此解出\n$$\n\\Delta  = \\frac{\\sqrt{N}}{\\sqrt{N} - 1}{V}_{\\mathrm{R}} \\tag{3 - 33}\n$$\n$$\nN = \\frac{{\\left( W/L\\right) }_{4}}{{\\left( W/L\\right) }_{3}} > 1\n$$\n${V}_{\\mathrm{{GS}}}$ 的压差决定了电阻上所形成的微电流,即输出电流 ${I}_{\\mathrm{o}}$ 满足的非线性关系为\n$$\n{I}_{\\mathrm{o}} = \\frac{{V}_{\\mathrm{R}}}{R} = \\frac{\\sqrt{N} - 1}{\\sqrt{N}}\\frac{\\Delta }{R} = \\frac{\\sqrt{N} - 1}{R\\sqrt{N}}\\sqrt{\\frac{2{I}_{3}}{{k}_{3}}} \\tag{3 - 34}\n$$\n根据线性电流源条件,输出电流 ${I}_{0} \\approx  {I}_{3} \\approx  {I}_{4}$ 。由此解出的输出电流已与电源电压无关,其温度特性只由电阻和 $\\mathrm{{MOS}}$ 管的尺寸比决定,由于迁移率导致 $k$ 的负温度系数,并形成 ${I}_{\\mathrm{o}}$ 的正温度系数, 但系数并不是常数, 即\n$$\n{I}_{\\mathrm{o}} = \\frac{2{\\left( \\sqrt{N} - 1\\right) }^{2}}{N{k}_{3}{R}^{2}} \\tag{3 - 35}\n$$\n该偏置电路 ${\\mathrm{M}}_{3}$ 管所提供的 NMOS 跨导为\n$$\n{g}_{\\mathrm{m}} = {k}_{3}\\Delta  = \\frac{{I}_{\\mathrm{o}}}{\\Delta /2} = 2\\frac{{V}_{\\mathrm{R}}}{R}\\frac{\\sqrt{N} - 1}{\\sqrt{N}}\\frac{1}{{V}_{\\mathrm{R}}} = \\frac{2}{R}\\frac{\\left( \\sqrt{N} - 1\\right) }{\\sqrt{N}} \\tag{3 - 36}\n$$\n当 ${\\mathrm{M}}_{3}/{\\mathrm{M}}_{4}$ 进入亚阈输出电流控制区后,相当于电路中的 ${\\mathrm{M}}_{3}/{\\mathrm{M}}_{4}$ 管用 $\\mathrm{{NPN}}$ 管代替、即 ${\\mathrm{M}}_{3}/{\\mathrm{M}}_{4}$ 管完全类似 BJT 的 $I - V$ 指数关系,其 ${V}_{\\mathrm{{GS}}}$ 等效为 ${V}_{\\mathrm{{BE}}},\\Delta {V}_{\\mathrm{{GS}}}$ 等效于 $\\Delta {V}_{\\mathrm{{BE}}}$ 。而压差定义电阻电流, 在忽略电阻温度系数的条件下偏置电流呈现正温度系数, 且系数是稳定的常数, 可用于基准中的电流补偿, 即\n$$\n{I}_{\\mathrm{o}} = \\frac{\\Delta {V}_{\\mathrm{{BE}}}}{R} = \\frac{{V}_{\\mathrm{T}}}{R}\\ln N \\tag{3 - 37}\n$$\n在以上两种模式的分析中, 都需要两支路电流更加严格地匹配。因此, 基本的 Wilson 自偏置恒流结构的设计,同样适合改进的 Wilson 自偏置电路结构。两者相比,改进的 Wilson 结构所需的最低工作电压略有提高。\n对于同样采用 NMOS Wildar 类型的单调型自偏置电流源, 电阻的位置很关键！静态考虑无关紧要。而从动态的启动过程考虑,当 $R$ 置于 MOS 二极管下时,由于该 MOS 管 $W/L$ 大且为偏置管,则启动过程为负反馈控制, 而且电阻本身还有负反馈作用, 则启动阶段无正反馈自激, 无法建立稳态,如图 3-15 所示; 当 $R$ 置于非 MOS 二极管, 而是高阻恒流 MOS 的源下,则该 MOS 管 $W/L$ 大,对 MOS 二极管偏置电流进行放大,启动阶段为正反馈,启动能够自动建立,平衡点附近电阻负反馈起主导作用而维持稳定工作点。\n![0196aaa2-bbe2-70ee-823d-d4abf5c67805_58_712_1657_729_372_0.jpg](images/0196aaa2-bbe2-70ee-823d-d4abf5c67805_58_712_1657_729_372_0.jpg)\n图 3-15 单调型自偏置结构中的电阻位置\n#### 3.5.4 CMOS 型自偏置电路\nCMOS 型偏置电路充分利用数字 CMOS 工艺技术, 电路中不采用各种类型的扩散或多晶等线性电阻,仅利用偏置电路形成的 MOS 线性电阻取代原电阻 $R$ ,构造相应的电路结构。基于此原理的一种 CMOS 单调型自偏置电路如图 3-16(b) 所示, 电路的基本控制原理和特性与原对应的电路结构完全相同。\n![0196aaa2-bbe2-70ee-823d-d4abf5c67805_59_228_643_1075_459_0.jpg](images/0196aaa2-bbe2-70ee-823d-d4abf5c67805_59_228_643_1075_459_0.jpg)\n图 3-16 全 CMOS 单调型自偏置电路\n采用 CMOS 结构具有如下新特点,首先符合 CMOS 工艺的发展方向,其次有利于控制 MOS 电阻的温度系数和所占用面积。电路设计的关键在于偏置电流 ${I}_{3}$ ,该电流应提供 ${\\mathrm{M}}_{6}$ 管较高的 ${V}_{\\mathrm{{GS}}}$ 电压,强制 ${\\mathrm{M}}_{5}$ 管进入线性工作状态,并通过对 ${\\mathrm{M}}_{5}$ 管和 ${\\mathrm{M}}_{7}$ 管过驱动电压的设计,控制线性电阻的大小及温度系数。由于 ${\\mathrm{M}}_{5}$ 管 ${V}_{\\mathrm{{TN}}}$ 的负温度系数,导致 ${\\mathrm{M}}_{5}$ 等效线性电阻表现为负温度系数。\n![0196aaa2-bbe2-70ee-823d-d4abf5c67805_59_775_1384_616_400_0.jpg](images/0196aaa2-bbe2-70ee-823d-d4abf5c67805_59_775_1384_616_400_0.jpg)\n图 3-17 CMOS ${V}_{\\mathrm{{TH}}}$ 型自偏置电路\nCMOS 管的偏置电路同样还可以应用到 ${V}_{\\mathrm{{TH}}}$ 的自偏置结构中,如图 3-17 所示。通过控制 ${V}_{1}$ 电位和 ${\\mathrm{M}}_{4}$ 管的 $W/L$ ,设定 ${\\mathrm{M}}_{4}$ 管处于线性工作区,代替原电路中限流电阻 $R$ 的作用。由于 ${\\mathrm{M}}_{4}$ 的 ${V}_{\\mathrm{{DS}}}$ 被 ${\\mathrm{M}}_{6}$ 管的栅钳制在一个 ${V}_{\\mathrm{{GS}}}$ 电压附近,因此 ${V}_{1}$ 电位应在此 ${V}_{\\mathrm{{GS}}}$ 基础上再向上提升一个 ${V}_{\\mathrm{{TN}}}$ 电位,即 ${V}_{1}$ 至少应保持在 $2{V}_{\\mathrm{{TN}}}$ 电位以上。 ${\\mathrm{M}}_{3}$ 也工作于线性电阻区。\nCMOS 自偏置电路的应用受到一定的限制, 其问题在产生的偏置电流通过各相关电阻转换为电压时,为实现各电压分量所需要的可控温度系数,需要电阻的温度系数相同,这样电阻比值的温度系数近似为零,这是在电压基准产生电路中所常用的电流一电压转换技术。 为实现此要求, 电路中其他位置的电阻也要求用 MOS 管线性电阻取代。然而, 对 MOS 线性电阻的控制, 当其源和漏电位都是浮动时, 控制的难度很大。很难在任何条件下都达到精确的线性电阻控制,通常只能对 NMOS 源接固定 GND 电位或 PMOS 源接固定 ${V}_{\\mathrm{{cc}}}$ 电位的 MOS 管实现线性电阻的有效控制。\n#### 3.5.5 峰值型 (Peaking) 偏置结构\n峰值型非线性电流源最初由 BJT 类型电路发展而来, 用 MOS 器件取代相应的 BJT 管后, 得到与之相对应的 Peaking 型 MOS 电流源。当 MOS 管偏置在亚阈电流的饱和工作区时,其电流电压关系与相应的 BJT 电路完全相同,在忽略电阻温度系数的条件下可形成 PTAT 电流；当处于强反型饱和工作区时,则表现出与 BJT 偏置完全不同的电流温度特性。\n图 3-18 为 BJT 和 MOS 峰值型电流源电路。 ${\\mathrm{Q}}_{1}$ 与 ${\\mathrm{Q}}_{2}$ 、 ${\\mathrm{M}}_{1}$ 与 ${\\mathrm{M}}_{2}$ 的栅控电压不同,因此输入一输出电流为非线性关系。输出电流在随输入电流的变化过程中,存在一个峰值电流。完整的 Peak 型电流也可采用自偏置结构,且 ${\\mathrm{M}}_{1}$ 和 ${\\mathrm{M}}_{2}$ 可工作于强反型区或亚阈值区,以期获得不同的电流温度系数的控制。\n![0196aaa2-bbe2-70ee-823d-d4abf5c67805_60_356_824_875_493_0.jpg](images/0196aaa2-bbe2-70ee-823d-d4abf5c67805_60_356_824_875_493_0.jpg)\n图 3-18 BJT/MOS 非线性峰值电流源\n峰值型与单调型自偏置电路的静态结构和输出电流控制机制基本相同, $R$ 为支路电流定义电阻。电阻 $R$ 为避免在源端串联,而放置在 $\\mathrm{{MOS}}$ 管的漏端。一是可以避免衬底偏置效应的影响, 二是将原有的电流相互作用的单调型关系改变为非单调型关系。电路结构及其传输特性如图 3-19 所示。在饱和强反型条件下,电阻 $R$ 定义的支路电流为\n$$\n{I}_{3} = \\frac{{V}_{\\mathrm{R}}}{R} = \\frac{{V}_{\\mathrm{{GS}}3} - {V}_{\\mathrm{{GS}}4}}{R} \\approx  \\frac{{\\Delta }_{3} - {\\Delta }_{4}}{R} = \\frac{1}{R}\\left( {\\sqrt{\\frac{2{I}_{3}}{{k}_{3}}} - \\sqrt{\\frac{2{I}_{\\mathrm{o}}}{{k}_{4}}}}\\right)  \\tag{3 - 38}\n$$\n![0196aaa2-bbe2-70ee-823d-d4abf5c67805_60_410_1688_765_378_0.jpg](images/0196aaa2-bbe2-70ee-823d-d4abf5c67805_60_410_1688_765_378_0.jpg)\n图 3-19 峰值 (非单调) 型自偏置结构\n在线性电流源的控制下,若 ${I}_{3} = {I}_{4} = {I}_{\\mathrm{o}}$ ,则有\n$$\n\\sqrt{{I}_{3}} = \\frac{\\sqrt{2}}{R}\\left( {\\sqrt{\\frac{1}{{k}_{3}}} - \\sqrt{\\frac{1}{{k}_{4}}}}\\right)  = \\frac{\\sqrt{2}}{R}\\frac{1}{\\sqrt{{k}_{3}}}\\left( {1 - \\sqrt{\\frac{{k}_{3}}{{k}_{4}}}}\\right)  = \\frac{\\sqrt{2}}{R}\\frac{1}{\\sqrt{{k}_{3}}}\\left( {1 - \\sqrt{\\frac{1}{M}}}\\right)  \\tag{3 - 39}\n$$\n式中, $\\mathrm{M} = {\\left( W/L\\right) }_{4}/{\\left( W/L\\right) }_{3} > 1$ ,由此解出\n$$\n{I}_{\\mathrm{o}} = {I}_{3} = \\frac{2{\\left( \\sqrt{M} - 1\\right) }^{2}}{{k}_{3}M{R}^{2}} \\tag{3 - 40}\n$$\n稳定的偏置电路可以提供稳定跨导控制, 即\n$$\n{g}_{\\mathrm{m}} = {k\\Delta } = \\sqrt{2kI} = \\frac{2I}{\\Delta } \\tag{3 - 41}\n$$\n对比单调型自偏置结构的输出电流,两者提供的静态偏置电流关系相同。当增加 ${\\mathrm{M}}_{3}$ 和 ${\\mathrm{M}}_{4}$ 两管的 $W/L$ 并使其均处于亚阈工作状态时,则输出的近似 PTAT 电流为\n$$\n{I}_{\\mathrm{o}} = \\frac{\\Delta {V}_{\\mathrm{{BE}}}}{R} = \\frac{{V}_{\\mathrm{T}}}{R}\\ln M \\tag{3 - 42}\n$$\n从动态控制机制上看,两者瞬态启动过程的控制近似相同。由于 PMOS 线性电流源提供相同的电流比例关系,即 ${I}_{1} \\sim  {I}_{2}$ 为过原点的 ${45}^{ \\circ  }$ 直线, ${I}_{3} \\sim  {I}_{4}$ 的非线性曲线关系能够确保两者之间一定存在一个除原点外唯一的交点 $\\mathrm{A}$ ,该点即为偏置电路的静态工作点。在初始微小电流的启动阶段,电阻上的压降可以忽略,则 ${\\mathrm{M}}_{3}/{\\mathrm{M}}_{4}$ 的 $W/L$ 比例关系决定了电流 ${I}_{3} \\sim  {I}_{4}$ 近似为比例放大关系,其曲线表现为初始斜率大于 ${45}^{ \\circ  }$ ,此时表现为正反馈,启动电流得以增加。随着电流的增加,电阻上的压降增加, ${I}_{3} \\sim  {I}_{4}$ 的电流关系逐渐变为非线性而且其斜率逐步降低,此时反馈控制变为负反馈,导致达到最终的 $\\mathrm{A}$ 点静态点。在静态工作点下, 非线性电流源 ${I}_{3} \\sim  {I}_{4}$ 一定处于负反馈的控制机制,从而确保静态工作点的稳定。\n$K$ 因子倍增型和峰值型两者的动态控制特性和衬底偏置方面存在一定差异。电压偏置的核心内容是提高电流源的等效交流输出阻抗,降低 MOS 二极管的交流输出阻抗,比电阻阻抗分压更易获得较高的稳定控制。\n#### 3.5.6 多路自偏置结构\n将以上双支路互偏置结构的基本原理推广到多支路中,可以通过引入负反馈控制进一步减小电源电压对偏置电流的影响。图 3-20 给出了一种三支路互偏置电路结构,其中 ${\\mathrm{M}}_{6} \\sim$ ${\\mathrm{M}}_{8}\\text{、}{\\mathrm{Q}}_{3}$ 为新增加的一路电流支路,该路电流与原先的偏置电路形成闭环负反馈环路。当电源电压变化时,若 ${\\mathrm{M}}_{\\mathrm{{B6}}}$ 管栅电位减小使 ${V}_{\\mathrm{{GS}}}$ 电压增加,则 ${\\mathrm{M}}_{\\mathrm{S}}$ 栅漏电位下降,使得偏置电路 ${\\mathrm{M}}_{1}$ 和 ${\\mathrm{M}}_{2}$ 的栅电位下降,并使 ${\\mathrm{M}}_{3}$ 的漏即 ${\\mathrm{M}}_{6}$ 的栅电位上升,负反馈降低了以上各节点电压随电源的变化,维持支路电流的稳定。然而,反馈的引入也为偏置电路带来了不稳定因素, ${\\mathrm{M}}_{1}$ 和 ${\\mathrm{M}}_{6}$ 构成了一个两级闭环运放,必须进行补偿,以保证偏置电路的稳定性。这里,通过 MOS 电容 ${\\mathrm{M}}_{13}$ 将主极点设置在第一级放大器 ${\\mathrm{M}}_{1}$ 的输出,从而保证了电路的稳定性。\n附加支路的引入还大大降低了各支路静态电流的失调,若取 ${\\mathrm{M}}_{6}$ 与 ${\\mathrm{M}}_{4}$ 、 ${\\mathrm{M}}_{8}$ 与 ${\\mathrm{M}}_{2}$ 、 ${\\mathrm{Q}}_{2}$ 与 ${\\mathrm{Q}}_{3}$ 各对应器件的尺寸完全相同, ${\\mathrm{M}}_{6}$ 支路将复制 ${\\mathrm{M}}_{4}$ 支路同样大小的电流,则 ${\\mathrm{M}}_{6}$ 管将 ${\\mathrm{M}}_{3}$ 的 ${\\mathrm{V}}_{\\mathrm{{DS}}}$ 电压钳位在 ${\\mathrm{V}}_{\\mathrm{{GS6}}}$ ,与 ${\\mathrm{M}}_{4}$ 近似相同, ${\\mathrm{M}}_{3}$ 和 ${\\mathrm{M}}_{4}$ 以及 ${\\mathrm{M}}_{1}$ 、 ${\\mathrm{M}}_{2}$ 两组电流镜的匹配精度大幅度提高。显然, 以上三支路形成互偏置结构, 输出偏置电流的静态和动态特性相对两支路自偏置结构有明显的提高。\n![0196aaa2-bbe2-70ee-823d-d4abf5c67805_62_343_357_898_564_0.jpg](images/0196aaa2-bbe2-70ee-823d-d4abf5c67805_62_343_357_898_564_0.jpg)\n图 3-20 三路互偏置电路结构\n为进一步提高电路性能, 可将图 3-20 中的普通线性电流源改为宽摆幅的 Cascode 电流镜,构成如图 3-21 所示的偏置电路结构。同时,增加 ${\\mathrm{M}}_{15}$ 一路电流源输出为 $\\mathrm{{NMOS}}$ Cascode 电流镜提供偏置,最终形成 ${V}_{b1} \\sim  {V}_{b4}$ 电压输出的宽摆幅 Cascode 偏置。由于采用多支路互偏置结构,电路的启动更加困难,为保证电路顺利进入设定的静态工作点,必须增加启动电路。有关启动电路的原理和结构设计将在下文专题分析。此外,增加相关数字控制可完成对偏置电路的关闭或正常开启的控制。\n![0196aaa2-bbe2-70ee-823d-d4abf5c67805_62_255_1301_1076_606_0.jpg](images/0196aaa2-bbe2-70ee-823d-d4abf5c67805_62_255_1301_1076_606_0.jpg)\n图 3-21 Cascode 偏置电路图\n当基本的偏置电流产生后,同样可采用多支路互偏形成低压高性能 Cascode 电流偏置。 图 3-22 为一种三支路互偏置的宽摆幅 $\\mathrm{N}/\\mathrm{{PC}}$ ascode 偏置电路,其中 ${\\mathrm{M}}_{18} \\sim  {\\mathrm{M}}_{22}$ 、 ${\\mathrm{M}}_{23} \\sim  {\\mathrm{M}}_{27}$ 工作于线性区,这种偏置方法的优点是偏置电压对衬偏效应不敏感。为使电路中各 MOS 管在温度、工艺角 (Process Corner) 和电源的变化下仍能很好地维持在饱和区, Cascode 结构中靠近 GND 的 NMOS 以及靠近 ${V}_{\\mathrm{{CC}}}$ 的 PMOS,其 ${V}_{\\mathrm{{DS}}}$ 应高出对应 MOS 管的过驱动电压约几十毫伏。启动管 ${\\mathrm{M}}_{5}$ 和 ${\\mathrm{M}}_{14}$ 保证偏置电路建立在所需的工作点,而非零点。在高速电路中,由于寄生电容的耦合影响,偏置电路通常也需要足够的带宽,因此过度地减小偏置电流以降低功耗是不合适的。此外, 为保持电流镜的匹配精度, 线性电流镜的电流复制比例不能过大,通常控制在 $5 : 1$ 的范围以内。\n![0196aaa2-bbe2-70ee-823d-d4abf5c67805_63_361_547_811_797_0.jpg](images/0196aaa2-bbe2-70ee-823d-d4abf5c67805_63_361_547_811_797_0.jpg)\n图 3-22 三支路 Cascode 互偏置结构"
}