{
  "section_num": "4.7",
  "title": "参考文献",
  "start_line": 2999,
  "end_line": 3032,
  "content": "### 4.7 参考文献\n[1] Leung K N, Mok P K T, Leung C Y. A 2-V 23-μA 5. 3-X ${10}^{-6}{/}^{ \\circ  }\\mathrm{C}$ curvature-Compensated CMOS Bandgap Voltage Reference. IEEE J. Solid-State Circuits,2003,38(3) :561 %\n[2] Jiang Y, Lee E K F. Design of Low-Voltage Reference Using Transimpedance Amplifier. IEEE Trans, Circuits and Systems-II,2000, ${47}\\left( 6\\right)  : {552} \\sim  {555}$\n[ 3 ] Giustolisi G, Palumbo G, Criscione M, et al. A Low-Voltage Low-Power Voltage Reference Based on Subthreshold MOSFETs. IEEE J. Solid-State Circuits,2003,38(1) :151 1 1 1 5\n[ 4 ] Leung K N, Mok P K T. A Sub-1-V 15-X10 ${}^{-6}/{}^{ \\circ  }$ C CMOS Bandgap Voltage Reference without Requiring Low Threshold Voltage Device. IEEE J. Solid-State Circuits, 2002, 37(4) :526-530\n[5] Malcovati P, Maloberti F, Fiocchi C, et al. Curvature-Compensated BiCMOS Bandgap with 1-V Supply Voltage. IEEE J. Solid-State Circuits, June 2001, 36(7):1076~1081\n[ 6 ] Boni A. Op-Amp and Startup Circuits for CMOS Bandgap References with Near 1-V Supply. IEEE J. Solid-State Circuits, Oct. 2002, ${37}\\left( {10}\\right)  : {1339} \\sim  {1343}$\n[7] Leung K N, Mok P K T. A CMOS Voltage Reference Based on Weighted $\\Delta {\\mathrm{V}}_{\\mathrm{{GS}}}$ for CMOS Low-\nDropout Linear Regulators. IEEE J. Solid-State Circuits,2003,38(1) :146 (150\n[ 8 ] Tham K M, Nagaraj K. A low supply Voltage High PSRR Voltage Reference in CMOS Process. IEEE J. Solid-State Circuits,1995,30(5) :586 %\n[ 9 ] Chen J W, Shi B X. 1 V CMOS Current Reference with ${50} \\times  {10}^{-6}/{}^{ \\circ  }\\mathrm{C}$ Temperature Coefficient. Electronics Letters, 2003, 39(2):209~210\n[10] Fotouhi B, All-MOS Voltage-to-Current Converter. IEEE J. Solid-State Circuits, 2001, 36(1): 147 ~151\n[11] Dehghani R, Atarodi S M. A Novel, Low Voltage, Precision CMOS Current Reference with No External Components. IEEE ICECS, 2003, 156%~159\n[12] Fiori F, Crovetti P S. A New Compact Temperature-Compensated CMOS Current Reference, IEEE Trans. Circuits and Systems-II, 2005, 52(11):724~728\n[13] 吴金, 刘桂芝, 张麟. CMOS 亚阈型带隙电压基准的分析与设计. 固体电子学研究与进展, 2005, 25 (3): ${375} \\sim  {384}$\n[14] 姚建楠, 吴金, 黄晶生. 一种 CMOS 低压带隙基准电路的分析与设计. 微电子学与计算机, 2006, 23 (11): ${81} \\sim  {83}$\n## 第 5 章 线性放大电路"
}