{
  "section_num": "9.3",
  "title": "两级放大器频率补偿结构",
  "start_line": 7017,
  "end_line": 7492,
  "content": "### 9.3 两级放大器频率补偿结构\n在多级运放内部存在局部反馈和前馈,这种反馈和前馈可以是无源网络,也可以是有源网络。两级运放采用基于极点分离的 Miller 电容补偿,由于仅存在两个极点且充分分离, 一定是 LHP 实极点,在控制零点具有 LHP 性质的条件下,控制 GBW 于次极点的 $1/2$ 处, 即可满足稳定性要求。\n根据对两级以上增益电路详细的频率特性分析, 在满足 Miller 电容补偿要求的基本限制下,根据零、极点控制的相关要求,总结出几类基本的补偿结构及其依据的基本原理、补偿特点和适用范围等,并根据实际需求合理选择各类方法,或采用各种组合方式的补偿结构, 获得最理想的频率补偿效果。\n高频下闭环系统的不稳定性是由主次极点之间相互位置关系的配置不恰当而造成, 频率补偿的目的就是通过特定的方式调整或重新配置极点间的相互位置关系, 即改变 NDP 值。以调制 NDP 为主要目的的频率补偿结构所采用的技术路径主要有:\n(1)主次极点分离技术；\n(2)LHP 零点与极点的抵消技术；\n(3)LHP 零点对相位移的补偿技术,提供超前相位部分抵消迟滞相位。\n为实现以上频率补偿的基本方案,可采用以下具体的技术措施或步骤:\n(1)压缩主极点 ${p}_{1}$ ,通常采用 Miller 电容补偿的方式实现主极点的大幅压缩。在特定的低频增益条件下,单位带宽增益 $\\mathrm{{GBW}}$ 相应降低,使高频次极点更容易设置在 $\\mathrm{{GBW}}$ 以外。\n(2)扩展各非主极点 ${p}_{2}$ 、 ${p}_{3}$ , Miller 电容补偿同样对扩展高频次极点十分有效。根据与 ${p}_{3}$ 和零点的相互关系,最低次极点的 NDP 值取 $1 \\sim  2$ ,以获得必需的相位裕度。\n(3)引入接近 ${p}_{2}$ 的有效高频次极点 ${p}_{3}$ ,并考虑零点的影响,满足 ${p}_{2} + {p}_{3} > {3.2}\\mathrm{{GBW}}$ 的条件,实现 $- {10}\\mathrm{\\;{dB}}$ 增益裕度。\n下面重点分析两级增益电路中依据以上原理频率补偿的各类基本结构。\n#### 9.3.1 并联电容补偿结构\n并联电容补偿可视为 Miller 电容补偿的等效方式, 在第一级增益的输出结点引入一大的并联补偿电容,以压缩主极点 ${p}_{1}$ ,而系统输出次极点因不受影响而保持不变。因此,并联补偿的主次极点分离效果远不如 Miller 电容补偿,所需的补偿电容占用面积大,不利于系统集成, 补偿电容的利用效率低, 但并联补偿避免了 Miller 补偿中 RHP 零点的引入。并联补偿结构及其对主极点的压缩效应如图 9-1 所示。\n![0196aaa2-bbe2-70ee-823d-d4abf5c67805_256_251_265_1095_369_0.jpg](images/0196aaa2-bbe2-70ee-823d-d4abf5c67805_256_251_265_1095_369_0.jpg)\n图 9-1 并联电容的主极点压缩补偿\n#### 9.3.2 简单 Miller 电容补偿——SMC\n未经补偿的两级运放理论上的附加相位移极限为 ${180}^{ \\circ  }$ ,相位裕度为 ${0}^{ \\circ  }$ 。为达到 ${60}^{ \\circ  }$ 相位裕量的基本要求,引入常规的 Miller 电容 ${C}_{\\mathrm{m}}$ 补偿,该电容跨接运放电路中输出级的输入和输出之间,基本的 Miller 补偿结构及对主次极点的分离作用如图 9-2 所示。电容 ${C}_{\\mathrm{m}}$ 对系统传递函数引入一个 RHP 零点 ${z}_{1}$ ,并将原来的两个极点重新定位在 ${p}_{1}^{\\prime }$ 和 ${p}_{2}^{\\prime }$ 。通过较小的 Miller 电容可实现主次极点的显著分离。补偿电容的效率高,但引入 RHP 零点。Miller 电容补偿对基本电路的极点分布关系有一定的限制和要求,即初始的极点应满足 ${p}_{2} > {p}_{1}$ 的条件, 才能实现 Miller 电容最大的补偿效果, 其开环增益近似为\n$$\n{A}_{\\mathrm{{SMC}}}\\left( s\\right)  = \\frac{{g}_{\\mathrm{{ml}}}{R}_{1}{g}_{\\mathrm{{mL}}}{R}_{\\mathrm{L}}\\left( {1 - s{C}_{\\mathrm{m}}/{g}_{\\mathrm{{mL}}}}\\right) }{\\left( {1 + s{C}_{\\mathrm{m}}{g}_{\\mathrm{{mL}}}{R}_{1}{R}_{\\mathrm{L}}}\\right) \\left( {1 + s\\left( {{C}_{1} + {C}_{\\mathrm{L}}}\\right) /{g}_{\\mathrm{{mL}}}}\\right) } \\tag{9 - 36}\n$$\n![0196aaa2-bbe2-70ee-823d-d4abf5c67805_256_223_1285_1154_430_0.jpg](images/0196aaa2-bbe2-70ee-823d-d4abf5c67805_256_223_1285_1154_430_0.jpg)\n图 9-2 Miller 电容对主极点的压缩和对次极点的扩展\n当运放输出级不存在 ${C}_{\\mathrm{m}}$ 耦合电容时,则两级运放的原始极点分别近似为 $1/{R}_{1}{C}_{1}$ 和 $1/{R}_{\\mathrm{L}}{C}_{\\mathrm{L}}$ ,两者近似为同一数量级。对于两级增益的 Miller 电容补偿,其主次极点一定是分离的,如图 9-2(b) 所示。当 ${C}_{\\mathrm{m}}$ 起作用后,第一级输出极点由于等效电容增大 ${A}_{\\mathrm{V}2}{C}_{\\mathrm{m}}$ 倍,则极点被压缩 ${A}_{\\mathrm{V}2}$ 倍,成为低频主极点。当 $\\mathrm{{GBW}} < {p}_{2}^{\\prime }$ 时,一定有 $\\mathrm{{GBW}} = {A}_{0}{p}_{1}^{\\prime }$ 。在 $\\omega  \\gg  {p}_{1}^{\\prime }$ 频率下,若新的 ${p}_{1}^{\\prime }$ 和 ${p}_{2}^{\\prime }$ 极点仍以 ${p}_{1}$ 与 ${p}_{2}$ 表示,则开环传递函数为\n$$\nA\\left( s\\right)  = \\frac{1 - s/{z}_{1}}{\\left( {{A}_{0}^{-1} + s/{A}_{0}{p}_{1}}\\right) \\left( {1 + s/{p}_{2}}\\right) } \\approx  \\frac{1 - s/{z}_{1}}{\\left( {s/\\mathrm{{GBW}}}\\right) \\left( {1 + s/{p}_{2}}\\right) } \\tag{9 - 37}\n$$\n根据基本 Miller 电容补偿结构两级 CS 增益的传递函数,求出补偿后的极点分别为\n$$\n{p}_{1} \\approx  \\frac{1}{\\left( {{g}_{\\mathrm{{mL}}}{R}_{\\mathrm{L}}}\\right) {C}_{\\mathrm{m}}{R}_{1}}\n$$\n(9 - 38 - a)\n$$\n{p}_{2} \\approx  \\frac{{g}_{\\mathrm{{mL}}}{C}_{\\mathrm{m}}}{{C}_{1}{C}_{\\mathrm{m}} + {C}_{\\mathrm{L}}{C}_{\\mathrm{m}} + {C}_{1}{C}_{\\mathrm{L}}} \\approx  \\frac{{g}_{\\mathrm{{mL}}}}{{C}_{1} + {C}_{\\mathrm{L}}}\n$$\n(9 - 38 - b)\n$\\mathrm{{RHP}}$ 零点形成的原因是 ${C}_{\\mathrm{m}}$ 前馈通道电流对放大管电流的补偿抵消作用。在基本 SMC 结构中,前馈通路中的 Miller 电容在高频下形成的前馈电流提供输出 MOS 管的栅控 ${g}_{\\mathrm{m}}$ 电流,使输出到负载上的电流为零,形成零点频率。电容电流流入 ${g}_{\\mathrm{{mL}}}$ 管,形成 $\\mathrm{{RHP}}$ 零点。零点频率和运放的单位增益带宽分别为\n$$\n{z}_{1} = \\frac{{g}_{\\mathrm{{mL}}}}{{C}_{\\mathrm{m}}},\\mathrm{{GBW}} = \\left| {{p}_{1}{A}_{\\mathrm{v}}\\left( 0\\right) }\\right|  \\approx  \\frac{{g}_{\\mathrm{{ml}}}{g}_{\\mathrm{{ml}}}{R}_{1}{R}_{\\mathrm{L}}}{{g}_{\\mathrm{{mL}}}{R}_{1}{R}_{\\mathrm{L}}{C}_{\\mathrm{m}}} = \\frac{{g}_{\\mathrm{m}1}}{{C}_{\\mathrm{m}}} \\tag{9 - 39}\n$$\n对于输出级极点,表现为 ${C}_{\\mathrm{m}}$ 使输出级近似短路后的输出阻抗 $1/{g}_{\\mathrm{{mL}}}$ 与负载 ${C}_{\\mathrm{L}}$ 并联形成,而短路的假设只在高频下才成立。实际上,在任何频率下 Miller 电容形成的输出极点都保持以上结果不变。考虑任何频率都存在的 ${C}_{\\mathrm{{GS}}}$ 电容与 ${C}_{\\mathrm{m}}$ 电容的耦合作用,输出信号耦合到本级增益输入端的分量为\n$$\n\\frac{{V}_{\\mathrm{G}}}{{V}_{\\mathrm{D}}} = \\frac{1}{{V}_{\\mathrm{D}}}{V}_{\\mathrm{D}}\\frac{\\left( {C}_{\\mathrm{m}} + {C}_{\\mathrm{{GD}}}\\right) }{\\left( {{C}_{\\mathrm{m}} + {C}_{\\mathrm{{GD}}}}\\right)  + {C}_{\\mathrm{{GS}}}} \\approx  \\frac{1}{1 + {C}_{\\mathrm{{GS}}}/{C}_{\\mathrm{m}}} \\tag{9 - 40}\n$$\n式中, ${V}_{\\mathrm{G}}$ 、 ${V}_{\\mathrm{D}}$ 分别为 MOS 管栅压和漏电压。\n显然,在 ${C}_{\\mathrm{m}} \\gg  {C}_{\\mathrm{{GS}}}$ 的条件下,该条件通常均成立,则无论频率如何, ${C}_{\\mathrm{m}}$ 的作用都使 ${V}_{\\mathrm{G}} = {V}_{\\mathrm{D}}$ ,等效于输出管 $\\mathrm{{GD}}$ 短路的 $\\mathrm{{MOS}}$ 二极管 (与频率和负载 ${\\mathrm{C}}_{\\mathrm{L}}$ 无关)管,其输出端看到的阻抗变为 ${R}_{1}//\\left( {1/{g}_{\\mathrm{{mL}}}}\\right) //{R}_{\\mathrm{L}} \\approx  1/{g}_{\\mathrm{{mL}}}$ ,即阻抗降低使 ${p}_{2}$ 极点扩展。\n此外,对于 Miller 电容补偿结构, GBW $< {p}_{2}$ 的次极点限制有深刻物理意义。在 ${p}_{2}$ 极点频率下,输出级可视为短路,因此两级运放低频与高频下极性反相变化一次。简单地说, 对应于原来的低频负反馈变成 ${p}_{2}$ 点下的正反馈,而 $\\mathrm{{GBW}} < {p}_{2}$ 正是保证正反馈发生在单位增益点之后的条件, 进入正反馈后增益迅速衰减, 确保所需要的相位裕度。需要说明的是, 主极点 ${p}_{1}$ 得到 $\\mathrm{{GBW}}$ 的假设,要求所有次极点均大于 $\\mathrm{{GBW}}$ ,这样由 ${p}_{1}$ 与低频增益乘积得到的 GBW 才比较准确。根据 GBW 的定义,在 ${p}_{1}$ 和 GBW 频段之间只存在一个主极点 ${p}_{1}$ , 增益的幅频特性在 $f > {p}_{1}$ 后以 $- {20}\\mathrm{\\;{dB}}$ 的斜率下降,则 $f$ 下降到 $0\\mathrm{\\;{dB}}$ 增益所对应的 $\\mathrm{{GBW}}$ 频率为\n$$\n\\mathrm{{GBW}} = {10}^{\\log {A}_{\\mathrm{V}0}}{p}_{1} = {A}_{\\mathrm{V}0}{p}_{1} \\tag{9 - 41}\n$$\n若次极点频率 ${p}_{2}$ 位于 ${A}_{{\\mathrm{V}}_{0}}{p}_{1}$ 频率之前,则实际的 $\\mathrm{{GBW}}$ 比上式结果大幅度减小。稳定运放必须满足 $\\mathrm{{GBW}} < {p}_{2}$ 的条件,与相位裕度的约束条件要求一致。由 ${g}_{\\mathrm{{ml}}}/{C}_{\\mathrm{m}} < {g}_{\\mathrm{{mL}}}/{C}_{\\mathrm{L}}$ , 得到 ${C}_{\\mathrm{m}} \\gg  \\left( {{g}_{\\mathrm{{ml}}}/{g}_{\\mathrm{{mL}}}}\\right) {C}_{\\mathrm{L}}$ 的结果,同时 ${C}_{\\mathrm{m}} > {C}_{\\mathrm{{GS}}}$ 的要求亦可满足。在 ${C}_{\\mathrm{m}} \\ll  {C}_{\\mathrm{L}}$ 的条件下, $\\mathrm{{RHP}}$ 零点频率远高于 ${p}_{2}$ ,可忽略。因此,若 ${g}_{\\mathrm{{ml}}} \\ll  {g}_{\\mathrm{{mL}}}$ ,选取适中的电容,既可满足 $\\mathrm{{GBW}} <$ ${p}_{2}$ 的极点补偿要求,亦可满足 ${z}_{1} \\gg  {p}_{2}$ 的 RHP 零点限制要求。\nLHP 极点和 RHP 零点对传递函数相位移的影响相同, ${p}_{2} \\gg  {p}_{1}\\text{、}{z}_{1} > {p}_{2}$ 的关系明显成立,现进一步考察相位裕度对零极点关系的定量要求。为减小 ${z}_{1}$ 零点的不利影响, ${z}_{1}$ 应足够大,设 ${z}_{1}/\\mathrm{{GBW}} > {10}$ ,即 ${g}_{\\mathrm{{mL}}}/{g}_{\\mathrm{{ml}}} > {10}$ ,则在 $\\mathrm{{GBW}}$ 频率点下 $\\mathrm{{RHP}}$ 零点的相位滞后为 ${\\phi }_{z}$ $= \\arctan \\left( {\\mathrm{{GBW}}/{z}_{1}}\\right)  \\leq  \\arctan \\left( {0.1}\\right)  \\approx  {5.7}^{ \\circ  }$ 。这样, ${60}^{ \\circ  }$ 的相位裕度留给 ${p}_{2}$ 极点的最大相位移为 ${\\phi }_{\\mathrm{p}2} = \\arctan \\left( {\\mathrm{{GBW}}/{p}_{2}}\\right)  \\leq  {180}^{ \\circ  } - {60}^{ \\circ  } - \\left( {{90}^{ \\circ  } + {5.7}^{ \\circ  }}\\right)  \\approx  {24.3}^{ \\circ  }$ 。\n显然,要求相位裕度越大,或零点 ${z}_{1}$ 越靠近 $\\mathrm{{GBW}}$ ,则允许的 ${\\phi }_{\\mathrm{p}2}$ 值越小,对应的 ${p}_{2}/$ GBW 比值越大。在大负载 ${C}_{\\mathrm{L}}$ 下,这是一件越来越难达成的控制状态。在以上条件下,由于 $\\tan {\\phi }_{\\mathrm{p}2} = \\mathrm{{GBW}}/{p}_{2}$ ,则 ${p}_{2} = \\mathrm{{GBW}}\\cot {\\phi }_{\\mathrm{p}2} \\approx  {2.2}\\mathrm{{GBW}}$ 。\n在 RHP 无穷远的条件下, ${\\phi }_{\\mathrm{p}2} = {30}^{ \\circ  }$ 由于 $\\tan {30}^{ \\circ  } = {0.5773}$ ,只需 ${p}_{2} = {1.73}\\mathrm{{GBW}}$ 。可见, ${\\phi }_{z}$ 越大,或相位裕度 $\\mathrm{{PM}}$ 越小, ${p}_{2}$ 越接近 $\\mathrm{{GBW}}$ ,或 ${p}_{2}$ 下降时导致 $\\mathrm{{PM}}$ 减小。因此为保持额定的 $\\mathrm{{PM}}$ 需提高 $\\mathrm{{RHP}}$ 零点 $z$ ,或改变其性质,由 $\\mathrm{{RHP}}$ 转变为 $\\mathrm{{LHP}}$ 零点。在次极点 ${p}_{2}$ 满足两倍以上 GBW 的条件下, 所需的补偿电容与相位裕度 PM 决定的距离因子 NDP 有关, 即\n$$\n\\frac{{p}_{2}}{\\mathrm{{GBW}}} = \\mathrm{{NDP}} = \\frac{{C}_{\\mathrm{m}}}{{g}_{\\mathrm{{ml}}}}\\frac{{g}_{\\mathrm{{mL}}}}{{C}_{1} + {C}_{\\mathrm{L}}} = \\frac{{g}_{\\mathrm{{mL}}}}{{g}_{\\mathrm{{ml}}}}\\frac{{C}_{\\mathrm{m}}}{{C}_{1} + {C}_{\\mathrm{L}}} \\tag{9 - 42}\n$$\n变换后得到与负载、跨导比和 NDP 因子有关的 Miller 补偿电容为\n$$\n{C}_{\\mathrm{m}} \\geq  \\mathrm{{NDP}}\\frac{{g}_{\\mathrm{{ml}}}}{{g}_{\\mathrm{{mL}}}}\\left( {{C}_{1} + {C}_{\\mathrm{L}}}\\right)  \\approx  \\mathrm{{NDP}}\\left( \\frac{{g}_{\\mathrm{{ml}}}}{{g}_{\\mathrm{{mL}}}}\\right) {C}_{\\mathrm{L}} \\tag{9 - 43}\n$$\n因此,在 $\\mathrm{{PM}} = {60}^{ \\circ  }$ 的相位裕度下, $\\mathrm{{NDP}} \\approx  {2.2}$ ,若 ${g}_{\\mathrm{{ml}}}/{g}_{\\mathrm{{mL}}} = {0.1}$ ,则近似有\n$$\n{C}_{\\mathrm{m}} \\approx  \\mathrm{{NDP}}\\left( \\frac{{g}_{\\mathrm{{m1}}}}{{g}_{\\mathrm{{mL}}}}\\right) {C}_{\\mathrm{L}} \\approx  {0.22}{C}_{\\mathrm{L}},\\mathrm{{GBW}} = \\frac{{g}_{\\mathrm{{m1}}}}{{C}_{\\mathrm{m}}} = \\frac{1}{\\mathrm{{NDP}}}\\frac{{g}_{\\mathrm{{mL}}}}{{C}_{\\mathrm{L}}} \\tag{9 - 44}\n$$\nMiller 电容补偿的两级增益与输出级单级增益间的 GBW 带宽关系为\n$$\n\\frac{{\\mathrm{{GBW}}}_{1}}{{\\mathrm{{GBW}}}_{2}} \\approx  \\frac{{g}_{\\mathrm{{mL}}}/{C}_{\\mathrm{L}}}{{p}_{2}/\\mathrm{{NDP}}} = \\mathrm{{NDP}}\\frac{{g}_{\\mathrm{{mL}}}}{{C}_{\\mathrm{L}}}\\frac{{C}_{\\mathrm{L}}}{{g}_{\\mathrm{{mL}}}} = \\mathrm{{NDP}} \\tag{9 - 45}\n$$\n对于两级 Miller 电容补偿的运放, 在存在 RHP 零点的条件下, 有如下基本设计约束条件:\n(1)后级跨导应是前级跨导的 10 倍以上。若静态偏置电流后级为前级的 10 倍,则放大管的 $W/L$ 也应比前级增加 10 倍以上。\n(2)补偿电容 ${C}_{\\mathrm{m}}$ 不能太小,否则过高的 GBW 无法满足相位裕度的要求,即 ${C}_{\\mathrm{m}} >$ ${0.22}{C}_{2} = {0.22}{C}_{\\mathrm{L}}$ 。由于 ${C}_{\\mathrm{m}}$ 无法改变,当负载电容增加时,稳定性变差,系统稳定状态下负载电容存在上限限制,因此 ${C}_{\\mathrm{m}}$ 设计应留有一定的余量。\n(3)基于简单 Miller 电容补偿设计的 OP 为条件稳定,负载电容越大,所需的补偿电容也越大,当负载电容增加到使 ${p}_{2} \\ll  {p}_{1}$ 并变为主极点时, Miller 电容补偿结构不再有效。\n#### 9.3.3 串联调节电阻 Miller 电容补偿——SMCNR\nSMCNR 补偿是对基本 SMC 补偿的一种改进方法。Miller 补偿电容串联一个调节电阻后, 改变了前馈网络电抗的相位特性, 使短路作用减弱。如图 9-3, 图 9-4 所示。通常, 串联电阻对零点和极点都有影响,但对极点的影响均可被忽略。\n![0196aaa2-bbe2-70ee-823d-d4abf5c67805_259_96_309_615_319_0.jpg](images/0196aaa2-bbe2-70ee-823d-d4abf5c67805_259_96_309_615_319_0.jpg)\n图 9-3 串联调节电阻 Miller 电容补偿结构\n![0196aaa2-bbe2-70ee-823d-d4abf5c67805_259_741_257_696_367_0.jpg](images/0196aaa2-bbe2-70ee-823d-d4abf5c67805_259_741_257_696_367_0.jpg)\n图 9-4 串联调节电阻 Miller 电容补偿两级运放\n若主极点近似成立, ${p}_{1} \\ll  {p}_{2},{p}_{1} \\ll  {p}_{3}$ ,且 ${p}_{2} < {p}_{3}$ ,则主极点为\n$$\n{p}_{1} = \\frac{1}{{A}_{\\mathrm{v}2}{C}_{\\mathrm{m}}\\left( {{R}_{\\mathrm{m}}/{A}_{\\mathrm{v}2} + {R}_{1}}\\right) } = \\frac{1}{{C}_{\\mathrm{m}}\\left( {{R}_{\\mathrm{m}} + {g}_{\\mathrm{{mL}}}{R}_{\\mathrm{L}}{R}_{1}}\\right) } \\tag{9 - 46}\n$$\n两个次极点和前馈零点分别为\n$$\n{p}_{2} \\approx  \\frac{{g}_{\\mathrm{{mL}}}}{{C}_{1} + {C}_{\\mathrm{L}}},{p}_{3} \\approx  \\frac{1}{{R}_{\\mathrm{m}}{C}_{1}}\n$$\n(9 - 47 - a)\n$$\nz = \\frac{1}{{C}_{\\mathrm{m}}\\left( {{R}_{\\mathrm{m}} - 1/{g}_{\\mathrm{{mL}}}}\\right) }\n$$\n(9 - 47 - b)\n电阻 ${R}_{\\mathrm{m}}$ 选取有多种策略。一种是消除原来的 RHP 零点,因此取 ${R}_{\\mathrm{m}} = 1/{g}_{\\mathrm{{mL}}}$ 可使原来的 $z = {g}_{\\mathrm{{mL}}}/{C}_{\\mathrm{m}}\\mathrm{{RHP}}$ 零点消失,在此补偿策略下该零点被外推到无穷远,其影响完全可以忽略。此时 $\\mathrm{{PM}} = {60}^{ \\circ  }$ 对应的 $\\mathrm{{NDP}} = \\cot \\left( \\mathrm{{PM}}\\right)  = \\sqrt{3} \\approx  {1.73}$ 。考虑到 ${g}_{\\mathrm{m}}$ 或 ${R}_{\\mathrm{m}}$ 参数的漂移,这种基于零点消除的补偿方法将产生偏差, 形成很大的 LHP 或 RHP 零点, 这种零点的变化对电路高频特性的一致性产生影响。\n当 ${R}_{\\mathrm{m}} > 1/{g}_{\\mathrm{m}}$ ,零点的性质由 $\\mathrm{{RHP}}$ 变为 $\\mathrm{{LHP}}$ ,即 $z \\approx  1/\\left( {{R}_{\\mathrm{m}}{C}_{\\mathrm{m}}}\\right)$ 。因此,另一种补偿策略是增加 ${R}_{\\mathrm{m}}$ 电阻使前馈零点成为稳定的 LHP 零点并至少位于 $2\\mathrm{{GBW}}$ 处,一方面用于提供小于 ${45}^{ \\circ  }$ 的超前相位以补偿极点的相位迟滞,另一方面较高 $\\mathrm{{LHP}}$ 零点也抑制其对 $\\mathrm{{GM}}$ 的不利影响, 由 ${z}^{-1} = \\left( {{R}_{\\mathrm{m}} - 1/{g}_{\\mathrm{{mL}}}}\\right) {C}_{\\mathrm{m}} \\approx  {C}_{\\mathrm{m}}/\\left( {2{g}_{\\mathrm{{ml}}}}\\right)$ 的条件,由此解出 ${R}_{\\mathrm{m}} = 1/\\left( {2{g}_{\\mathrm{{ml}}}}\\right)  + 1/{g}_{\\mathrm{{mL}}}$ 。\n采用 LHP 零点补偿,降低了 $\\mathrm{{PM}} = {60}^{ \\circ  }$ 相位裕度下 $\\mathrm{{NDP}} = {2.2}$ 的系数,等效增加了 ${g}_{\\mathrm{{mL}}}$ 的值,使 ${g}_{\\mathrm{{mL}}}/{g}_{\\mathrm{{ml}}}$ 降低, ${C}_{\\mathrm{m}}$ 亦可减小,带宽增加。其内在原因在于: 当 LHP 零点与 ${p}_{2}$ 极点相互接近时,可消除 ${p}_{2}$ 的作用,使更大的 ${p}_{3}$ 极点成为决定 GBW 的次极点, GBW 可由此提高。即使 $z$ 无法完全抵消 ${p}_{2}$ 极点,但仍有利于改善相位裕度。显然,基于对 $\\mathrm{{LHP}}$ 控制的零点补偿相对于 $\\mathrm{{RHP}}$ 零点消除的补偿有较大优势,对 ${g}_{\\mathrm{{ml}}} \\gg  {g}_{\\mathrm{{ml}}}$ 的约束条件要求降低,此时通常只需满足 ${g}_{\\mathrm{{ml}}} > {g}_{\\mathrm{{ml}}}$ ,并使补偿电阻 ${R}_{\\mathrm{m}}$ 增大,而 ${g}_{\\mathrm{{ml}}}$ 的相对减小降低了输出级的功耗。精确控制零点 $z$ 或 ${R}_{\\mathrm{m}}$ 的位置依赖于对系统各主次极点的精确估算和设计。\n${R}_{\\mathrm{m}}$ 电阻等效到输入端,阻抗减小 ${A}_{\\mathrm{v}2}$ 倍,则 ${R}_{\\mathrm{m}}$ 对主极点的影响可以忽略,主极点保持 ${p}_{1} \\approx  1/\\left( {{g}_{\\mathrm{{mL}}}{R}_{1}{R}_{\\mathrm{L}}{C}_{\\mathrm{m}}}\\right)$ 。\n${C}_{\\mathrm{m}}$ 、 ${C}_{\\mathrm{{GS}}}$ 在高频下短路,则 ${R}_{\\mathrm{m}}$ 对次极点的影响由 ${R}_{\\mathrm{m}}$ 与 $1/{g}_{\\mathrm{{mL}}}$ 的并联结构决定, ${R}_{\\mathrm{m}}$ 与 ${R}_{1}$ 的分压调制 $1/{g}_{\\mathrm{{mL}}}$ 输出阻抗,即 ${V}_{\\mathrm{{GS}}} = {V}_{\\mathrm{o}}{R}_{1}/\\left( {{R}_{1} + {R}_{\\mathrm{m}}}\\right) ,{r}_{\\mathrm{o}} = \\left\\lbrack  {\\left( {{R}_{1} + {R}_{\\mathrm{m}}}\\right) /{R}_{1}}\\right\\rbrack  \\partial {V}_{\\mathrm{{in}}}/\\partial {I}_{\\mathrm{{DS}}} =$ $\\left( {{R}_{1} + {R}_{\\mathrm{m}}}\\right) /\\left( {{R}_{1}{g}_{\\mathrm{m}}}\\right)$ ,则等效输出阻抗为\n$$\n{R}_{\\mathrm{{eff}}} = \\frac{1}{{g}_{\\mathrm{{mL}}}{R}_{1}/\\left( {{R}_{1} + {R}_{\\mathrm{m}}}\\right)  + 1/{R}_{\\mathrm{L}}} = \\frac{\\left( {{R}_{1} + {R}_{\\mathrm{m}}}\\right) {R}_{\\mathrm{L}}}{{R}_{\\mathrm{m}} + {R}_{1} + {g}_{\\mathrm{{mL}}}{R}_{\\mathrm{L}}{R}_{1}} \\approx  \\frac{\\left( {{R}_{1} + {R}_{\\mathrm{m}}}\\right) {R}_{\\mathrm{L}}}{{R}_{\\mathrm{m}} + {g}_{\\mathrm{{mL}}}{R}_{\\mathrm{L}}{R}_{1}}\n$$\n(9 - 48)\n当 ${R}_{\\mathrm{m}} = 0$ 自然退化到原有的 ${R}_{\\mathrm{{eff}}} = 1/{g}_{\\mathrm{{mL}}}$ 的关系, ${R}_{\\mathrm{m}} \\gg  {R}_{1}$ 时, ${R}_{\\mathrm{{eff}}} \\approx  {R}_{\\mathrm{L}}$ 。为保证 ${R}_{\\mathrm{m}}$ 的引入对极点的影响降至最小,并同时满足 LHP 的零点要求,补偿电阻的范围为 $1/{g}_{\\mathrm{{mL}}} < {R}_{\\mathrm{m}} < {R}_{1}/{10}$ ,在此条件下主次极点基本保持不变。实际上,当考虑结点电容在高频下的影响后, 以上两级增益系统升级为三阶系统, 电路传递函数的完整表达式为\n$$\nA\\left( s\\right)  = {g}_{\\mathrm{{ml}}}{g}_{\\mathrm{{mL}}}{r}_{\\mathrm{o}1}{r}_{\\mathrm{o}2}\\frac{1 - s{C}_{\\mathrm{m}}\\left( {1/{g}_{\\mathrm{{mL}}} - {R}_{\\mathrm{m}}}\\right) }{1 + {b}_{1}s + {b}_{2}{s}^{2} + {b}_{3}{s}^{3}} \\approx  \\frac{{A}_{\\mathrm{o}}\\left( {1 - s/z}\\right) }{\\left( {1 + {b}_{1}s}\\right) \\left( {1 + {b}_{2}s/{b}_{1} + {b}_{3}{s}^{2}/{b}_{1}}\\right) }\n$$\n(9 - 49)\n式中各系数与结构参数的关系为\n$$\n{b}_{1} = {R}_{1}\\left( {{C}_{1} + {C}_{\\mathrm{m}}}\\right)  + {R}_{2}\\left( {{C}_{\\mathrm{L}} + {C}_{\\mathrm{m}}}\\right)  + {g}_{\\mathrm{{mL}}}{R}_{1}{R}_{\\mathrm{L}}{C}_{\\mathrm{m}} + {R}_{\\mathrm{m}}{C}_{\\mathrm{m}} \\tag{9-50}\n$$\n$$\n{b}_{2} = {R}_{1}{R}_{2}\\left( {{C}_{1}{C}_{\\mathrm{L}} + {C}_{1}{C}_{\\mathrm{m}} + {C}_{\\mathrm{L}}{C}_{\\mathrm{m}}}\\right)  + {R}_{\\mathrm{m}}{C}_{\\mathrm{m}}\\left( {{R}_{1}{C}_{1} + {R}_{\\mathrm{L}}{C}_{\\mathrm{L}}}\\right)  \\tag{9 - 51}\n$$\n$$\n{b}_{3} = {R}_{1}{R}_{\\mathrm{L}}{R}_{\\mathrm{m}}{C}_{1}{C}_{\\mathrm{L}}{C}_{\\mathrm{m}} \\tag{9 - 52}\n$$\n采用主极点近似可以得到以上零极点函数的近似关系。由通常条件下主极点近似均能成立,设 ${C}_{1} = {C}_{\\text{gsL }}$ ,则以上传递函数可简化为\n$$\nA\\left( s\\right)  \\approx  \\frac{{A}_{0}}{\\left( 1 + s/{p}_{1}\\right) }\\frac{1 + s{C}_{\\mathrm{m}}\\left( {{R}_{\\mathrm{m}} - 1/{g}_{\\mathrm{{mL}}}}\\right) }{1 + s\\frac{1}{{g}_{\\mathrm{{mL}}}}\\frac{{C}_{\\mathrm{{gsL}}}{C}_{\\mathrm{L}} + {C}_{\\mathrm{{gsL}}}{C}_{\\mathrm{m}} + {C}_{\\mathrm{m}}{C}_{\\mathrm{L}}}{{C}_{\\mathrm{m}}} + {s}^{2}{R}_{\\mathrm{m}}\\frac{1}{{g}_{\\mathrm{{mL}}}}{C}_{\\mathrm{{gsL}}}{C}_{\\mathrm{L}}} \\tag{9 - 53}\n$$\nLHP 零点补偿的一个特例是将零点放置在某一高频极点处,实现 $z - p$ 抵消。这里,当高频极点选择为输出级极点 ${p}_{2} = {g}_{\\mathrm{{mL}}}/{G}_{\\mathrm{L}}$ 时,则有\n$$\n\\frac{1}{\\left( {{R}_{\\mathrm{m}} - 1/{g}_{\\mathrm{{mL}}}}\\right) {C}_{\\mathrm{m}}} \\approx  \\frac{{g}_{\\mathrm{{mL}}}}{{C}_{\\mathrm{L}}} \\tag{9 - 54}\n$$\n$z - p$ 抵消所需的电阻为\n$$\n{R}_{\\mathrm{m}} = \\frac{1}{{g}_{\\mathrm{{mL}}}}\\left( {1 + \\frac{{C}_{\\mathrm{L}}}{{C}_{\\mathrm{m}}}}\\right)  = \\frac{1}{{g}_{\\mathrm{{mL}}}} + \\frac{{C}_{\\mathrm{L}}}{{C}_{\\mathrm{m}}}\\frac{1}{{g}_{\\mathrm{{mL}}}} \\tag{9 - 55}\n$$\n在以上 ${R}_{\\mathrm{m}}$ 补偿的主极点以上频率下,系统高频开环传递函数简化为\n$$\nA\\left( s\\right)  \\approx  \\frac{\\mathrm{{GBW}}}{s}\\frac{1 + s{C}_{\\mathrm{L}}/{g}_{\\mathrm{{mL}}}}{1 + s\\left\\lbrack  {\\frac{{C}_{\\mathrm{L}}}{{g}_{\\mathrm{{mL}}}} + \\frac{{C}_{\\mathrm{{gsL}}}\\left( {{C}_{\\mathrm{L}} + {C}_{\\mathrm{m}}}\\right) }{{g}_{\\mathrm{{mL}}}{C}_{\\mathrm{m}}}}\\right\\rbrack   + {s}^{2}\\frac{{C}_{\\mathrm{L}}}{{g}_{\\mathrm{{mL}}}}\\left( {\\frac{{C}_{\\mathrm{{gsL}}}}{{g}_{\\mathrm{{mL}}}}\\frac{{C}_{\\mathrm{m}} + {C}_{\\mathrm{L}}}{{C}_{\\mathrm{m}}}}\\right) } \\tag{9 - 56}\n$$\n显然,在以上 ${R}_{\\mathrm{m}}$ 条件下,两个次极点频率分别为\n$$\n{p}_{2} = \\frac{{g}_{\\mathrm{{mL}}}}{{C}_{\\mathrm{L}}},{p}_{3} = \\frac{{g}_{\\mathrm{{mL}}}}{{C}_{\\mathrm{{gsL}}}}\\frac{{C}_{\\mathrm{m}}}{{C}_{\\mathrm{m}} + {C}_{\\mathrm{L}}} = \\frac{{g}_{\\mathrm{{mL}}}}{{C}_{\\mathrm{L}}}\\frac{{C}_{\\mathrm{m}}}{{C}_{\\mathrm{{gsL}}}\\left( {1 + {C}_{\\mathrm{m}}/{C}_{\\mathrm{L}}}\\right) } \\tag{9 - 57}\n$$\n为精确控制 ${R}_{\\mathrm{m}}$ 补偿电阻,采用 MOS 二极管或共栅 $1/{g}_{\\mathrm{m}}$ 电阻,由于存在两个次极点 ${p}_{2}$ 、 ${p}_{3}$ ,零点理论上存在两种补偿策略。一种是补偿较低频率的 ${p}_{2}$ 点,另一种是补偿频率较高的 ${p}_{3}$ 点。第一种补偿的优点是可以获得尽可能大的带宽,但缺点是当参数漂移导致的不完全补偿将形成零极对,虽然对稳定性影响不大,但对瞬态响应下的小信号建立时间有显著影响。第二种补偿虽然所形成的带宽略窄,但形成的零一极对位于 GBW 外,对系统瞬态影响的作用可以忽略。这两种补偿策略在实际设计中都有应用。\n对于以上实际情况,由于 ${p}_{2}$ 与 ${p}_{3}$ 的极点自身的大小取决于 ${R}_{\\mathrm{m}}$ 的值,而 ${R}_{\\mathrm{m}}$ 的选取是针对补偿较小的 ${p}_{2}$ 极点,因此对应于前述的第一种扩展 GBW 的补偿策略,系统只保留一个 ${p}_{3}$ 次极点,由于 ${p}_{3} \\gg  \\mathrm{{GBW}} = {g}_{\\mathrm{{ml}}}/{C}_{\\mathrm{m}}$ ,则高频下的传递函数为\n$$\nA\\left( s\\right)  \\approx  \\frac{\\mathrm{{GBW}}}{s}\\frac{1}{1 + s\\frac{{C}_{\\mathrm{{gsL}}}\\left( {{C}_{\\mathrm{L}} + {C}_{\\mathrm{m}}}\\right) }{{g}_{\\mathrm{{mL}}}{C}_{\\mathrm{m}}}} = \\frac{\\mathrm{{GBW}}}{s}\\frac{1}{1 + s{R}_{\\mathrm{m}}{C}_{\\mathrm{{gsL}}}} \\tag{9 - 58}\n$$\n高频次极点 ${p}_{3}$ 为 ${C}_{\\mathrm{{gsL}}}$ 与 ${R}_{\\mathrm{m}}$ 的并联谐振频率,该结论还可通过网络变化关系得以证明。 设补偿网络中的电容电导为 $Y = s{C}_{\\mathrm{m}}$ ,电抗为 $z = 1/Y$ ,负载电容电导为 ${Y}_{\\text{out }} = s{C}_{\\mathrm{L}}$ ,输出管电压控制电流源电导 ${Y}_{\\mathrm{x}},{Y}_{\\text{out }}$ 与 ${Y}_{\\mathrm{x}}$ 为并联。当满足 ${Y}_{\\text{out }} + {Y}_{\\mathrm{x}} =  - Y$ 时,前馈补偿支路中的电容电导与等效输出电导完全抵消,次级的输入信号全部加在电阻 ${R}_{\\mathrm{m}}$ 上形成前馈电流 ${V}_{\\mathrm{i}2}/$ ${R}_{\\mathrm{m}}$ ,即输出电压为\n$$\n{V}_{\\text{out }} = \\frac{{V}_{\\mathrm{i}2}}{{R}_{\\mathrm{m}}}\\frac{1}{{Y}_{\\text{out }} + {Y}_{\\mathrm{x}}} = \\frac{{V}_{\\mathrm{i}2}}{{R}_{\\mathrm{m}}}\\left( {-\\frac{1}{Y}}\\right)  \\tag{9 - 59}\n$$\n则电压控制电流源中的等效输出电流为\n$$\n{i}_{\\mathrm{x}} = {V}_{\\text{out }}{Y}_{\\mathrm{x}} =  - \\frac{{V}_{\\text{in }}}{{R}_{\\mathrm{m}}}\\frac{{Y}_{\\mathrm{x}}}{Y} = \\frac{{V}_{\\text{in }}}{{R}_{\\mathrm{m}}}\\left( {1 + \\frac{{Y}_{\\text{out }}}{Y}}\\right)  = \\frac{{V}_{\\text{in }}}{{R}_{\\mathrm{m}}}\\left( {1 + \\frac{{C}_{\\mathrm{L}}}{{C}_{\\mathrm{m}}}}\\right)  \\tag{9-60}\n$$\n与 ${i}_{\\mathrm{x}} = {g}_{\\mathrm{{mL}}}{V}_{\\mathrm{i}2}$ 的关系对比后得到:\n$$\n{g}_{\\mathrm{{mL}}} = \\frac{1}{{R}_{\\mathrm{m}}}\\left( {1 + \\frac{{C}_{\\mathrm{L}}}{{C}_{\\mathrm{m}}}}\\right) ;{R}_{\\mathrm{m}} = \\frac{1}{{g}_{\\mathrm{{mL}}}}\\left( {1 + \\frac{{C}_{\\mathrm{L}}}{{C}_{\\mathrm{m}}}}\\right)  \\tag{9 - 61}\n$$\n以上两种分析方法得到的结果完全相同,这限定了补偿电阻 ${R}_{\\mathrm{m}}$ 与输出跨导 ${g}_{\\mathrm{{mL}}}$ 之间必须满足的关系, 使新的次极点比原来的次极点更远。此时的相位裕度为\n$$\n\\mathrm{{PM}} = {180}^{ \\circ  } - \\left( {{90}^{ \\circ  } + \\arctan \\frac{\\mathrm{{GBW}}}{{p}_{3}}}\\right)  = \\arctan \\frac{{p}_{3}}{\\mathrm{{GBW}}} = \\arctan \\left( {\\frac{{g}_{\\mathrm{{ml}}}}{{C}_{\\mathrm{{gsL}}}}\\frac{{C}_{\\mathrm{m}}}{{g}_{\\mathrm{{ml}}}}\\frac{{C}_{\\mathrm{m}}}{{C}_{\\mathrm{m}} + {C}_{\\mathrm{L}}}}\\right)\n$$\n(9 - 62)\n最后,根据 $\\mathrm{{PM}} = {60}^{ \\circ  }$ 的相位裕度要求,在 ${g}_{\\mathrm{{ml}}}$ 和 ${g}_{\\mathrm{{mL}}}$ 、 ${C}_{\\mathrm{{gs}}2}$ 和 ${C}_{\\mathrm{L}}$ 等参数确定的条件下,选取最小的补偿电容 ${C}_{\\mathrm{m}}$ ,使电路系统的 GBW 达到最大。\n在实际电路中,可采用 $\\mathrm{{MOS}}$ 管的 $1/{g}_{\\mathrm{m}}$ 阻抗实现 ${R}_{\\mathrm{m}}$ 的作用,并控制 $\\mathrm{{MOS}}$ 管于线性电阻工作区,实现稳定的电阻 ${R}_{\\mathrm{m}}$ 补偿,同时减小电阻占用的芯片面积。\n#### 9.3.4 消除前馈通道的 Miller 电容补偿\n在保持 Miller 电容反馈补偿作用的前提下,消除 Miller 电容前馈耦合作用,将补偿电容前馈通路阻断后可保证 $\\mathrm{{RHP}}$ 零点的消除,同时消除 ${p}_{3}$ 高频次极点,仅保留 ${p}_{1}$ 主极点和 ${p}_{2}$ 次极点。有两种前馈阻断方式,一种采用图 9-5 所示的电压跟随隔离模式,另一种是采用如图 9-6 所示的电流跟随隔离阻断方式。在两种模式下, 小信号的电压传输或电流传输均为 1 , 因此 Miller 电容压缩主极点、扩展次极点的作用依然有效, 但 RHP 零点因前馈通道消失而无法产生。\n![0196aaa2-bbe2-70ee-823d-d4abf5c67805_262_187_501_568_370_0.jpg](images/0196aaa2-bbe2-70ee-823d-d4abf5c67805_262_187_501_568_370_0.jpg)\n图 9-5 电压跟随消除 RHP 零点\n![0196aaa2-bbe2-70ee-823d-d4abf5c67805_262_852_502_566_373_0.jpg](images/0196aaa2-bbe2-70ee-823d-d4abf5c67805_262_852_502_566_373_0.jpg)\n图 9-6 电流跟随消除 RHP 零点\n在电压反馈跟随结构中, NMOS Mc 管小信号电压增益为 1,则电容中的反馈电流为 ${i}_{\\mathrm{c}} \\approx  s{C}_{\\mathrm{m}}\\left( {{V}_{2} - {V}_{1}}\\right)  = s{C}_{\\mathrm{m}}{V}_{2} - s{C}_{\\mathrm{m}}{V}_{1}$ 。输出级 MOS 管输出电流形成输出电压 ${V}_{2}$ 满足的关系为 $- {g}_{\\mathrm{m}2}{V}_{1} = {V}_{2}\\left( {{G}_{2} + s{C}_{2}}\\right)$ 。输入级 MOS 管电流与电容反馈电流的叠加形成第一级增益输出 ${V}_{1}$ ,即 ${i}_{\\mathrm{c}} - {g}_{\\mathrm{{ml}}}{V}_{\\mathrm{{in}}} = {V}_{1}\\left( {{G}_{1} + s{C}_{1}}\\right)$ 。\n由以上 3 个约束条件, 得到该结构的开环增益为\n$$\nA\\left( s\\right)  = \\frac{{g}_{\\mathrm{{ml}}1}{g}_{\\mathrm{m}2}{R}_{1}{R}_{2}}{1 + s\\left\\lbrack  {{R}_{1}\\left( {{C}_{1} + {C}_{\\mathrm{m}}}\\right)  + {R}_{2}{C}_{2} + {g}_{\\mathrm{m}2}{R}_{1}{R}_{2}{C}_{\\mathrm{m}}}\\right\\rbrack   + {s}^{2}{R}_{1}{R}_{2}{C}_{2}\\left( {{C}_{1} + {C}_{\\mathrm{m}}}\\right) } \\tag{9 - 63}\n$$\n显然, Miller 电容没有引入零点, 但 Miller 电容对主极点的压缩效应依然成立, 即\n$$\n{p}_{1} \\approx  \\frac{1}{{g}_{\\mathrm{m}2}{R}_{1}{R}_{2}{C}_{\\mathrm{m}}}\n$$\n(9 - 64 - a)\n$$\n{p}_{2} = \\frac{{g}_{\\mathrm{m}2}{C}_{\\mathrm{m}}}{\\left( {{C}_{1} + {C}_{\\mathrm{m}}}\\right) {C}_{2}} \\approx  \\frac{{g}_{\\mathrm{m}2}}{{C}_{1} + {C}_{2}} \\approx  \\frac{{g}_{\\mathrm{m}2}}{{C}_{2}}\n$$\n(9 - 64 - b)\n单位增益带宽 $\\mathrm{{GBW}} = {g}_{\\mathrm{m}1}/{C}_{\\mathrm{m}}$ ,通过 ${p}_{2} = 2\\mathrm{{GBW}}$ 的条件可确定补偿电容 ${C}_{\\mathrm{m}}$ 的值,此时 ${g}_{\\mathrm{m}2} \\gg  {g}_{\\mathrm{m}1}$ 的限制条件大为减弱。\n在电流跟随模式下, 忽略饱和恒流源沟道调制引起的电流变化, 则反馈电容电流与电流跟随器的电流变化相同,因此有 ${i}_{\\mathrm{C}} \\approx  s{C}_{\\mathrm{m}}\\left( {{V}_{2} - {V}_{\\mathrm{x}}}\\right)  = {g}_{\\mathrm{{mC}}}{V}_{\\mathrm{x}}$ 。\n式中 ${V}_{\\mathrm{x}}$ 为 $\\mathrm{{PMOS}}{\\mathrm{M}}_{\\mathrm{C}}$ 管源端电位,则由此解出 ${V}_{\\mathrm{x}} = s{C}_{\\mathrm{m}}{V}_{2}/\\left( {{g}_{\\mathrm{{mc}}} + s{C}_{\\mathrm{m}}}\\right)$ ,将其代回原式后得 ${i}_{\\mathrm{C}} \\approx  s{C}_{\\mathrm{m}}{V}_{2}{g}_{\\mathrm{{mC}}}/\\left( {{g}_{\\mathrm{{mC}}} + s{C}_{\\mathrm{m}}}\\right)$ 。在 ${g}_{\\mathrm{{mC}}} \\gg  s{C}_{\\mathrm{m}}$ 的条件下, ${i}_{\\mathrm{C}} \\approx  s{C}_{\\mathrm{m}}{V}_{2}$ ,对应于 ${V}_{\\mathrm{x}} \\approx  0$ , 则根据输出级电流电压关系有 $- {g}_{\\mathrm{m}2}{V}_{1} = {V}_{2}\\left( {{G}_{2} + s{C}_{2} + s{C}_{\\mathrm{m}}}\\right)$ 。\n同样,由以上 3 个约束条件,最终求出:\n$$\nA\\left( s\\right)  = \\frac{{g}_{\\mathrm{m}1}{g}_{\\mathrm{m}2}{R}_{1}{R}_{2}}{1 + s\\left\\lbrack  {{R}_{1}{C}_{1} + {R}_{2}\\left( {{C}_{2} + {C}_{\\mathrm{m}}}\\right)  + {g}_{\\mathrm{m}2}{R}_{1}{R}_{2}{C}_{\\mathrm{m}}}\\right\\rbrack   + {s}^{2}{R}_{1}{R}_{2}{C}_{\\mathrm{i}}\\left( {{C}_{2} + {C}_{\\mathrm{m}}}\\right) }(9 - 6\\rbrack  \\tag{9 - 65}\n$$\n显然 Miller 电容没有零点引入, Miller 电容的主次极点分离效应仍然成立, 则\n$$\n{p}_{1} \\approx  \\frac{1}{{g}_{\\mathrm{m}2}{R}_{1}{R}_{2}{C}_{\\mathrm{m}}}\n$$\n(9 - 66 - a)\n$$\n{p}_{2} \\approx  \\frac{{g}_{\\mathrm{m}2}}{{C}_{1} + {C}_{2}}\\frac{{C}_{\\mathrm{m}}}{{C}_{1}} \\approx  \\frac{{g}_{\\mathrm{m}2}}{{C}_{2}}\\frac{{C}_{\\mathrm{m}}}{{C}_{1}}\n$$\n(9 - 66 - b)\n采取同样的 ${p}_{2} = 2\\mathrm{{GBW}}$ 补偿策略,可得到在电流缓冲隔离下的补偿电容 ${C}_{\\mathrm{m}}$ 的值。从结果对比看出,电流跟随模式比对应电压模式下的高频 ${p}_{2}$ 极点向外增加了 ${C}_{\\mathrm{m}}/{C}_{1}$ 倍,由于 ${C}_{\\mathrm{m}} \\gg  {C}_{1}$ ,电流模式下的高频次极点频率更高,频率补偿的效果更明显,但付出的代价必须是增加电流跟随器的 ${g}_{\\mathrm{{mC}}}$ ,即需要增加 ${\\mathrm{M}}_{\\mathrm{C}}$ 管的电流和 $\\mathrm{{MOS}}$ 管宽长比 $W/L$ 。\n#### 9.3.5 Cascode Miller 电容补偿\n从电流隔离的 SMC 补偿可以得到启示, 如果在两级运放中, 利用前级的 Cascode 电流跟随器代替以上补偿结构中独立的电流隔离单元,同样可实现单向化的 Miller 电容补偿。\n从本质上, Cascode 补偿属于单向化处理的 SMC 技术,通过 Cascode MOS ${\\mathrm{M}}_{\\mathrm{C}}$ 管消除前馈而保留反馈, 单向化反馈的重要作用是消除 RHP 零点。同时, 由于反馈通路仍然存在,且 Cascode 管输入阻抗 $1/{g}_{\\mathrm{{mC}}}$ 实现的 ${R}_{\\mathrm{m}}$ 补偿作用,与简单的单向化技术相比,利用 Cas-code 管的高跨导、低输入阻抗特性可实现对 ${p}_{2}$ 次极点的补偿。Cascode 管自身引入的零极点均为高频零极点,对系统频率特性的影响可以忽略,如图 9-7(a) 所示。\n忽略 ${\\mathrm{M}}_{\\mathrm{C}}$ 管 ${r}_{\\mathrm{{dsc}}}$ 电阻和输出管 ${\\mathrm{M}}_{2}$ 的栅漏耦合电容 ${C}_{\\mathrm{{ds}}2}$ 的作用,并将 $\\mathrm{{CG}}$ 电流传输作用分别等效到输入和输出端,对于输入端为 ${g}_{\\mathrm{{mC}}}{V}_{3}$ 受控源,对于输出端为 $1/{g}_{\\mathrm{{mC}}}$ 阻抗,则根据如图 9-7(b) 简化后的等效电路,得到 Cascode Miller 单向化补偿两级放大的传递函数为\n$$\nA\\left( s\\right)  = {g}_{\\mathrm{{ml}}}{g}_{\\mathrm{{mL}}}{R}_{1}{R}_{2}\\frac{1 + s{C}_{\\mathrm{m}}/{g}_{\\mathrm{{mC}}}}{1 + {b}_{1}s + {b}_{2}{s}^{2} + {b}_{3}{s}^{3}} \\approx  \\frac{{A}_{0}}{1 + s/{p}_{1}}\\frac{1 + s/z}{1 + {b}_{2}s/{b}_{1} + {b}_{3}{s}^{2}/{b}_{1}}( \\tag{9 - 67}\n$$\n式中各系数与结构参数的关系为\n$$\n{b}_{1} = {R}_{1}{C}_{1} + {R}_{2}{C}_{\\mathrm{L}} + \\left( {{R}_{2} + 1/{g}_{\\mathrm{{mC}}}}\\right) {C}_{\\mathrm{m}} + {g}_{\\mathrm{m}2}{R}_{1}{R}_{2}{C}_{\\mathrm{m}} \\tag{9 - 68}\n$$\n$$\n{b}_{2} = {R}_{1}{C}_{1}\\left( {{R}_{2}{C}_{\\mathrm{L}} + {R}_{2}{C}_{\\mathrm{m}} + {C}_{\\mathrm{m}}/{g}_{\\mathrm{{mC}}}}\\right)  \\tag{9 - 69}\n$$\n$$\n{b}_{3} = {R}_{1}{R}_{2}{C}_{1}{C}_{\\mathrm{L}}{C}_{\\mathrm{m}}/{g}_{\\mathrm{{mC}}} \\tag{9 - 70}\n$$\n与 SMCNR 相比,系统传递的 LHP 零点由 Cascode 管的输入阻抗 $1/{g}_{\\mathrm{{mC}}}$ 与 ${C}_{\\mathrm{m}}$ 电容串联网络形成,而与输出管跨导 ${g}_{\\mathrm{m}2}$ 无关,只决定于 Cascode 管的特性。因此, LHP 的零点具有很大的灵活性,可满足 $z - p$ 零极抵消对零点设置的要求。此外,由于 Cascode 管前馈通路隔离作用, ${C}_{\\mathrm{m}}$ 电容与 ${C}_{1}$ 和 ${C}_{\\mathrm{L}}$ 的耦合作用减弱,系数 ${b}_{1}$ 和 ${b}_{2}$ 相对 SMCNR 中的对应系数均略有减小,但主极点保持不变,而次极点略往高频段扩展。\n在通常条件下,由于输出阻抗 ${R}_{2} \\gg  1/{g}_{\\mathrm{{mC}}}$ ,则 ${b}_{1}$ 和 ${b}_{2}$ 系数中含 $1/{g}_{\\mathrm{{mC}}}$ 的电阻项可近似忽略,而在 ${g}_{\\mathrm{{mC}}}$ 很大的条件下,系数 ${b}_{3} \\approx  0$ ,一个高频极点 ${p}_{3}$ 被消除。设计中采用较大尺寸的 Cascode 补偿 ${\\mathrm{M}}_{\\mathrm{C}}$ 管,以减弱 $1/{g}_{\\mathrm{{mC}}}$ 阻抗的影响,并且零点频率 ${z}_{1} = {g}_{\\mathrm{{mC}}}/{C}_{\\mathrm{m}}$ 远高于 GBW, 对系统影响微弱。由于主极点近似条件成立, 则开环增益为\n$$\nA\\left( s\\right)  = \\frac{{A}_{0}\\left( {1 + s{C}_{\\mathrm{m}}/{g}_{\\mathrm{{mC}}}}\\right) }{\\left( {1 + s/{p}_{1}}\\right) \\left( {1 + \\frac{2\\zeta }{{\\omega }_{0}}s + \\frac{1}{{\\omega }_{0}^{2}}{s}^{2}}\\right) } \\tag{9 - 71}\n$$\n![0196aaa2-bbe2-70ee-823d-d4abf5c67805_264_443_258_699_559_0.jpg](images/0196aaa2-bbe2-70ee-823d-d4abf5c67805_264_443_258_699_559_0.jpg)\n图 9-7 Cascode SMC 小信号等效电路\n对于 Cascode SMC 结构,考虑 ${\\mathrm{M}}_{\\mathrm{C}}$ 管栅寄生电容 ${C}_{\\mathrm{{gsm}}}$ 的作用,则二阶系统所形成的三极点增益传递函数为\n$$\nA\\left( s\\right)  = \\frac{\\mathrm{{GBW}}}{s}\\frac{1 + s\\left( {{C}_{\\mathrm{m}} + {C}_{\\mathrm{{gsm}}}}\\right) /{g}_{\\mathrm{{mC}}}}{1 + s\\left( {\\frac{{C}_{\\mathrm{{gsL}}}}{{g}_{\\mathrm{{mL}}}} + \\frac{{C}_{\\mathrm{{gsL}}}{C}_{\\mathrm{L}}}{{g}_{\\mathrm{{mL}}}{C}_{\\mathrm{m}}}}\\right)  + {s}^{2}\\frac{{C}_{\\mathrm{L}}}{{C}_{\\mathrm{m}}}\\frac{{C}_{\\mathrm{{gsL}}}}{{g}_{\\mathrm{{mL}}}}\\frac{{C}_{\\mathrm{m}} + {C}_{\\mathrm{{gsm}}}}{{g}_{\\mathrm{{mC}}}}} \\tag{9 - 72}\n$$\n单位增益带宽保持原有的 $\\mathrm{{GBW}} = {g}_{\\mathrm{{ml}}}/{C}_{\\mathrm{m}}$ 关系不变。对于两级增益结构形成的三阶系统,通常 ${s}^{2}$ 项系数很小,开环次极点分离的条件一般都能成立。在 SMCNR 中采用的是第一种补偿策略,要求的补偿电阻较大,以降低零点,与 ${p}_{2}$ 补偿。而在 Cascode SMC 中,虽然主极点保持不变,但低频次极点和高频次极点因 Cascode 的隔离作用都向高频端外推。因此,采用第二种补偿策略,此时所需的补偿零点上升,有利于集成。虽然补偿后的带宽由 ${p}_{2}$ 而非 ${p}_{3}$ 所决定,但由于 ${p}_{2}$ 比 SMCNR 下的值有所增加,系统带宽特性的实际扩展效果有所改善。\n${p}_{3}$ 高频极点与零点 $z$ 补偿所应满足的条件为\n$$\nz = \\frac{{g}_{\\mathrm{{mC}}}}{{C}_{\\mathrm{m}} + {C}_{\\mathrm{{gsm}}}} = \\frac{{g}_{\\mathrm{{mL}}}}{{C}_{\\mathrm{{gsL}}}} \\tag{9 - 73}\n$$\n在此条件下的两个次极点频率分别为\n$$\n{p}_{2} = \\frac{{g}_{\\mathrm{{mL}}}}{{C}_{\\mathrm{{gsL}}}}\\frac{{C}_{\\mathrm{m}}}{{C}_{\\mathrm{L}}};{p}_{3} = \\frac{{g}_{\\mathrm{{mC}}}}{{C}_{\\mathrm{m}} + {C}_{\\mathrm{{gsm}}}} = \\frac{{g}_{\\mathrm{{mL}}}}{{C}_{\\mathrm{{gsL}}}} = z \\tag{9 - 74}\n$$\n与 SMCNR 的结果相比,发现:\n$$\n{p}_{2}\\left( \\mathrm{{SMCNR}}\\right)  < {p}_{3}\\left( \\mathrm{{SMCNR}}\\right)  < {p}_{2}\\left( \\text{ Cascode_SMC }\\right)  \\tag{9 - 75}\n$$\n以上结果表明,采用高频极点补偿的 Cascode SMC 仍然比采用低频极点补偿的 SMC- $\\mathrm{{NR}}$ 在相同相位裕度条件下具有更大的带宽,其根源在于 Cascode 隔离管消除了 $s$ 项中的 ${C}_{\\mathrm{m}}{C}_{\\mathrm{L}}$ 高值因子,增加了 ${p}_{2}$ 和 ${p}_{3}$ 频率。进一步考察式(9-74)发现,在 Cascode SMC 中, ${p}_{3}$ $\\gg  {p}_{2}$ 的条件通常满足,这样补偿后对系统相位裕度的影响很小,即使出现不完全补偿,对瞬态特性也无决定性影响, 电路抗工艺漂移的能力显著提高。补偿后二阶系统的相位裕度为\n$$\n\\mathrm{{PM}} = \\arctan \\frac{{p}_{2}}{\\mathrm{{GBW}}} = \\arctan \\left( {\\frac{{g}_{\\mathrm{{mL}}}}{{C}_{\\mathrm{{gsL}}}}\\frac{{C}_{\\mathrm{m}}}{{C}_{\\mathrm{L}}}\\frac{1}{\\mathrm{{GBW}}}}\\right)  = \\arctan \\left( {\\frac{{g}_{\\mathrm{{ml}}}}{{g}_{\\mathrm{{ml}}}}\\frac{{C}_{\\mathrm{m}}^{2}}{{C}_{\\mathrm{{gsL}}}{C}_{\\mathrm{L}}}}\\right)  \\tag{9 - 76}\n$$\n为实现 ${p}_{3} = z$ 的补偿策略, $\\mathrm{{CG}} -$ Cascode 管的跨导需要满足以下限制条件:\n$$\n{g}_{\\mathrm{{mC}}} = \\frac{{g}_{\\mathrm{{mL}}}}{{C}_{\\mathrm{{gsL}}}}\\frac{{C}_{\\mathrm{m}}}{{C}_{\\mathrm{L}}}{C}_{\\mathrm{L}}\\left( {1 + \\frac{{C}_{\\mathrm{{gsm}}}}{{C}_{\\mathrm{m}}}}\\right)  = {C}_{\\mathrm{L}}\\left( {1 + \\frac{{C}_{\\mathrm{{gsm}}}}{{C}_{\\mathrm{m}}}}\\right) \\mathrm{{GBW}} \\cdot  \\tan \\left( \\mathrm{{PM}}\\right)\n$$\n$$\n= {g}_{\\mathrm{{ml}}}\\frac{{C}_{\\mathrm{L}}}{{C}_{\\mathrm{m}}}\\left( {1 + \\frac{{C}_{\\mathrm{{gsm}}}}{{C}_{\\mathrm{m}}}}\\right) \\tan \\left( \\mathrm{{PM}}\\right)  \\tag{9 - 77}\n$$\n由此看出, 补偿跨导至少为输入级跨导 1 个量级以上, Cascode SMC 补偿的代价是较大的面积和功耗。\n进一步考察在 ${C}_{\\mathrm{m}}$ 等内部结点电容固定条件下,负载电容 ${C}_{\\mathrm{L}}$ 变化对系统性能的影响。 在以上由零点 $z$ 补偿高频极点 ${p}_{3}$ 的条件下,计算 NDP 因子,由于考虑了负载电容从小到大的变化,则无法忽略低负载 ${C}_{\\mathrm{L}}$ 状态下其他结点电容的影响,即\n$$\n\\mathrm{{NDP}} = \\frac{{p}_{2}}{\\mathrm{{GBW}}} = \\frac{{p}_{2}/{p}_{1}}{{A}_{\\mathrm{{V0}}}} = \\frac{{a}^{2}/b}{{A}_{\\mathrm{{V0}}}} = \\frac{{\\left( {R}_{1}{C}_{1} + {R}_{2}{C}_{\\mathrm{L}} + {R}_{2}{C}_{\\mathrm{m}} + {g}_{\\mathrm{{mL}}}{R}_{2}{R}_{1}{C}_{\\mathrm{m}}\\right) }^{2}}{\\left( {{g}_{\\mathrm{{m1}}}{g}_{\\mathrm{{mL}}}{R}_{1}{R}_{2}}\\right) {R}_{1}{R}_{2}{C}_{1}\\left( {{C}_{\\mathrm{L}} + {C}_{\\mathrm{m}}}\\right) }(9 \\tag{9 - 78}\n$$\n正是由于各结点电容的共同影响,造成 $\\mathrm{{NDP}}$ 随 ${C}_{\\mathrm{L}}$ 的非单调变化特性, $\\mathrm{{NDP}}$ 曲线开口向上,存在最小值,其最小值由 $\\partial \\mathrm{{NDP}}/\\partial {C}_{\\mathrm{L}} = 0$ 得到, $\\mathrm{{NDP}}$ 最小值条件下对应的负载电容为 ${C}_{\\mathrm{L}\\text{, crit }} = \\left( {{g}_{\\mathrm{m}2}{R}_{1} - 1}\\right) {C}_{\\mathrm{m}}$ ,将此条件代入上式中可得到 ${\\mathrm{{NDP}}}_{\\min }$ ,而系统稳定在忽略零点作用下,所要求的 $\\mathrm{{PM}} = {60}^{ \\circ  }$ ,对应的 ${\\mathrm{{NDP}}}_{\\min } = {1.73}$ ,则\n$$\n{\\mathrm{{NDP}}}_{\\min } = \\frac{4}{{g}_{\\mathrm{m}1}{R}_{1}}\\frac{{C}_{\\mathrm{m}}}{{C}_{1}} \\approx  {1.73},\\frac{{C}_{\\mathrm{m}}}{{C}_{1}} > \\frac{1.73}{4}{g}_{\\mathrm{m}1}{R}_{1} = {0.43}{A}_{\\mathrm{V}1}\\left( 0\\right)  \\tag{9 - 79}\n$$\n式中 ${C}_{1}$ 主要由后级增益放大管的 ${C}_{\\mathrm{{GS}}}$ 电容组成,在饱和导通区下的栅源电容与栅电容的关系为 ${C}_{1} \\approx  {C}_{\\mathrm{{gsL}}} = \\left( {{2WL}/3}\\right) {C}_{\\mathrm{{ox}}}$ 。\n根据式 (9-78) 关系,在 ${C}_{\\mathrm{L}}$ 变化的初始阶段,相位裕度随 ${C}_{\\mathrm{L}}$ 增加 (NDP 减小) 而减小,当超出 ${C}_{\\mathrm{L}}$ 临界值后,则随 ${C}_{\\mathrm{L}}$ 增加 (NDP 增加) 而增加。由于在 $\\mathrm{{NDP}}$ 最小状态下设置系统稳定,则系统无条件稳定。为满足无条件稳定的目标, Cascode miller 补偿电容应比第一级输出电容 ${C}_{1}$ 至少大第一级低频增益的一半。\n从以上结论似乎可以得到与负载 ${C}_{\\mathrm{L}}$ 无关的无条件稳定特性,但进一步仔细考虑分析的出发点便会发现问题的所在。当负载电容变化时,补偿电容 ${C}_{\\mathrm{m}}$ 应跟随变化,导致 ${p}_{3}$ 极点变化,而零点必需跟随 ${p}_{3}$ 的变化以使分析的条件成立。当补偿电容 ${C}_{\\mathrm{m}}$ 确定后零点也随之确定并无法跟随 ${p}_{3}$ 的变化,当 ${p}_{3}$ 接近 ${p}_{2}$ 而使零点补偿无效时,则以上结论所对应的大负载电容下无条件稳定的结论不再成立。改进的措施有两点,一是系统设计仍然针对特定负载电容下 ${C}_{\\mathrm{L}}$ 的设计并留有一定的余量,另一种方法则是提高 ${g}_{\\mathrm{{mC}}}$ 的补偿跨导,将 ${p}_{3}$ 和 $z$ 都推向无穷远,以减小 ${C}_{\\mathrm{L}}$ 变化所造成的误差。另一方面,当 ${C}_{\\mathrm{L}}$ 趋向无穷大时, ${p}_{2}$ 将趋近于零,则 ${p}_{2}$ 将小于 ${p}_{1}$ 而成为主极点。因此, ${p}_{1}\\text{、}{p}_{2}$ 交换的过程中因不满足极点分离的条件,同样使以上无条件稳定的结果失去意义。\n以上系统稳定性与负载电容无关的分析方法也可应用到其他类型的二极和三级运放的设计中。该方法要求精确的零点和极点表达式 (尤其是关于负载电容), 同时应注意分析问题的前提条件, 以及最后结果对前提条件破坏所造成的可信度的下降, 这也是电路分析中尤其应注意的问题。\n#### 9.3.6 利用并联结构 LHP 零点的前馈补偿\nSMC 中的前馈零点除了采用串联支路的前馈阻断技术或串联电阻消除外, 还可采用并联支路引入相反的前馈电流, 使前馈支路总的输出等效电流为零, 从而消除前馈 RHP 零点, 或引入 LHP 零点, 从而形成如图 9-8 所示的并联前馈 LHP 零点补偿结构。\n![0196aaa2-bbe2-70ee-823d-d4abf5c67805_266_703_382_708_421_0.jpg](images/0196aaa2-bbe2-70ee-823d-d4abf5c67805_266_703_382_708_421_0.jpg)\n图 9-8 利用前馈通道消除 $\\mathbf{{RHP}}$ 零点的补偿结构\n当零点频率在 GBW 以外时, 对应于电路的高频工作区域。在此条件下, 负载电容 ${C}_{2}$ 短路, ${C}_{1}$ 容抗远低于负载 ${R}_{1}$ 阻抗,则输入增益级 MOS 管输出电流在前馈电容 ${C}_{\\mathrm{m}}$ 与负载电容 ${C}_{1}$ 中进行分流,流经 ${C}_{\\mathrm{m}}$ 的电流为\n$$\n{i}_{\\mathrm{C}} =  - {g}_{\\mathrm{{ml}}}{V}_{\\mathrm{{in}}}\\frac{1}{1 + s{C}_{1}/s{C}_{\\mathrm{m}}} =  - {g}_{\\mathrm{{ml}}}{V}_{\\mathrm{{in}}}\\frac{{C}_{\\mathrm{m}}}{{C}_{\\mathrm{m}} + {C}_{1}} \\tag{9 - 80}\n$$\n前馈网络 ${g}_{\\mathrm{{mf}}}$ 提供的电流为 ${i}_{\\mathrm{f}} = {g}_{\\mathrm{{mf}}}{V}_{\\text{in }}$ 。\n${C}_{\\mathrm{m}}$ 电流被抵消以消除零点,或者说 ${C}_{\\mathrm{m}}$ 中前馈电流没有流入负载,而是流入前馈网络, 即满足 ${i}_{\\mathrm{f}} \\geq  {i}_{\\mathrm{C}}$ 的条件。显然,零点消除与 ${g}_{\\mathrm{m}2}$ 及负载无关,由 ${i}_{\\mathrm{C}} = {i}_{\\mathrm{f}}$ 的条件,得到消除 $\\mathrm{{RHP}}$ 零点的临界条件,若定义 ${r}_{\\mathrm{g}} = {g}_{\\mathrm{{mf}}}/{g}_{\\mathrm{{ml}}}$ ,临界值 ${r}_{\\mathrm{g},\\mathrm{{crit}}}$ 为\n$$\n{r}_{\\mathrm{g},\\text{ crit }} = \\frac{{C}_{\\mathrm{m}}}{{C}_{1} + {C}_{\\mathrm{m}}} = \\frac{1}{1 + {C}_{1}/{C}_{\\mathrm{m}}} < 1 \\tag{9 - 81}\n$$\n当 ${g}_{\\mathrm{{mf}}} = 0,{i}_{\\mathrm{f}} = 0$ ,即前馈网络不存在的 ${r}_{\\mathrm{g}} = 0$ 条件下,形成的原始 $\\mathrm{{RHP}}$ 零点频率为 $z = {g}_{\\mathrm{m}2}/{C}_{\\mathrm{m}}$ 。在 ${r}_{\\mathrm{g}} = 1$ 的条件下零点消失,而当 ${g}_{\\mathrm{{mf}}} > {g}_{\\mathrm{{ml}}}$ ,即 ${r}_{\\mathrm{g}} > 1$ 的条件下,导致 ${i}_{\\mathrm{f}} > {i}_{\\mathrm{C}}$ , 即 $\\mathrm{{RHP}}$ 的零点性质改变为 $\\mathrm{{LHP}}$ 零点。根据等效电路得到的系统传递函数为\n$$\nA\\left( s\\right)  = \\frac{{g}_{\\mathrm{{m1}}}{g}_{\\mathrm{m}2}{R}_{1}{R}_{2} + {g}_{\\mathrm{{mf}}}{R}_{2} + s{R}_{1}{R}_{2}\\left\\lbrack  {{g}_{\\mathrm{{mf}}}\\left( {{C}_{1} + {C}_{\\mathrm{m}}}\\right)  - {g}_{\\mathrm{{m1}}}{C}_{\\mathrm{m}}}\\right\\rbrack  }{1 + s\\left\\lbrack  {{R}_{1}\\left( {{C}_{1} + {C}_{\\mathrm{m}}}\\right)  + {R}_{2}\\left( {{C}_{2} + {C}_{\\mathrm{m}}}\\right)  + {g}_{\\mathrm{m}2}{R}_{1}{R}_{2}{C}_{\\mathrm{m}}}\\right\\rbrack   + {s}^{2}\\left\\lbrack  {{R}_{1}{R}_{2}\\left( {{C}_{1}{C}_{2} + {C}_{1}{C}_{\\mathrm{m}} + {C}_{2}{C}_{\\mathrm{m}}}\\right) }\\right\\rbrack  }\n$$\n(9 - 82)\n在 ${r}_{\\mathrm{g}} > 1$ 条件下产生的 LHP 零点,可用于抵消输出级 ${p}_{2}$ 极点, ${C}_{\\mathrm{m}}$ 补偿电容可适当减小以扩展带宽。在 ${A}_{\\mathrm{V}0} \\gg  {g}_{\\mathrm{{mf}}}{R}_{2}$ 以及 ${C}_{\\mathrm{m}} \\gg  {C}_{1}$ 的条件下,电路 $\\mathrm{{LHP}}$ 零点为\n$$\n{z}_{1} \\approx  \\frac{{g}_{\\mathrm{m}1}{g}_{\\mathrm{m}2}}{\\left( {{g}_{\\mathrm{{mf}}} - {g}_{\\mathrm{{ml}}}}\\right) {C}_{\\mathrm{m}}} = \\frac{{g}_{\\mathrm{m}2}}{\\left( {{r}_{\\mathrm{g}} - 1}\\right) {C}_{\\mathrm{m}}} \\tag{9 - 83}\n$$\n在 Miller 电容近似下,输出极点频率保持 ${p}_{2} = {g}_{\\mathrm{m}2}/{C}_{\\mathrm{L}}$ 不变,由 ${z}_{1} = {p}_{2}$ 的补偿限制,有\n$$\n{C}_{\\mathrm{m}} = \\frac{{g}_{\\mathrm{m}2}}{\\left( {r}_{\\mathrm{g}} - 1\\right) }\\frac{{C}_{\\mathrm{L}}}{{g}_{\\mathrm{m}2}} = \\frac{{C}_{\\mathrm{L}}}{{r}_{\\mathrm{g}} - 1} \\tag{9 - 84}\n$$\n在此补偿限制下的带宽为\n$$\n\\mathrm{{GBW}} = \\frac{{g}_{\\mathrm{{ml}}}}{{C}_{\\mathrm{m}}} = \\frac{{g}_{\\mathrm{{ml}}}}{{C}_{\\mathrm{L}}}\\left( {{r}_{\\mathrm{g}} - 1}\\right)  \\tag{9 - 85}\n$$\n以牺牲功耗为代价,通过增加 ${g}_{\\mathrm{{mf}}}$ 以提高 ${r}_{\\mathrm{g}}$ 值,从而扩展带宽。同时,电路补偿消除高频极点 ${p}_{2}$ 后表现为单级特性系统,相位裕度 $\\mathrm{{PM}} = {90}^{ \\circ  }$ 。"
}