{
  "section_num": "9.4",
  "title": "三级放大器频率补偿结构",
  "start_line": 7493,
  "end_line": 8072,
  "content": "### 9.4 三级放大器频率补偿结构\nMiller 电容补偿在两级系统中有成功的应用, 在三级放大电路中, 由于增加了一级电压增益级,或者说增加了一个由高阻 $\\mathrm{{RC}}$ 形成的低频极点后,原有的采用单环 Miller 电容补偿结构是否依然有效,能否直接用于三级增益系统的频率补偿,以及各种补偿结构依据的基本原理和相互关联,这些都成为多级运放稳定性设计需要解决的核心问题。\n#### 9.4.1 单电容 Miller 补偿——UMC\n对于三级系统,在原有两极基础上增加了一个中间增益级,为保持系统各结点的负反馈极性,中间增益级应为同相增益,可采用电流镜与 $\\mathrm{{CS}}$ 的组合结构来实现。连接系统输出和第一级输出之间的 Miller 补偿电容 ${C}_{\\mathrm{m}}$ 的单环补偿即 $\\mathrm{{UMC}}$ 补偿结构如图 9-9 所示,显然三级补偿的 UMC 结构即对应于两级补偿的 SMC 结构。\n![0196aaa2-bbe2-70ee-823d-d4abf5c67805_267_350_1099_853_390_0.jpg](images/0196aaa2-bbe2-70ee-823d-d4abf5c67805_267_350_1099_853_390_0.jpg)\n图 9-9 UMC 补偿结构\n由于 UMC 补偿电容的极点压缩作用,第一级输出仍然保持主极点性质,产生的两个次极点位于后两级的输出结点。实际上若将后两级运放独立看待, 这是一个未经补偿的两级运放,其相互影响使两个次极点发生变化,并且使 ${C}_{\\mathrm{m}}$ 失去对这两个次极点的有效控制作用。\n根据环路控制原理,系统传递函数分母多项式 $N\\left( s\\right)$ 由反馈环路决定。采用与二级增益等效的分析方法,三级结构中 ${C}_{\\mathrm{m}}$ 可认为经过 ${A}_{\\mathrm{V}2}$ 增益的放大等效接入 ${g}_{\\mathrm{m}3}$ 的输入端点,并将三级运放等效为两级运放进行分析,等效 ${g}_{\\mathrm{m}3}$ 的跨导增加 ${A}_{\\mathrm{V}2}$ 倍,则输出极点修正为\n$$\np = {A}_{\\mathrm{v}2}\\frac{{g}_{\\mathrm{m}3}}{{C}_{\\mathrm{L}}} = {g}_{\\mathrm{m}2}\\left\\lbrack  {{R}_{2}//\\left( {1/s{C}_{2}}\\right) }\\right\\rbrack  \\frac{{g}_{\\mathrm{m}3}}{{C}_{\\mathrm{L}}} = \\frac{\\left( {{g}_{\\mathrm{m}2}{R}_{2}}\\right) {g}_{\\mathrm{m}3}/{C}_{\\mathrm{L}}}{1 + s{R}_{2}{C}_{2}} \\tag{9 - 86}\n$$\n后两级增益级相互耦合形成的输出极点包含独立的低频 ${p}_{1}$ 和高频 ${p}_{\\mathrm{h}}$ 两个频率分量,分别由阻抗 ${R}_{2}$ 和容抗 ${C}_{2}\\text{、}{C}_{\\mathrm{L}}$ 所决定。低频下寄生电容 ${C}_{2}$ 的高频效应可以忽略,而高频下低频高增益效应明显退化,则任意频率下实际的两极点频率将分别由以上 ${p}_{l}$ 、 ${p}_{h}$ 两分量决定, 相互之间则存在关联,即\n$$\n{p}_{1} = p\\left( {s \\rightarrow  0}\\right)  = \\frac{{g}_{\\mathrm{m}2}{R}_{2}{g}_{\\mathrm{m}3}}{{C}_{\\mathrm{L}}} = {A}_{\\mathrm{V}2}\\left( 0\\right) \\frac{{g}_{\\mathrm{m}3}}{{C}_{\\mathrm{L}}} = {\\omega }_{1} \\tag{9 - 87}\n$$\n$$\n{p}_{\\mathrm{h}} = p\\left( {s \\rightarrow  \\infty }\\right)  = {g}_{\\mathrm{m}2}\\frac{1}{s{C}_{2}}\\frac{{g}_{\\mathrm{m}3}}{{C}_{\\mathrm{L}}} = {\\omega }_{1}\\frac{1}{s{R}_{2}{C}_{2}} = {\\omega }_{1}{\\omega }_{2}/s \\tag{9 - 88}\n$$\n式中, ${\\omega }_{2} = 1/{R}_{2}{C}_{2}$ 为中间增益级的本征输出极点。\n在开环增益传递函数主极点近似成立的条件下, 系统的极点多项式可表示为\n$$\nN\\left( s\\right)  = \\left( {1 + \\frac{s}{{p}_{1}}}\\right) \\left( {1 + \\frac{s}{p}}\\right)  = \\left( {1 + \\frac{s}{{p}_{1}}}\\right) \\left( {1 + s\\frac{1}{{\\omega }_{1}} + {s}^{2}\\frac{1}{{\\omega }_{1}{\\omega }_{2}}}\\right)\n$$\n$$\n= \\left( {1 + \\frac{s}{{p}_{1}}}\\right) \\left( {1 + s\\frac{{C}_{\\mathrm{L}}}{{g}_{\\mathrm{m}2}{R}_{2}{g}_{\\mathrm{m}3}} + {s}^{2}\\frac{{C}_{2}{C}_{\\mathrm{L}}}{{g}_{\\mathrm{m}2}{g}_{\\mathrm{m}3}}}\\right)  \\tag{9 - 89}\n$$\n若 ${\\omega }_{1} \\ll  {\\omega }_{2}$ 的条件满足,则以上两个次极点满足极点分离的条件,并且两个独立的分离极点一定是实极点,相位频率分别为 ${\\omega }_{1}$ 和 ${\\omega }_{2}$ ,即中间增益级极点 ${\\omega }_{2}$ 应为大于输出级 ${\\omega }_{1}$ 的高频极点。然而,由于 ${A}_{\\mathrm{V}2}$ 为高阻增益级,使 ${\\omega }_{1}$ 增大,即通常容易满足 ${\\omega }_{1} \\gg  {\\omega }_{2}$ 的条件,导致以上两次极点分离的条件很难成立,因此 ${\\omega }_{1}$ 与 ${\\omega }_{2}$ 的相互作用将形成共轭复极点。当 ${\\omega }_{1} \\ll$ ${\\omega }_{2}$ 的分离度不够或两者相互接近甚至 ${\\omega }_{1} > {\\omega }_{2}$ 时,实际的极点频率与独立的 ${\\omega }_{1}\\text{、}{\\omega }_{2}$ 频率分量有明显的差异。\n反馈电容除形成反馈通道外, 还形成前馈通道, 由此产生零点。该零点由电容上的电流补偿输出级 ${g}_{\\mathrm{m}3}$ 中的输出电流,使负载电流为零。以前向主通路为参照,包含前馈 ${C}_{\\mathrm{m}}$ 的等效前向通路与原始主通路的跨导比决定了系统传递函数中的分子多项式 $D\\left( s\\right)$ ,即\n$$\nD\\left( s\\right)  = 1 - \\frac{s{C}_{\\mathrm{m}}}{{g}_{\\mathrm{m}3,\\mathrm{{eff}}}} = 1 - \\frac{s{C}_{\\mathrm{m}}}{\\left\\lbrack  {{g}_{\\mathrm{m}2}\\left( {{R}_{2}//1/s{C}_{2}}\\right) }\\right\\rbrack  {g}_{\\mathrm{m}3}} = 1 - s\\frac{{C}_{\\mathrm{m}}}{{g}_{\\mathrm{m}2}{g}_{\\mathrm{m}3}}\\left( {\\frac{1}{{R}_{2}} + s{C}_{2}}\\right)\n$$\n$$\n= 1 - s\\frac{1}{{g}_{\\mathrm{m}2}{R}_{2}\\left( {{g}_{\\mathrm{m}3}/{C}_{\\mathrm{m}}}\\right) } - {s}^{2}\\frac{1}{\\left( {{g}_{\\mathrm{m}2}/{C}_{2}}\\right) \\left( {{g}_{\\mathrm{m}3}/{C}_{\\mathrm{m}}}\\right) } \\tag{9 - 90}\n$$\n采用相同的分析方法,设两个独立的零点频率分量 ${\\omega }_{3} = {A}_{\\mathrm{V}2}{g}_{\\mathrm{m}3}/{C}_{\\mathrm{m}}\\text{、}{\\omega }_{4} = {\\omega }_{2} =$ $1/{R}_{2}{C}_{2}$ ,同样由 ${\\omega }_{3} \\gg  {\\omega }_{4}$ ,有\n$$\nD\\left( s\\right)  = 1 - \\frac{1}{{\\omega }_{3}}s - \\frac{1}{{\\omega }_{3}{\\omega }_{4}}{s}^{2} \\tag{9 - 91}\n$$\n由于 $D\\left( s\\right)$ 中 $s$ 项系数为负,则 RHP 与 LHP 两个零点中的 RHP 零点频率较低,而 LHP 零点频率相对较高。UMC 补偿结构很难在三级系统中获得应用, 但对系统改进有帮助, 这是三级增益系统频率补偿设计的出发点。当增加前馈补偿后, 等效于减小了前馈电容中的电流, $D\\left( s\\right)$ 中 $s$ 项系数由负变正,而 ${s}^{2}$ 系数仍为负,从而保证 $\\mathrm{{RHP}}$ 零点频率高于 $\\mathrm{{LHP}}$ 零点频率。由并联容抗和阻抗数值相同的条件即 $D\\left( s\\right)  = 0$ 得到零点的具体数值。UMC 结构的参数设计有以下两种方法。\n(1)采用由闭环确定开环的设计方法。在忽略高频零点作用的前提下, 根据共轭复极点下巴特沃思输出响应的要求,应有 ${\\omega }_{1}{\\omega }_{2} = 2{\\omega }_{0}{}^{2}\\text{、}{\\omega }_{1} = {\\omega }_{0}$ ,由此得到 ${\\omega }_{2} = 2{\\omega }_{0}$ ,则\n$$\n\\mathrm{{GBW}} = \\frac{1}{2}{\\omega }_{0} = \\frac{1}{4}{\\omega }_{2} = \\frac{1}{2}{\\omega }_{1} \\tag{9 - 92}\n$$\n即 GBW 被限制在中间增益级输出极点频率的 $1/4$ ,有\n$$\n\\frac{{g}_{\\mathrm{m}1}}{{C}_{\\mathrm{m}}} = \\frac{1}{4}\\frac{1}{{R}_{2}{C}_{2}} = \\frac{1}{2}{A}_{\\mathrm{V}2}\\left( 0\\right) \\frac{{g}_{\\mathrm{m}3}}{{C}_{\\mathrm{L}}} \\tag{9 - 93}\n$$\n上式显然,三级运放 UMC 补偿结构只适合驱动较大的负载电容 ${C}_{\\mathrm{L}}$ ,并需较大的补偿电容。 化简后有\n$$\n{C}_{\\mathrm{L}} = 2\\left( {{g}_{\\mathrm{m}3}{R}_{2}}\\right) \\left( {{g}_{\\mathrm{m}2}{R}_{2}}\\right) {C}_{2}\n$$\n(9 - 94 - a)\n$$\n{C}_{\\mathrm{m}} = 2\\frac{1}{{A}_{\\mathrm{V}2}\\left( 0\\right) }\\frac{{g}_{\\mathrm{m}1}}{{g}_{\\mathrm{m}3}}{C}_{\\mathrm{L}} = 4{g}_{\\mathrm{{ml}}}{R}_{2}{C}_{2}\n$$\n(9 - 94 - b)\n三级运放中间级增益在巴特沃思响应下必须满足以下条件的限制:\n$$\n{A}_{\\mathrm{V}2}\\left( 0\\right)  = 2\\frac{{g}_{\\mathrm{m}1}}{{C}_{\\mathrm{m}}}\\frac{{C}_{\\mathrm{L}}}{{g}_{\\mathrm{m}3}} = 2\\frac{{g}_{\\mathrm{m}1}}{{g}_{\\mathrm{m}2}}\\frac{{C}_{2}}{{C}_{\\mathrm{m}}}\\frac{{g}_{\\mathrm{m}2}/\\left( {s{C}_{2}}\\right) }{{g}_{\\mathrm{m}3}/\\left( {s{C}_{\\mathrm{L}}}\\right) } = 2\\frac{{g}_{\\mathrm{m}1}{C}_{2}}{{g}_{\\mathrm{m}2}{C}_{\\mathrm{m}}}\\frac{{A}_{\\mathrm{V}2,\\mathrm{{HF}}}}{{A}_{\\mathrm{V}3,\\mathrm{{HF}}}} \\tag{9 - 95}\n$$\n由于 ${g}_{\\mathrm{m}2}{R}_{2} \\gg  1$ 为高阻增益级,只有在 ${C}_{\\mathrm{L}}$ 很大的重载条件下上式才可能满足,且由于高阻增益的控制精度,即使条件满足也难以保证不随环境参数和工艺的变化而同时实现 GBW 很窄。当负载电容变小时,稳定性消失,此时很大的 ${\\omega }_{1}$ 形成很小的 $\\zeta$ 或很大 $Q$ 值, 无法达到稳定所需要的 $Q = \\zeta  = 1/\\sqrt{2}$ 系统稳定的条件。降低 ${A}_{\\mathrm{V}2}$ 成为系统稳定性设计的关键。\n(2)采用由开环确定闭环的设计方法。同样在忽略高频零点的前提下,由开环得到的闭环多项式系数分别为 ${b}_{0} = 1\\text{、}{b}_{1} = 1/\\mathrm{{GBW}}\\text{、}{b}_{2} = 1/\\left( {\\mathrm{{GBW}}{\\omega }_{1}}\\right) \\text{、}{b}_{3} = 1/\\left( {\\mathrm{{GBW}}{\\omega }_{1}{\\omega }_{2}}\\right)$ 。在满足极点分离的条件下, 有\n$$\n{A}_{\\mathrm{f}}\\left( s\\right)  = \\frac{1}{1 + {b}_{1}s + {b}_{2}{s}^{2} + {b}_{3}{s}^{3}} \\approx  \\frac{\\mathrm{{GBW}}}{s}\\frac{1}{1 + \\left( {{b}_{2}/{b}_{1}}\\right) s + \\left( {{b}_{3}/{b}_{1}}\\right) {s}^{2}} \\tag{9 - 96}\n$$\n根据 Routh 判据,由 ${b}_{1}{b}_{2} > {b}_{0}{b}_{3}$ 的系统稳定条件,得到的状态制约关系为\n$$\n\\frac{1}{\\mathrm{{GBW}}} > \\frac{1}{{\\omega }_{2}}\n$$\n(9 - 97 - a)\n$$\n{\\omega }_{2} > \\mathrm{{GBW}}\n$$\n(9 - 97 - b)\n由此得到 ${C}_{\\mathrm{m}} > {g}_{\\mathrm{{ml}}}{R}_{2}{C}_{2}$ 。与上述闭环巴特沃思输出响应不同的是,这里的闭环采用实数次极点分离的补偿策略。根据开环实极点分离的判据,有\n$$\n\\Delta  = \\frac{1}{{\\omega }_{1}^{2}} - 4\\frac{1}{{\\omega }_{1}{\\omega }_{2}} > 0\n$$\n(9 - 98 - a)\n$$\n{\\omega }_{2} > 2\\sqrt{{\\omega }_{1}{\\omega }_{2}}\n$$\n(9 - 98 - b)\n$$\n\\frac{1}{\\left( {R}_{2}{C}_{2}\\right) } > 2\\sqrt{\\frac{{g}_{\\mathrm{m}2}{g}_{\\mathrm{m}3}}{{C}_{2}{C}_{\\mathrm{L}}}}\n$$\n(9 - 98 - c)\n中间级增益满足的条件为\n$$\n{A}_{\\mathrm{V}2} = {g}_{\\mathrm{m}2}{R}_{2} < \\frac{1}{2}\\sqrt{\\frac{{g}_{\\mathrm{m}2}}{{g}_{\\mathrm{m}3}}\\frac{{C}_{\\mathrm{L}}}{{C}_{2}}} = \\frac{1}{2}\\sqrt{\\frac{{g}_{\\mathrm{m}2}}{s{C}_{2}}\\frac{1}{{g}_{\\mathrm{m}3}/s{C}_{\\mathrm{L}}}} = \\frac{1}{2}\\sqrt{\\frac{{A}_{\\mathrm{V}2,\\mathrm{{HF}}}}{{A}_{\\mathrm{V}3,\\mathrm{{HF}}}}} \\tag{9 - 99}\n$$\n则开环两分离的极点分别为\n$$\n- {p}_{2,3} = \\frac{-1/{\\omega }_{1} \\pm  \\sqrt{\\Delta }}{2/{\\omega }_{1}{\\omega }_{2}} = \\frac{-{\\omega }_{2} \\pm  \\sqrt{{\\omega }_{2}^{2} - 4{\\omega }_{1}{\\omega }_{2}}}{2} =  - \\frac{{\\omega }_{2}}{2}\\left( {1 \\mp  \\sqrt{1 - 4\\frac{{\\omega }_{1}}{{\\omega }_{2}}}}\\right)\n$$\n(9-100)\n在 $4{\\omega }_{1}/{\\omega }_{2} \\ll  1$ 的条件下,开环极点频率近似为\n$$\n{p}_{2} = {\\omega }_{1} = {A}_{\\mathrm{V}2}\\left( 0\\right) \\frac{{g}_{\\mathrm{m}3}}{{C}_{\\mathrm{L}}} = \\frac{{g}_{\\mathrm{m}2}{g}_{\\mathrm{m}3}}{{g}_{2}{C}_{\\mathrm{L}}}\n$$\n(9 - 101 - a)\n$$\n{p}_{3} = {\\omega }_{2} - {\\omega }_{1} = \\frac{{g}_{2}}{{C}_{2}} - \\frac{{g}_{\\mathrm{m}2}{g}_{\\mathrm{m}3}}{{g}_{2}{C}_{\\mathrm{L}}}\n$$\n(9 - 101 - b)\n将 $\\mathrm{{GBW}}$ 放置在合适的位置,满足 $2\\mathrm{{GBW}} < {p}_{2}\\text{、}4\\mathrm{{GBW}} < {p}_{3}$ 的条件,即 ${\\omega }_{1} \\geq  2\\mathrm{{GBW}}$ , ${\\omega }_{2} \\geq  6\\mathrm{{GBW}} = 3{p}_{\\mathrm{L}}$ ,则\n$$\n{C}_{\\mathrm{m}} \\geq  \\frac{1}{{A}_{\\mathrm{V}2}\\left( 0\\right) }\\left( {2\\frac{{g}_{\\mathrm{m}1}}{{g}_{\\mathrm{m}3}}{C}_{\\mathrm{L}}}\\right)\n$$\n(9 - 102 - a)\n$$\n\\frac{1}{{R}_{2}{C}_{2}} \\geq  \\frac{3{A}_{\\mathrm{V}2}\\left( 0\\right) {g}_{\\mathrm{m}3}}{{C}_{\\mathrm{L}}}\n$$\n(9 - 102 - b)\n在以上 3 个极点的作用下,相位裕度近似为 $\\mathrm{{PM}} = {90}^{ \\circ  } - \\arctan \\left( {1/2}\\right)  - \\arctan \\left( {1/4}\\right)  =$ ${90}^{ \\circ  } - {40.6}^{ \\circ  } \\approx  {49.4}^{ \\circ  }$ 。采用前馈通路,通过增加一个开环 LHP 零点,改变闭环极点的位置, 改善开环系统的相位裕度 $\\mathrm{{PM}}$ 。与前述巴特沃思响应设计相比,该结构补偿电容 ${C}_{\\mathrm{m}}$ 的限制条件相同,带宽的表达式相同,但中间级本征极点 ${\\omega }_{2}$ 限制条件中的系数由 2 增加到 3 ,对 ${C}_{\\mathrm{L}}$ 的下限要求更高。此外, 对中间级的增益要求也不相同, 滤波器设计要求增益为一常数, 而分离极点的设计要求中间级增益小于某一临界值。因此,后一种设计方法在克服 ${A}_{\\mathrm{V}2}$ 和 ${C}_{2}$ 等寄生电容等参数误差的影响方面有一定改进。但无论如何设计, UMC 补偿结构在性能尤其是带宽和参数变化的稳定性控制方面都存在明显的不足,需要采用新的补偿结构。在极端条件下,当中间增益级低频增益降低到 1 附近时,虽然缓解了三阶系统设计的矛盾,但这是以三阶系统退化成两阶系统为代价, 失去了提高系统整体增益的效果和意义。\n#### 9.4.2 嵌套型 Miller 补偿——NMC\nNMC 是在 UMC 补偿结构基础上改进后得到的基本补偿结构, 是高阶增益系统各种补偿设计的基础和出发点, NMC 可保证系统的稳定设计。在保证系统稳定的各类补偿结构性能改善设计中,都是基于 NMC 补偿原理的改进与发展。但与各种改进设计相比, NMC 性能尤其是带宽和功耗性能并非最优。\nNMC 的基本结构是在 UMC 基础上,在输出级增加 ${C}_{\\mathrm{m}2}$ Miller 补偿电容,此电容减少高频下中间级增益,电路结构如图 9-10 所示。为保证内部的负反馈性质,中间增益级为同相增益。 ${C}_{\\mathrm{{ml}}}$ 为 UMC 中外环路的反馈电容,主要用于压缩第一级增益级的输出极点,使之成为系统主极点； ${C}_{\\mathrm{m}2}$ 为内环路的反馈电容,该电容改变两个次极点的性质,或者为两个分离的实极点、或者为一对共轭复极点,且可控制其 $\\zeta$ 或 $Q$ 值大小,因此 ${C}_{\\mathrm{m}2}$ 对系统稳定性和频率响应特性影响至关重要。\n![0196aaa2-bbe2-70ee-823d-d4abf5c67805_271_392_268_780_344_0.jpg](images/0196aaa2-bbe2-70ee-823d-d4abf5c67805_271_392_268_780_344_0.jpg)\n图 9-10 三级运放的 NMC 补偿结构\n对 ${C}_{\\mathrm{m}2}$ 电容采用 Miller 电容近似消除内环反馈, ${C}_{\\mathrm{m}2}$ 的等效包括两个环路 (输出和中间环路增益),在中高频率下由于 ${C}_{\\mathrm{{ml}}}$ 等效短路,输出级有效输出跨导为 ${g}_{\\mathrm{{ml}}}{}^{\\prime } = {g}_{\\mathrm{{mL}}} - {g}_{\\mathrm{m}2}$ ,则内部中间结点等效电容为\n$$\n{C}_{\\mathrm{m}2}^{\\prime } = \\left( {1 - {A}_{\\mathrm{V}3}}\\right) {C}_{\\mathrm{m}2} = \\left\\lbrack  {1 + \\left( {{g}_{\\mathrm{m}\\mathrm{L}} - {g}_{\\mathrm{m}2}}\\right) /\\left( {s{C}_{\\mathrm{L}}}\\right) }\\right\\rbrack  {C}_{\\mathrm{m}2} \\tag{9-103}\n$$\n在电容 ${C}_{\\mathrm{{ml}}}$ 短路的高频反馈条件下,采用 UMC 中的分析方法,对应的极点多项式如式 (9-89)所示。令 ${\\omega }_{1} = {g}_{\\mathrm{m}2}/{C}_{\\mathrm{m}2},{\\omega }_{2} = {g}_{\\mathrm{{mL}}}/{C}_{\\mathrm{L}}$ 分别为最后两级的单位增益带宽,考虑到在 ${\\omega }_{1}$ 频率附近, ${C}_{\\mathrm{m}2}$ 的电导与 ${g}_{\\mathrm{m}2}$ 跨导相同,而为保持系统负反馈性质,即避免 ${C}_{\\mathrm{m}2}$ 的短路作用造成 ${C}_{\\mathrm{m}1}$ 的正反馈,必须保持 ${g}_{\\mathrm{m}\\mathrm{L}} \\gg  {g}_{\\mathrm{m}2} = {\\omega }_{1}{C}_{\\mathrm{m}2}$ 的限制。开环三级运放中,最后两级增益结构决定的特性多项式为\n$$\nB\\left( s\\right)  = 1 + \\frac{s}{p} = 1 + \\frac{s}{\\frac{{g}_{\\mathrm{m}2}}{s{C}_{\\mathrm{m}2}}\\frac{{g}_{\\mathrm{{mL}}}}{{C}_{\\mathrm{L}}}} = 1 + {s}^{2}\\frac{{C}_{\\mathrm{m}2}}{{g}_{\\mathrm{m}2}{g}_{\\mathrm{{mL}}}}\\left( {1 + \\frac{{g}_{\\mathrm{{mL}}} - {g}_{\\mathrm{m}2}}{s{C}_{\\mathrm{L}}}}\\right) {C}_{\\mathrm{L}}\n$$\n$$\n= {s}^{2}\\frac{{C}_{\\mathrm{m}2}{C}_{\\mathrm{L}}}{{g}_{\\mathrm{m}2}{g}_{\\mathrm{m}\\mathrm{L}}} + s\\frac{\\left( {{g}_{\\mathrm{m}\\mathrm{L}} - {g}_{\\mathrm{m}2}}\\right) {C}_{\\mathrm{m}2}}{{g}_{\\mathrm{m}2}{g}_{\\mathrm{m}\\mathrm{L}}} + 1 \\tag{9 - 104}\n$$\n在 ${g}_{\\mathrm{m}\\mathrm{L}} \\gg  {g}_{\\mathrm{m}2}$ 的条件下, NMC 的高频次极点多项式可简化为以下形式:\n$$\nB\\left( s\\right)  \\approx  1 + \\frac{{C}_{\\mathrm{m}2}}{{g}_{\\mathrm{m}2}}s + \\frac{{C}_{\\mathrm{m}2}}{{g}_{\\mathrm{m}2}}\\frac{{C}_{\\mathrm{L}}}{{g}_{\\mathrm{m}\\mathrm{L}}}{s}^{2} = 1 + \\frac{1}{{\\omega }_{1}}s + \\frac{1}{{\\omega }_{1}{\\omega }_{2}}{s}^{2} \\tag{9-105}\n$$\n从 $B\\left( s\\right)$ 看出, $Q$ 或 $\\zeta$ 值与 ${C}_{\\mathrm{m}}$ 有关,因此 ${C}_{\\mathrm{m}2}$ 的影响主要体现在对次极点性质和过冲的控制等方面。增加 ${C}_{\\mathrm{m}2}$ 电容值可使中间增益级的极点压缩,输出极点扩展,出现两个次极点分离的状态,但系统带宽因受中间增益级极点的牵引而压缩,限制了 ${C}_{\\mathrm{m}2}$ 的上限范围。当 ${C}_{\\mathrm{m}2}$ 较低时,则高频次极点出现共轭复极点的情况,且 $\\zeta$ 过小容易引起过冲, $\\mathrm{{PM}}$ 减小。因此 ${C}_{\\mathrm{m}2}$ 的选取与负载电容 ${C}_{\\mathrm{L}}$ 和输出管跨导 ${g}_{\\mathrm{{mL}}}$ 密切相关,并限定在特定的范围内。\n$\\mathrm{{NMC}}$ 存在的一个严重问题是,当高频下 ${C}_{\\mathrm{m}2}$ 短路时,原来 ${C}_{\\mathrm{{ml}}}$ 的外环负反馈变成正反馈,产生稳定性的问题。为此,必需增大 ${g}_{\\mathrm{{mL}}}$ (等效为电阻减小) 以提高短路发生的频率,其判据为 ${C}_{\\mathrm{m}2}$ 短路下的输出极点位于 4 倍的单位增益带宽以外。在巴特沃思闭环响应下, $\\mathrm{{GBW}} = {\\omega }_{0}/2 = {\\omega }_{1}/2 = {\\omega }_{2}/4$ ,即\n$$\n\\frac{{g}_{\\mathrm{{mL}}}}{{C}_{\\mathrm{L}}} \\geq  2{\\omega }_{0} = 4\\mathrm{{GBW}} = 4\\frac{{g}_{\\mathrm{m}1}}{{C}_{\\mathrm{m}1}} \\tag{9-106}\n$$\n在 ${C}_{\\mathrm{m}1}$ 和 ${C}_{\\mathrm{m}2}$ 的共同作用下,中间增益级 ${g}_{\\mathrm{m}2}$ 管 $\\mathrm{{GD}}$ 间的等效电容为以上两补偿电容的串联,并远大于该管的 ${C}_{\\mathrm{{GS}}}$ 电容,造成中间增益输出级的阻抗为 $1/{g}_{\\mathrm{m}2}$ ,则独立的中间增益级极点频率为 ${\\omega }_{1} = {g}_{\\mathrm{m}2}/\\left( {{C}_{\\mathrm{m}2}//{C}_{\\mathrm{L}}}\\right)  \\approx  {g}_{\\mathrm{m}2}/{C}_{\\mathrm{m}2}$ ,而系统输出级的独立极点近似为 ${\\omega }_{2} =$ ${g}_{\\mathrm{{mL}}}/{C}_{\\mathrm{L}}$ 。满足系统稳定的 ${g}_{\\mathrm{{mL}}}$ 下限为 ${g}_{\\mathrm{m}2}$ ,满足相位裕度限制的 ${g}_{\\mathrm{{mL}}}$ 下限为 $4{g}_{\\mathrm{{ml}}}\\left( {{C}_{\\mathrm{L}}/{C}_{\\mathrm{{ml}}}}\\right)$ , 当 ${C}_{\\mathrm{L}} \\gg  {C}_{\\mathrm{{ml}}}$ 时,应有 ${g}_{\\mathrm{{mL}}} \\gg  {g}_{\\mathrm{{ml}}}$ 。\n在忽略零点影响的前提下,采用巴特沃思响应的闭环设计方法,则有 $2{\\omega }_{0}{}^{2} = {\\omega }_{1}{\\omega }_{2},{\\omega }_{1} =$ ${\\omega }_{0} = {g}_{\\mathrm{m}2}/{C}_{\\mathrm{m}2},{\\omega }_{2} = 2{\\omega }_{0} = {g}_{\\mathrm{{mL}}}/{C}_{\\mathrm{L}},\\mathrm{{GBW}} = {g}_{\\mathrm{m}1}/{C}_{\\mathrm{m}1} = {\\omega }_{0}/2$ ,由此可得补偿电容为\n$$\n{C}_{\\mathrm{{ml}}} = 4\\frac{{g}_{\\mathrm{{ml}}}}{{g}_{\\mathrm{{mL}}}}{C}_{\\mathrm{L}}\n$$\n(9 - 107 - a)\n$$\n{C}_{\\mathrm{m}2} = 2\\frac{{g}_{\\mathrm{m}2}}{{g}_{\\mathrm{{mL}}}}{C}_{\\mathrm{L}}\n$$\n(9 - 107 - b)\n满足巴特沃思闭环响应特性及限制条件下,开环系统的两个共轭复极点以及 GBW 带宽分别为\n$$\n{p}_{2,3} = \\frac{1}{2}\\frac{{g}_{\\mathrm{{mL}}}}{{C}_{\\mathrm{L}}}\\left( {1 \\pm  j}\\right)\n$$\n(9 - 108 - a)\n$$\n\\mathrm{{GBW}} = \\frac{1}{2}{\\omega }_{0} = \\frac{{g}_{\\mathrm{{ml}}}}{{C}_{\\mathrm{m}1}}\n$$\n(9 - 108 - b)\n$\\zeta  = 1/\\sqrt{2},{\\omega }_{\\mathrm{n}} = \\sqrt{2{\\omega }_{0}} = \\left| {p}_{2,3}\\right|$ ,相应的相位裕度为\n$$\n\\mathrm{{PM}} = {90}^{ \\circ  } - \\arctan \\frac{{2\\zeta }\\left( {\\mathrm{{GBW}}/{\\omega }_{\\mathrm{n}}}\\right) }{1 - {\\left( \\mathrm{{GBW}}/{\\omega }_{\\mathrm{n}}\\right) }^{2}} = {90}^{ \\circ  } - \\arctan \\frac{\\mathrm{{GBW}}/{\\omega }_{0}}{1 - {0.5}{\\left( \\mathrm{{GBW}}/{\\omega }_{0}\\right) }^{2}}\n$$\n$$\n= {90}^{ \\circ  } - \\arctan \\frac{4}{7} \\approx  {60}^{ \\circ  } \\tag{9 - 109}\n$$\n中频下 ${C}_{\\mathrm{m}1}$ 开路, ${C}_{\\mathrm{m}2}$ 前馈；高频下 ${C}_{\\mathrm{m}1}$ 前馈。则考虑两路前馈通道后,其零点多项式为\n$$\nD\\left( s\\right)  = 1 - \\frac{\\left( {{g}_{\\mathrm{m}2}{R}_{2}}\\right) s{C}_{\\mathrm{m}2}}{\\left( {{g}_{\\mathrm{m}2}{R}_{2}}\\right) {g}_{\\mathrm{m}\\mathrm{L}}} - \\frac{s{C}_{\\mathrm{m}1}}{\\left( {{g}_{\\mathrm{m}2}/s{C}_{\\mathrm{m}2}}\\right) {g}_{\\mathrm{m}\\mathrm{L}}} = 1 - s\\frac{{C}_{\\mathrm{m}2}}{{g}_{\\mathrm{m}\\mathrm{L}}} - {s}^{2}\\frac{{C}_{\\mathrm{m}1}{C}_{\\mathrm{m}2}}{{g}_{\\mathrm{m}2}{g}_{\\mathrm{m}\\mathrm{L}}}\n$$\n(9 - 110)\n$s$ 项的负系数导致 $\\mathrm{{RHP}}$ 零点频率低于 $\\mathrm{{LHP}}$ 零点频率,只有当 $\\mathrm{{RHP}}$ 零点远高于 $\\mathrm{{GBW}}$ 时对相位裕度的不利影响才可忽略,以上巴特沃思闭环设计的结果才能近似成立。\n#### 9.4.3 消除 RHP 零点的嵌套型 Miller 补偿——NMCNR、NMCFNR\n在基本的 NMC 补偿结构中,由于两个补偿电容前馈通路形成 RHP 和 LHP 的零点作用,使得系统的频率特性与理想状态产生偏差,导致相位裕度下降。借鉴两级补偿结构中采用的串联调节阻及有源前馈补偿技术,可分别形成三级系统的 NMCNR (图 9-11)、 NMCFNR(图 9-12) 补偿结构, 达到消除 RHP 零点的目的, 进一步改善多级系统的频率特性。\n具体而言, 就是针对基本 NMC 补偿结构中存在的两个零点, 采用串联调节电阻改变电容前馈的相位,使 RHP 零点转变为 LHP 零点,同时有效控制 ${R}_{\\mathrm{m}}$ 电阻引入后对原有极点的调制作用。由于两补偿电容可共用补偿电阻 ${R}_{\\mathrm{m}}$ ,其零点和高频次极点多项式分别为\n$$\nD\\left( s\\right)  = 1 + s\\left\\lbrack  {{C}_{\\mathrm{m}1}{R}_{\\mathrm{m}} + {C}_{\\mathrm{m}2}\\left( {{R}_{\\mathrm{m}} - \\frac{1}{{g}_{\\mathrm{m}L}}}\\right) }\\right\\rbrack   - {s}^{2}\\frac{{C}_{\\mathrm{m}1}{C}_{\\mathrm{m}2}\\left( {1 - {g}_{\\mathrm{m}L}{R}_{\\mathrm{m}}}\\right) }{{g}_{\\mathrm{m}2}{g}_{\\mathrm{m}L}} \\tag{9 - 111}\n$$\n$$\nN\\left( s\\right)  = 1 + s\\frac{{C}_{\\mathrm{m}2}\\left( {{g}_{\\mathrm{m}L} - {g}_{\\mathrm{m}2}}\\right) }{{g}_{\\mathrm{m}2}{g}_{\\mathrm{m}L}} + {s}^{2}\\frac{{C}_{\\mathrm{m}1}{C}_{\\mathrm{m}2}\\left( {1 - {g}_{\\mathrm{m}2}{R}_{\\mathrm{m}}}\\right) }{{g}_{\\mathrm{m}2}{g}_{\\mathrm{m}L}} \\tag{9 - 112}\n$$\n![0196aaa2-bbe2-70ee-823d-d4abf5c67805_273_401_586_784_345_0.jpg](images/0196aaa2-bbe2-70ee-823d-d4abf5c67805_273_401_586_784_345_0.jpg)\n图 9-11 NMCNR 补偿结构\n如采用的补偿电阻设置为 ${R}_{\\mathrm{m}} = 1/{g}_{\\mathrm{{mL}}}$ ,即 ${g}_{\\mathrm{{mL}}}{R}_{\\mathrm{m}} = 1$ ,则消除一个高频零点后仅保留一个 LHP 的零点 $z = 1/\\left( {{R}_{\\mathrm{m}}{C}_{\\mathrm{m}}}\\right)  = {g}_{\\mathrm{{mL}}}/{C}_{\\mathrm{m}1}$ 。设 ${k}_{\\mathrm{g}} = {g}_{\\mathrm{m}2}/{g}_{\\mathrm{{mL}}}$ ,则高频极点的多项式变为\n$$\nN\\left( s\\right)  = 1 + s\\frac{\\left( {1 - {k}_{\\mathrm{g}}}\\right) {C}_{\\mathrm{m}2}}{{g}_{\\mathrm{m}2}} + {s}^{2}\\frac{{C}_{\\mathrm{{ml}}}\\left( {1 - {k}_{\\mathrm{g}}}\\right) {C}_{\\mathrm{m}2}}{{g}_{\\mathrm{m}2}{g}_{\\mathrm{{mL}}}} \\tag{9 - 113}\n$$\n与标准 $\\mathrm{{NMC}}$ (不含零点) 补偿结构相比, $\\mathrm{{NMCNR}}$ 只需将 $\\left( {1 - {k}_{\\mathrm{g}}}\\right) {C}_{\\mathrm{m}2}$ 等效成新的 ${C}_{\\mathrm{m}2}^{\\prime }$ 电容,则所得结论与 NMC 的结果完全一致。NMCNR 补偿只适合固定负载电流驱动下的应用,否则,当负载变化导致 ${g}_{\\mathrm{{mL}}}$ 变化时,由于 ${R}_{\\mathrm{m}}$ 保持不变,则零-极点匹配发生变化,系统偏离原来的设定。同样,在负载固定条件下,电阻参数变化导致零极点不完全抵消也会带来的性能变化。对于零点,电阻变化可导致零点 $\\mathrm{{LHP}}/\\mathrm{{RHP}}$ 性质的变化。但这是允许的,因为产生的 $\\mathrm{{RHP}}$ 通常为高频零点,只要 ${R}_{\\mathrm{m}} > 1/{g}_{\\mathrm{{mL}}}$ ,即可保持 $\\mathrm{{LHP}}$ 的零点性质。对于极点,由于 $\\mathrm{{RHP}}$ 极点被禁止,必然有 ${R}_{\\mathrm{m}} < 1/{g}_{\\mathrm{m}2}$ 。因此,补偿电阻的可能范围为\n$$\n\\frac{1}{{g}_{\\mathrm{{mL}}}} \\leq  {R}_{\\mathrm{m}} \\leq  \\frac{1}{{g}_{\\mathrm{m}2}} \\tag{9 - 114}\n$$\n${R}_{\\mathrm{m}}$ 靠近 $1/{g}_{\\mathrm{{mL}}}$ 时,接近理想 $\\mathrm{{NMC}}$ 性能, $\\mathrm{{LHP}}$ 零点频率的影响可忽略; ${R}_{\\mathrm{m}}$ 靠近 $1/{g}_{\\mathrm{m}2}$ 时, 虽然可提高高频次极点的频率,同时降低 LHP 零点频率,改善性能,但一旦参数漂移使 ${R}_{\\mathrm{m}}$ $> 1/{g}_{\\mathrm{m}2}$ ,将导致高频 $\\mathrm{{RHP}}$ 极点的产生,系统失去稳定性,电路稳定工作的可靠性下降,因此 ${R}_{\\mathrm{m}}$ 必须距 $1/{g}_{\\mathrm{m}2}$ 有足够的距离。\nNMCFNR 是对 NMCNR 的进一步改善, 即在系统中的第一级输出与系统输出增益级之间引入了一个并联的反向前馈环节 ${g}_{\\mathrm{{mf}}}$ ,即与 ${C}_{\\mathrm{{ml}}}$ 并行。 ${g}_{\\mathrm{{mf}}}$ 产生两个方面的作用,一是提供前馈电流补偿前馈电容电流, 消除 RHP 零点, 另一方面是与输出管配合, 形成互补推挽驱动的输出结构,提高大信号压摆率。同时, ${g}_{\\mathrm{{mf}}}$ 在特定的结构内也会对开环系统的极点产生影响, 其零点与极点的特征多项式分别为\n$$\nD\\left( s\\right)  = 1 + s\\left\\lbrack  {\\left( {{C}_{\\mathrm{m}1} + {C}_{\\mathrm{m}2}}\\right) {R}_{\\mathrm{m}} + \\frac{{C}_{\\mathrm{m}2}\\left( {{g}_{\\mathrm{m}\\mathrm{f}} - {g}_{\\mathrm{m}2}}\\right) }{{g}_{\\mathrm{m}2}{g}_{\\mathrm{m}\\mathrm{L}}}}\\right\\rbrack   - {s}^{2}\\frac{{C}_{\\mathrm{m}1}{C}_{\\mathrm{m}2}\\left\\lbrack  \\left( {1 - \\left( {{g}_{\\mathrm{m}\\mathrm{f}} + {g}_{\\mathrm{m}\\mathrm{L}}}\\right) {R}_{\\mathrm{m}}}\\right) \\right\\rbrack  }{{g}_{\\mathrm{m}2}{g}_{\\mathrm{m}\\mathrm{L}}}\n$$\n(9 - 115)\n$$\nN\\left( s\\right)  = 1 + s\\frac{{C}_{\\mathrm{m}2}\\left( {{g}_{\\mathrm{{mL}}} + {g}_{\\mathrm{{mf}}} - {g}_{\\mathrm{m}2}}\\right) }{{g}_{\\mathrm{m}2}{g}_{\\mathrm{{mL}}}} + {s}^{2}\\frac{{C}_{\\mathrm{{ml}}}{C}_{\\mathrm{m}2}}{{g}_{\\mathrm{m}2}{g}_{\\mathrm{{mL}}}} \\tag{9 - 116}\n$$\n![0196aaa2-bbe2-70ee-823d-d4abf5c67805_274_385_503_784_407_0.jpg](images/0196aaa2-bbe2-70ee-823d-d4abf5c67805_274_385_503_784_407_0.jpg)\n图 9-12 NMCFNR 补偿结构\n在 ${g}_{\\mathrm{{mf}}} > {g}_{\\mathrm{m}2}$ 的条件下可确保不产生低频 $\\mathrm{{RHP}}$ 零点,当 ${g}_{\\mathrm{{mf}}} = {g}_{\\mathrm{m}2}\\text{、}\\left( {{g}_{\\mathrm{{mf}}} + {g}_{\\mathrm{{mL}}}}\\right) {R}_{\\mathrm{m}} = 1$ 的条件同时满足时, 原有的两个零点退化为一个 LHP 零点, 即\n$$\nz = \\frac{1}{{R}_{\\mathrm{m}}\\left( {{C}_{\\mathrm{m}1} + {C}_{\\mathrm{m}2}}\\right) } = \\frac{{g}_{\\mathrm{{mf}}} + {g}_{\\mathrm{{mL}}}}{{C}_{\\mathrm{m}1} + {C}_{\\mathrm{m}2}} \\tag{9 - 117}\n$$\n考虑参数变化带来的影响,实际取值 ${g}_{\\mathrm{{mf}}} > {g}_{\\mathrm{m}2}$ ,以确保 $\\mathrm{{RHP}}$ 零点的消除。实际上, ${g}_{\\mathrm{{mf}}}$ 通过 ${R}_{\\mathrm{m}}$ 的间接作用影响到零点,因此 ${g}_{\\mathrm{{mf}}}$ 应合理选择以确定合适的 ${R}_{\\mathrm{m}}$ 补偿电阻。当 ${g}_{\\mathrm{{mf}}}$ 增加时, 两次极点向分离实极点的方向变化, 低频次极点的降低限制了带宽的提高或影响其相位裕度,此时受 ${g}_{\\mathrm{{mf}}}$ 控制的零点可参与 $z - p$ 的补偿抵消,并且至少存在两种补偿策略,即零点分别与极点 ${p}_{2}$ 和 ${p}_{3}$ 相抵消,形成 NMC 补偿设计的多样性的变化。\n#### 9.4.4 阻尼控制 Miller 补偿——DFC\n在基本的 NMC 补偿中, ${C}_{\\mathrm{m}2}$ 的作用主要用来压缩中间增益级的极点,同时压缩 GBW 以满足系统稳定性要求。当取消 ${C}_{\\mathrm{m}2}$ 电容后,电路退化为 $\\mathrm{{UMC}}$ 补偿结构,由于输出增益级放大管的 ${C}_{\\mathrm{{GD}}}$ 寄生电容远小于原有的 ${C}_{\\mathrm{m}2}$ 电容,导致中间增益极点 ${p}_{2}$ 增加,同时该 ${C}_{\\mathrm{{GD}}}$ 电容的下降导致输出级 $1/{g}_{\\mathrm{{mL}}}$ 的低阻输出作用消失,使输出极点 ${p}_{3}$ 减小。两者的共同作用使 ${p}_{2}$ 与 ${p}_{3}$ 相互靠近后必然形成共轭复极点。但由于 $\\mathrm{{GBW}}$ 带宽随 ${C}_{\\mathrm{{GD}}}$ 的减小而快速增加,必然导致 $\\mathrm{{GBW}} > \\left| {p}_{2}\\right|$ ,并产生稳定性方面的问题。系统稳定性的下降表现为阻尼因子 $\\zeta$ 很小, $Q$ 很大,造成 $\\mathrm{{PM}}$ 和 $\\mathrm{{GM}}$ 的下降。因此,新的补偿结构应可控制电路的阻尼 $\\zeta$ 因子或品质 $Q$ 因子,实现电路的稳定性控制。\n基于 ${C}_{\\mathrm{m}2}$ 的阻尼因子调节补偿结构 $\\mathrm{{DFC}}$ 正是这样一种稳定性控制结构,该补偿结构由反馈放大器与 ${C}_{\\mathrm{m}2}$ 构成的环路组成,可置于第一级的输出,构成 Type II型阻尼因子补偿；或位于第二级的输出,构成 Type I型阻尼。因此, DFC 补偿与简单的 ${C}_{\\mathrm{m}2}$ 跨接中间级与输出级不同, DFC仅影响某一中间级一个位置下的极点频率,因此对阻尼因子的控制更加简洁有效。\n![0196aaa2-bbe2-70ee-823d-d4abf5c67805_275_358_261_853_565_0.jpg](images/0196aaa2-bbe2-70ee-823d-d4abf5c67805_275_358_261_853_565_0.jpg)\n图 9-13 Type I 型 DFC 补偿结构\n对于图 9-13 所示的 Type I 型 DFC 补偿结构,设 ${g}_{\\mathrm{{m4}}}$ 为 DFC 补偿电路中放大管的跨导,应满足 ${g}_{m4}{R}_{4} > 1$ 的增益条件。在直流低频条件下, DFC1 补偿的开环结构对主电路的增益不产生影响；随着频率增加到主极点频率后,由于 ${C}_{\\mathrm{m}2}$ 电容没有直接作用于主通路,扩展 ${p}_{2}$ 极点而实现了 $\\mathrm{{GBW}}$ 的提高,同时 $\\mathrm{{DFC}}1$ 的分流作用具有对两高频次极点相对位置即阻尼因子的控制作用,以确保 GBW 提高后系统的稳定。在 ${C}_{\\mathrm{m}1} \\geq  {C}_{\\mathrm{m}2} > {C}_{2}$ 的条件下、三级增益开环放大器开环增益 $A\\left( s\\right)$ 的零点与极点特征多项式分别为\n$$\nD\\left( s\\right)  = 1 + s\\frac{{g}_{\\mathrm{{mf}}}{C}_{2} - {g}_{\\mathrm{m}4}{C}_{\\mathrm{m}1}}{{g}_{\\mathrm{m}2}{g}_{\\mathrm{m}3} + {g}_{\\mathrm{{mf}}}{g}_{\\mathrm{m}4}} - {s}^{2}\\frac{{C}_{2}{C}_{\\mathrm{{ml}}}}{{g}_{\\mathrm{m}2}{g}_{\\mathrm{m}3} + {g}_{\\mathrm{{mf}}}{g}_{\\mathrm{m}4}} \\tag{9 - 118}\n$$\n$$\nN\\left( s\\right)  = 1 + s\\frac{{C}_{\\mathrm{L}}{g}_{\\mathrm{m}4}}{{g}_{\\mathrm{m}2}{g}_{\\mathrm{m}3} + {g}_{\\mathrm{{mf}}}{g}_{\\mathrm{m}4}} + {s}^{2}\\frac{{C}_{2}{C}_{\\mathrm{L}}}{{g}_{\\mathrm{m}2}{g}_{\\mathrm{m}3} + {g}_{\\mathrm{{mf}}}{g}_{\\mathrm{m}4}} \\tag{9 - 119}\n$$\n若忽略零点的影响,使相位裕度为 ${60}^{ \\circ  }$ ,设 ${\\omega }_{\\mathrm{n}} = \\sqrt{2{\\omega }_{0}}$ ,且 $\\mathrm{{GBW}} = {g}_{\\mathrm{m}1}/{C}_{\\mathrm{m}1} = {\\omega }_{0}/2$ ,则巴特沃思闭环响应特性设计所要求 $N\\left( s\\right)$ 系数必需满足\n$$\n\\frac{1}{{\\omega }_{0}} = \\frac{{g}_{\\mathrm{m}4}{C}_{\\mathrm{L}}}{{g}_{\\mathrm{m}2}{g}_{\\mathrm{m}3} + {g}_{\\mathrm{{mf}}}{g}_{\\mathrm{m}4}}\n$$\n$$\n\\frac{1}{2{\\omega }_{0}^{2}} = \\frac{{C}_{2}{C}_{\\mathrm{L}}}{{g}_{\\mathrm{m}2}{g}_{\\mathrm{m}3} + {g}_{\\mathrm{{mf}}}{g}_{\\mathrm{m}4}}\n$$\n(9 - 120 - b)\n根据以上限制条件解出 $\\mathrm{{DFC}}$ 中的 ${g}_{\\mathrm{m}4}$ 及补偿电容为\n$$\n{g}_{\\mathrm{m}4} = \\frac{{C}_{2}}{{C}_{\\mathrm{L}}}{g}_{\\mathrm{{mf}}}\\left\\lbrack  {1 + \\sqrt{1 + 2\\frac{{C}_{\\mathrm{L}}}{{C}_{2}}\\frac{{g}_{\\mathrm{m}2}{g}_{\\mathrm{m}3}}{{g}_{\\mathrm{{mf}}}^{2}}}}\\right\\rbrack   = \\beta \\left( \\frac{{C}_{2}}{{C}_{\\mathrm{L}}}\\right) {g}_{\\mathrm{{mf}}} \\tag{9 - 121}\n$$\n$$\n{C}_{\\mathrm{{ml}}} = \\frac{1}{\\beta }\\left( {4\\frac{{g}_{\\mathrm{m}1}}{{g}_{\\mathrm{{mf}}}}}\\right) {C}_{\\mathrm{L}} = {C}_{\\mathrm{m}2} \\tag{9 - 122}\n$$\n通常,在互补推挽的输出驱动要求下,设有 ${g}_{\\mathrm{{mf}}} = {g}_{\\mathrm{m}3}$ ,则带宽倍增因子 $\\beta \\text{、}Q$ 分别为\n$$\n\\beta  = 1 + \\sqrt{1 + 2\\frac{{C}_{\\mathrm{L}}}{{C}_{2}}\\frac{{g}_{\\mathrm{m}2}}{{g}_{\\mathrm{{mf}}}}}\n$$\n(9 - 123 - a)\n$$\nQ = \\sqrt{\\frac{{C}_{2}}{{C}_{\\mathrm{L}}}\\frac{{g}_{\\mathrm{m}2}{g}_{\\mathrm{m}3} + {g}_{\\mathrm{{mf}}}{g}_{\\mathrm{m}4}}{{g}_{\\mathrm{m}4}^{2}}}\n$$\n(9 - 123 - b)\n由于 ${C}_{\\mathrm{{ml}}}$ 补偿电容与 $\\mathrm{{NMC}}$ 相比减小了 $\\beta$ 倍,则 $\\mathrm{{GBW}}$ 带宽相应增加了 $\\beta$ 倍。但 $\\mathrm{{DFC}}1$ 补偿结构的缺点在于跨导 ${g}_{\\mathrm{m}4}$ 随负载电容 ${C}_{\\mathrm{L}}$ 和 ${g}_{\\mathrm{m}6}$ 而改变, DFC 1 存在负载电容 ${C}_{\\mathrm{L}}$ 的补偿上限。\n对于 Type II 型的补偿结构,只需将 DFC 补偿网络的接入位置移至系统第一级的输出, DFC 对系统主极点的影响很小并可忽略,通过对中间增益输入级的影响调节两次极点的位置关系。若不考虑并联前馈 ${g}_{\\mathrm{{mf}}}$ 的作用,开环系统零点与极点特征多项式分别为\n$$\nD\\left( s\\right)  = 1 + s\\frac{{g}_{\\mathrm{m}3}{R}_{2}{C}_{2} - {C}_{\\mathrm{m}1}}{{g}_{\\mathrm{m}2}{g}_{\\mathrm{m}3}{R}_{2}} - {s}^{2}\\frac{{C}_{2}{C}_{\\mathrm{m}1}}{{g}_{\\mathrm{m}2}{g}_{\\mathrm{m}3}} \\tag{9 - 124}\n$$\n$$\nN\\left( s\\right)  = 1 + s\\frac{{C}_{2}}{{g}_{\\mathrm{m}2}}\\left( {1 + \\frac{{g}_{\\mathrm{m}4}{C}_{\\mathrm{L}}}{{g}_{\\mathrm{m}3}{C}_{\\mathrm{m}1}}}\\right)  + {s}^{2}\\frac{{C}_{2}{C}_{\\mathrm{{ml}}}}{{g}_{\\mathrm{m}2}{g}_{\\mathrm{m}3}} \\tag{9 - 125}\n$$\n采用与 DFC 补偿同样的巴特沃思设计方法, $N\\left( s\\right)$ 系数应满足\n$$\n\\frac{1}{{\\omega }_{0}} = \\frac{{C}_{2}}{{g}_{\\mathrm{m}2}}\\left( {1 + \\frac{{g}_{\\mathrm{m}4}{C}_{\\mathrm{L}}}{{g}_{\\mathrm{m}3}{C}_{\\mathrm{m}1}}}\\right)  \\approx  \\frac{{g}_{\\mathrm{m}4}{C}_{\\mathrm{L}}{C}_{2}}{{g}_{\\mathrm{m}3}{g}_{\\mathrm{m}2}{C}_{\\mathrm{m}1}}\n$$\n(9 - 126 - a)\n$$\n\\frac{1}{2{\\omega }_{0}^{2}} = \\frac{{C}_{2}{C}_{\\mathrm{m}1}}{{g}_{\\mathrm{m}2}{g}_{\\mathrm{m}3}}\n$$\n(9 - 126 - b)\n补偿电容为\n$$\n{C}_{\\mathrm{m}1} = \\frac{{g}_{\\mathrm{m}4}{C}_{2}{C}_{\\mathrm{L}}}{\\sqrt{2}{g}_{\\mathrm{m}2}{g}_{\\mathrm{m}3}}\\sqrt{\\frac{{g}_{\\mathrm{m}2}{g}_{\\mathrm{m}3}}{{C}_{2}{C}_{\\mathrm{L}}}} = \\frac{1}{\\sqrt{2}}{g}_{\\mathrm{m}4}\\sqrt{\\frac{{C}_{2}{C}_{\\mathrm{L}}}{{g}_{\\mathrm{m}2}{g}_{\\mathrm{m}3}}} = \\frac{{g}_{\\mathrm{m}4}}{2{\\omega }_{0}} \\tag{9 - 127}\n$$\nDFC2 的补偿跨导为\n$$\n{g}_{\\mathrm{m}4} = 2{\\omega }_{0}{C}_{\\mathrm{{ml}}} = 4\\mathrm{{GBW}} \\cdot  {C}_{\\mathrm{m}1} = 4\\frac{{g}_{\\mathrm{m}1}}{{C}_{\\mathrm{{ml}}}}{C}_{\\mathrm{{ml}}} = 4{g}_{\\mathrm{{ml}}} \\tag{9 - 128}\n$$\n$$\n{C}_{m1} = \\frac{4}{\\sqrt{2}}{g}_{m1}\\sqrt{\\frac{{C}_{2}{C}_{L}}{{g}_{m2}{g}_{m3}}} = {g}_{m1}\\sqrt{\\frac{8{C}_{2}{C}_{L}}{{g}_{m2}{g}_{m3}}} \\tag{9 - 129}\n$$\n与 $\\mathrm{{NMC}}$ 相比, $\\mathrm{{DFC}}2$ 对 ${g}_{\\mathrm{m}3}$ 的限制要求减弱,而且补偿电容 ${C}_{\\mathrm{{ml}}}$ 与负载电容 ${C}_{\\mathrm{L}}$ 的依赖关系减弱,由原来的线性关系降为平方根关系。但 ${g}_{\\mathrm{m}3}$ 对系统的决定和影响机制并没有发生根本改变, ${g}_{\\mathrm{m}3}$ 最小(空载)对应于 $\\mathrm{{PM}}$ 最差,在特定的 ${C}_{\\mathrm{L}}$ 下需要的 ${C}_{\\mathrm{{ml}}}$ 也越大、 ${C}_{\\mathrm{L}}$ 提高要求补偿电容 ${C}_{\\mathrm{{ml}}}$ 也应随之增加。因此,重负载电容 ${C}_{\\mathrm{L}}$ 下的补偿难度增加,存在一个最小电流的稳定,即 ${g}_{\\mathrm{m}3}$ 存在一个最小值。而在轻载 ${C}_{\\mathrm{L}}$ 下的补偿难度降低,即在空载下 ${C}_{\\mathrm{m}1}$ 较小,从而使系统在任何负载电流驱动下都能稳定。 ${C}_{\\mathrm{m}2} \\gg  {C}_{\\mathrm{p}2}$ ,可取 ${C}_{\\mathrm{m}2} = {C}_{\\mathrm{m}1}$ 。\n最后, 得到的带宽结果为\n$$\n\\mathrm{{GBW}} = \\frac{{g}_{\\mathrm{{ml}}}}{{C}_{\\mathrm{m}1}} = \\sqrt{\\frac{{g}_{\\mathrm{m}2}{g}_{\\mathrm{m}3}}{8{C}_{2}{C}_{\\mathrm{L}}}} = \\left( {\\frac{1}{4}\\frac{{g}_{\\mathrm{m}3}}{{C}_{\\mathrm{L}}}}\\right) \\sqrt{2\\left( \\frac{{C}_{\\mathrm{L}}}{{C}_{2}}\\right) \\frac{{g}_{\\mathrm{m}2}}{{g}_{\\mathrm{m}3}}} = \\beta  \\cdot  {\\mathrm{{GBW}}}_{\\mathrm{{NMC}}} \\tag{9 - 130}\n$$\nDFC1 相对 DFC2 增加了一维变化空间 $\\left( {{g}_{\\mathrm{{md}}}\\text{、}{C}_{\\mathrm{{ml}}}}\\right)$ ,因此比较适合负载固定下的应用。 否则当 ${g}_{\\mathrm{m}4}$ 相对变小时,等效于 $\\zeta$ 减小、 $Q$ 值增加, GM下降。DFC2 中的 ${g}_{\\mathrm{m}4}$ 为固定的 $4{g}_{\\mathrm{m}1}$ , 能够适应 ${C}_{\\mathrm{L}}$ 负载的变化而保持稳定特性不变,但功耗特性无法优化。\n#### 9.4.5 有源前馈控制 Miller 补偿——AFFC\n以上 DFC 的补偿结构中,重点在于控制开环增益两个高频次极点的位置关系,实际上由于前馈网络导致的 RHP 零点将使理想的补偿特性退化。而有源前馈型多级补偿结构, 不但关注高频次极点的相互控制关系,还关注零点性质和位置的控制。当消除 RHP 零点并利用 LHP 零点的相位超前补偿后,系统的相位裕度提高。因此,补偿电路设计的关键在于 ${C}_{\\mathrm{m}1}$ 、 ${C}_{\\mathrm{m}2}$ 通路中增加单向的电流或电压隔离增益级,隔离电容前馈通路以消除 $\\mathrm{{RHP}}$ 零点并形成 LHP 零点。有源前馈反馈补偿结构正属于这样一类电路类型。\n![0196aaa2-bbe2-70ee-823d-d4abf5c67805_277_371_785_795_495_0.jpg](images/0196aaa2-bbe2-70ee-823d-d4abf5c67805_277_371_785_795_495_0.jpg)\n图 9-14 AFFC 补偿结构\n如图 9-14 所示的有源前馈频率补偿结构中,外环电容 ${C}_{\\mathrm{{ml}}} = {C}_{\\mathrm{a}}$ 支路中增加了 ${g}_{\\mathrm{{ma}}}$ 的单向隔离 (同相放大器) 以消除 $\\mathrm{{RHP}}$ 零点,内层电容 ${C}_{\\mathrm{m}2}$ 仍然保留,同时采用 ${g}_{\\mathrm{{ml}}}$ 的前馈通路, 以共同控制 $\\zeta$ 或 $Q$ 。由于 ${g}_{\\mathrm{{ma}}}$ 对 ${C}_{\\mathrm{{ml}}}$ 的放大作用,减小了 ${C}_{\\mathrm{{ml}}}$ 的取值。考虑 ${A}_{\\mathrm{a}}$ 增益对 ${C}_{\\mathrm{{ml}}}$ 的影响,设 ${C}_{\\mathrm{{ml}}}^{\\prime }$ 为不存在增益隔离时的值, ${C}_{\\mathrm{{ml}}}$ 为存在增益时的补偿值,在相同的支路电流和输出电压下,根据反馈电压变化量相同的等价关系,有\n$$\ni\\frac{1}{s{C}_{\\mathrm{m}1}} \\Leftrightarrow  i\\frac{1}{s{C}_{\\mathrm{m}1}}{A}_{\\mathrm{a}},{C}_{\\mathrm{m}1} = {C}_{\\mathrm{m}1}^{\\prime }{A}_{\\mathrm{a}} \\tag{9 - 131}\n$$\n因此补偿电容的等效值在 ${g}_{\\mathrm{{mf}}}$ 的作用下增加了 ${A}_{\\mathrm{a}}$ 倍。此外,由于 ${g}_{\\mathrm{{ma}}}$ 的前馈隔离作用,零点受到调制,补偿电容 ${C}_{\\mathrm{{ml}}}^{\\prime }$ 的大幅度减小,导致实际带宽显著增加。该结构的另一个优点是 ${C}_{\\mathrm{{ml}}}$ 与 $1/{g}_{\\mathrm{{ma}}}$ 电阻串联形成 $\\mathrm{{LHP}}$ 零点。但由于 ${C}_{\\mathrm{m}2}$ 短路下的正反馈效应,必须采用前馈 ${g}_{\\mathrm{{mf}}}$ 以保持系统各结点的负反馈性质。由于有 ${g}_{\\mathrm{{mf}}}$ 的作用,则 ${C}_{\\mathrm{m}2}$ 短路所造成的正反馈就无法发生,因为高频下反馈经过 ${g}_{\\mathrm{{ma}}}$ 后,经由高速 ${g}_{\\mathrm{{mf}}}$ 通路,而非主路径的高增益通路,因此必须保证 ${g}_{\\mathrm{{mf}}} > {g}_{\\mathrm{m}2}$ 。高频下开环电路的传递函数为\n$$\nA\\left( s\\right)  = \\frac{\\mathrm{{GBW}}}{s}\\frac{1 + s{C}_{\\mathrm{{ml}}}/{g}_{\\mathrm{{ma}}}}{1 + s\\frac{{C}_{\\mathrm{L}}}{{C}_{\\mathrm{{ml}}}}\\frac{{C}_{1}}{\\left( {g}_{\\mathrm{{mf}}} - {g}_{\\mathrm{m}2}\\right) } + {s}^{2}\\frac{{C}_{1}}{\\left( {g}_{\\mathrm{{mf}}} - {g}_{\\mathrm{m}2}\\right) }\\frac{{C}_{\\mathrm{L}}}{{g}_{\\mathrm{{ma}}}}} \\tag{9 - 132}\n$$\n由上式,求出其 $Q$ 值因子以及两次极点分别为\n$$\nQ = \\sqrt{\\frac{{C}_{\\mathrm{m}1}^{2}}{{C}_{1}{C}_{\\mathrm{L}}}\\frac{\\left( {g}_{\\mathrm{{mf}}} - {g}_{\\mathrm{m}2}\\right) }{{g}_{\\mathrm{{ma}}}}}\n$$\n$$\n\\left| {P}_{2,3}\\right|  = \\sqrt{\\frac{{g}_{\\mathrm{{ma}}}\\left( {{g}_{\\mathrm{{mf}}} - {g}_{\\mathrm{m}2}}\\right) }{{C}_{1}{C}_{\\mathrm{L}}}}\n$$\n(9 - 133 - b)\n忽略零点条件下环路增益的特征多项式系数应满足\n$$\n\\frac{2}{{\\omega }_{0}} = \\frac{{C}_{\\mathrm{{ml}}}}{{g}_{\\mathrm{{ml}}}}\n$$\n(9 - 134 - a)\n$$\n\\frac{2}{{\\omega }_{0}^{2}} = \\frac{{C}_{1}{C}_{\\mathrm{L}}}{{g}_{\\mathrm{m}1}\\left( {{g}_{\\mathrm{{mf}}} - {g}_{\\mathrm{m}2}}\\right) }\n$$\n(9 - 134 - b)\n$$\n\\frac{1}{{\\omega }_{0}^{3}} = \\frac{{C}_{1}{C}_{\\mathrm{{ml}}}{C}_{\\mathrm{L}}}{{g}_{\\mathrm{m}1}{g}_{\\mathrm{{ma}}}\\left( {{g}_{\\mathrm{{mf}}} - {g}_{\\mathrm{m}2}}\\right) }\n$$\n(9 - 134 - c)\n补偿电容为\n$$\n{C}_{\\mathrm{m}1} = \\sqrt{\\frac{2{g}_{\\mathrm{m}1}{C}_{1}{C}_{\\mathrm{L}}}{{g}_{\\mathrm{m}\\mathrm{f}} - {g}_{\\mathrm{m}2}}} = \\frac{4}{\\beta }\\left( \\frac{{g}_{\\mathrm{m}1}}{{g}_{\\mathrm{m}3}}\\right) {C}_{\\mathrm{L}} \\tag{9 - 135}\n$$\n其中\n$$\n\\beta  = \\sqrt{8\\frac{{C}_{\\mathrm{L}}}{{C}_{1}}\\frac{{g}_{\\mathrm{{ml}}}\\left( {{g}_{\\mathrm{{mf}}} - {g}_{\\mathrm{m}2}}\\right) }{{g}_{\\mathrm{{mL}}}^{2}}} \\tag{9 - 136}\n$$\n巴特沃思响应要求下 ${g}_{\\mathrm{{ma}}} = 4{g}_{\\mathrm{{ml}}}$ ,并且极点与输出级的跨导 ${g}_{\\mathrm{{mL}}}$ 不再相关,但 AFFC 相对于标准 NMC 的 ${C}_{\\mathrm{{ml}}}$ 的降低以及 GBW 的增加因子却与此有关。\n由于零点位于 4 倍的 GBW 处,相位裕度在 ${60}^{ \\circ  }$ 的基础上增加的幅度为\n$$\n{\\Delta \\varphi } = \\arctan \\frac{\\mathrm{{GBW}}}{{g}_{\\mathrm{{ma}}}/{C}_{\\mathrm{{ml}}}} = \\arctan \\frac{{g}_{\\mathrm{{ml}}}/{C}_{\\mathrm{{ml}}}}{{g}_{\\mathrm{{ma}}}/{C}_{\\mathrm{{ml}}}} = \\arctan \\frac{1}{4} = {13.5}^{ \\circ  } \\tag{9 - 137}\n$$\n由于补偿电容大幅度降低,且 GBW 内不存在零极对,故大信号下的压摆率和小信号下的建立时间均有明显改善。\n如图 9-15 所示的跨导控制 TCFC 补偿电路是一种与 AFFC 相对称的实现方式, 两种结构都采用基于跨导增益的电容反馈补偿。 AFFC 中的 ${g}_{\\mathrm{{ma}}} - C$ 补偿在 ${C}_{\\mathrm{{ml}}}$ 的外环,内环 ${C}_{\\mathrm{m}2}$ 与 $\\mathrm{{NMC}}$ 一致; TCFC 中的 ${g}_{\\mathrm{{mt}}} - C$ 补偿则位于内环,外环 ${C}_{\\mathrm{{ml}}}$ 与 NMC 相同。采用 ${g}_{\\mathrm{{mf}}}$ 前馈网络补偿零点。设 ${k}_{\\mathrm{t}} = {g}_{\\mathrm{m}2}/{g}_{\\mathrm{{mt}}}$ , 则考虑补偿网络的高频特性后,三级运放实际为包含了 4 个极点与 3 个零点的高阶系统, 其开环传递函数可表示为\n$$\n{A}_{\\mathrm{{cl}}}\\left( s\\right)  = \\frac{{A}_{0}\\left( {1 + s\\frac{1}{{\\omega }_{4}} - {s}^{2}\\frac{1}{{\\omega }_{4}{\\omega }_{5}} - {s}^{3}\\frac{1}{{\\omega }_{4}{\\omega }_{5}{\\omega }_{6}}}\\right) }{\\left( {1 + s\\frac{1}{{p}_{1}}}\\right) \\left( {1 + s\\frac{1}{{\\omega }_{1}} + {s}^{2}\\frac{1}{{\\omega }_{1}{\\omega }_{2}} + {s}^{3}\\frac{1}{{\\omega }_{1}{\\omega }_{2}{\\omega }_{3}}}\\right) } \\tag{9 - 138}\n$$\n![0196aaa2-bbe2-70ee-823d-d4abf5c67805_278_647_1567_794_442_0.jpg](images/0196aaa2-bbe2-70ee-823d-d4abf5c67805_278_647_1567_794_442_0.jpg)\n图 9-15 TCFC 补偿结构\n式中各级输出独立的特征频率为\n$$\n{\\omega }_{1} = \\frac{1}{1 + {k}_{\\mathrm{t}}}\\frac{{g}_{\\mathrm{m}2}}{{C}_{\\mathrm{m}2}}\n$$\n(9 - 139 - a)\n$$\n{\\omega }_{2} = \\left( {1 + {k}_{\\mathrm{t}}}\\right) \\frac{{C}_{\\mathrm{m}2}}{{C}_{2}}\\frac{{g}_{\\mathrm{m}3}}{{C}_{\\mathrm{L}}}\n$$\n(9 - 139 - b)\n$$\n{\\omega }_{3} = {\\omega }_{4} = {\\omega }_{6} = \\frac{1}{{k}_{\\mathrm{t}}}\\frac{{g}_{\\mathrm{m}2}}{{C}_{\\mathrm{m}2}};{\\omega }_{5} = {k}_{\\mathrm{t}}\\frac{{C}_{\\mathrm{m}2}}{{C}_{2}}\\frac{{g}_{\\mathrm{m}3}}{{g}_{\\mathrm{m}1}}\\mathrm{{GWB}} = {k}_{\\mathrm{t}}\\frac{{C}_{\\mathrm{m}2}}{{C}_{2}}\\frac{{g}_{\\mathrm{m}3}}{{C}_{\\mathrm{m}1}} \\tag{9 - 140}\n$$\n考虑到 RHP 零点远大于 GBW, 为简化分析忽略其影响, 则单位负反馈闭环传递函数为\n$$\n{A}_{\\mathrm{{cl}}}\\left( s\\right)  = \\frac{1}{1 + s\\frac{1}{\\mathrm{{GBW}}} + {s}^{2}\\frac{1}{\\mathrm{{GBW}}{\\omega }_{1}} + {s}^{3}\\frac{1}{\\mathrm{{GBW}}{\\omega }_{1}{\\omega }_{2}} + {s}^{4}\\frac{1}{\\mathrm{{GBW}}{\\omega }_{1}{\\omega }_{2}{\\omega }_{3}}} \\tag{9 - 141}\n$$\n带入 Routh 稳定性判据得到的两个条件,其中 ${\\omega }_{3} > {\\omega }_{1}$ 的约束无条件满足,另一个约束条件则限制 GBW 为\n$$\n\\mathrm{{GBW}} = \\frac{{g}_{\\mathrm{m}1}}{{C}_{\\mathrm{m}1}} \\leq  \\frac{{C}_{\\mathrm{m}2}}{{C}_{2}}\\frac{{g}_{\\mathrm{m}3}}{{C}_{\\mathrm{L}}} < {\\omega }_{2} \\tag{9 - 142}\n$$\n显然, ${\\omega }_{1} \\ll  {\\omega }_{2}$ , ${\\omega }_{1} < {\\omega }_{3}$ , ${\\omega }_{1}$ 为最低的次极点频率, ${\\omega }_{3}$ 和 ${\\omega }_{2}$ 为高频极点频率, LHP 零点频率 ${\\omega }_{4}$ 与 ${\\omega }_{3}$ 系统只剩余 ${\\omega }_{1}$ 和 ${\\omega }_{2}$ 次极点。由于实极点分离,相位裕度为\n$$\n\\mathrm{{PM}} = {90}^{ \\circ  } - \\arctan \\left( \\frac{\\mathrm{{GBW}}}{{\\omega }_{1}}\\right)  + \\arctan \\left( \\frac{\\mathrm{{GBW}}}{z}\\right)  \\tag{9 - 143}\n$$\n式中 $z = {\\omega }_{4}$ 。\n#### 9.4.6 反相嵌套 Miller 补偿——RNMC\nRNMC 是与 NMC 相对应的一种反相嵌套 Miller 电容补偿结构, 两者结构互补对称, 依据的补偿原理基本相同。首先,外环反馈电容 ${C}_{\\mathrm{{ml}}}$ 主要用于实现对主极点的压缩,中间级的内环反馈电容 ${C}_{\\mathrm{m}2}$ 主要控制中间极点和输出极点的相互关系。直观上看, ${C}_{\\mathrm{m}2}$ 对 ${A}_{2}$ 的反馈,降低了 ${A}_{2}$ 的输出阻抗并使其极点提高。\nRNMC适合于输入和输出为同相放大、而中间级为反相放大的三级运放的补偿结构。 在差分输入结构中,差分输入级可灵活配置首级输入的正负极性,因此只需控制后两级的放大为反相与同相放大。增益的极性控制保证了 RNMC 中两个电容均为局部负反馈的反馈性质。与基本的 NMC 补偿相比,由于 ${C}_{\\mathrm{{ml}}}$ 和 ${C}_{\\mathrm{m}2}$ 在第一级的输出相连,在相同的补偿电容约束条件下, 补偿电容对主极点的压缩效果更明显。与此同时, 相对于 NMC 结构, RNMC 补偿电容对电路的容性负载减弱。\n图 9-16 给出了基于 RNMC 局部调整的各类改进结构,主要针对零点的抑制或消除。 当补偿中没有串联 ${R}_{\\mathrm{m}}$ 时,通常要求 ${g}_{\\mathrm{m}3} \\gg  {g}_{\\mathrm{m}1},{g}_{\\mathrm{m}3} \\gg  {g}_{\\mathrm{m}2}$ 。这是因为 $\\mathrm{{RHP}}$ 零点的存在,当以上条件不满足时, RHP 零点向低频移动, 使稳定性受到威胁。\n![0196aaa2-bbe2-70ee-823d-d4abf5c67805_280_173_434_1218_717_0.jpg](images/0196aaa2-bbe2-70ee-823d-d4abf5c67805_280_173_434_1218_717_0.jpg)\n图 9-16 基于反向 RNMC 的三级运放补偿结构\nRNMCNR: 在 RNMC 的基础上增加一个串联调节电阻以消除右半平面零点, 具体电路如图 9-17 所示。当 ${R}_{\\mathrm{m}} = 1/{g}_{\\mathrm{m}2}$ 时,只剩下一个 $\\mathrm{{LHP}}$ 零点,但为保证 ${\\mathrm{{PM60}}}^{ \\circ  }$ 相位裕度的要求,必须满足 ${g}_{\\mathrm{m}2,3}/{g}_{\\mathrm{{ml}}} > \\tan {60}^{ \\circ  }$ ,即第二,三级的跨导增益必须至少大于第一级跨导增益 7 倍以上。因此,利用 RNMCNR 补偿技术消除右半平面零点的适用范围受到限制。\nRNMCVF: 由一个电压跟随器消除右半平面零点, 减弱右半平面零点的影响, 减小补偿电容 ${C}_{\\mathrm{m}2}$ 的数值。一个电压跟随器不影响输出摆幅。\nRNMCCF: 由一个电流跟随器消除右半平面零点, 减弱右半平面零点的影响。即使 CF 为有限的输入阻抗,多出的零极点也位于高频区,对稳定性影响不大。\n![0196aaa2-bbe2-70ee-823d-d4abf5c67805_280_350_1631_860_391_0.jpg](images/0196aaa2-bbe2-70ee-823d-d4abf5c67805_280_350_1631_860_391_0.jpg)\n图 9-17 RNMCNR 电路实现\n只有中间级为反相放大级的三级运放可以用 RNMC 的补偿结构。一般情况下, RN- $\\mathrm{{MC}}$ 补偿结构包含三个极点和两个零点,其中一个为 $\\mathrm{{LHP}}$ 零点,另一个为 $\\mathrm{{RHP}}$ 零点,并且 RHP 零点比 LHP 零点频率要低。因此, 如何消除 RHP 零点成为一个关键问题。比较针对 $\\mathrm{{RHP}}$ 零点消除的三种改进的补偿结构, RNMCNR 补偿结构适用范围受到各增益级跨导的限制, 另两种 RNMCVF 和 RNMCCF 补偿结构, 对各增益级跨导没有特定的要求, 即便在低电压电路中也不会减小输出摆幅,并且 RNMCVF 在减小功耗和芯片面积方面比 RN-MCCF 更有效。"
}