{
  "section_num": "7.5",
  "title": "小结",
  "start_line": 5633,
  "end_line": 5640,
  "content": "### 7.5 小结\n运放电路设计与应用紧密相连,运放构成的系统多为负反馈闭环系统。输入、输出阻抗以及输出极点位置随负载特性的变化,将导致开环运放性能的退化。因此,从输入、输出阻抗及极点变化与匹配的要求出发,开环运放应当与所采用的闭环负反馈结构相匹配,以充分发挥开环运放的性能。具体而言, 四种类型的闭环负反馈, 其实现的信号处理功能类型应与开环运放的结构与功能类型相匹配。\n运放的闭环负反馈应用带来系统稳定性的问题。系统稳定性的实质是有界的输入导致有界的输出 (BIBO) 的性质, 表现在瞬态输出项的收敛性上。而瞬态收敛的要求是所有极点必须置于 $s$ 域的左半轴内,否则瞬态响应发散。所有极点位于 $\\mathrm{{LHP}}$ 的性质,可以通过控制传递函数中分母 $s$ 高阶多项式的系数而实现。开环运放的所有极点在 $s$ 域的左半轴内为系统稳定的前提条件,但并不能保证由开环构成的闭环系统的极点也位于 LHP,这是反馈性质控制的问题,涉及高频下的相位移,即频率特性。\n本章采用不同的方法讨论开环与闭环系统的稳定分析与设计技术, 同时对不同类型的闭环负反馈电路结构特点与应用进行系统的归纳和总结。其中根轨迹和 Bode 图都是采用图解方法即依据开环或闭环的极点分布关系,设计系统的稳定性和瞬态响应特性。此外,直接采用基于闭环极点的直接数学求解, 也可实现对系统的稳定性设计。以上各种方法还可相互兼容,以提高设计和理解层次。"
}