{
  "section_num": "4.6",
  "title": "小结",
  "start_line": 2991,
  "end_line": 2998,
  "content": "### 4.6 小结\n本章在介绍了电压模、电流模基准的基本原理以及对电压模基准的误差和高阶曲率补偿分析的基础上,详细介绍了常规带隙电压基准的设计方法和电路结构。\n电压和电流基准的重要性能参数是温度系数。本章讨论了多种补偿结构, 其基本思想是基于常系数的正负温度系数电压或电流量的相互补偿。设计的关键在于 PTAT 电流电压的产生, ${V}_{\\mathrm{{BE}}}$ 以及亚阈状态下的 ${V}_{\\mathrm{{GS}}}$ 及其所对应的差值 $\\Delta {V}_{\\mathrm{{BE}}}$ 与 $\\Delta {V}_{\\mathrm{{GS}}}$ ,可用于产生负温度和正温度系数电压与电流, 并采用电流模或电压模的方式在输出负载上得到所需要的基准。 基于稳定的温度补偿,不但实现了输出基准的温度稳定性,而且达到了基准所必备的电压无关性和工艺健壮性。\n本章重点介绍了目前 CMOS 带隙基准的各类典型结构。但由于基准结构繁多,因此, 对于设计者而言,需要掌握这些结构的基本原理和设计思想,并能根据需要,灵活应用。另一方面,基准电路作为重要的一类 IP 模块,在健壮性设计的基础上,还必须实现针对不同应用的可编程或可配置设计。"
}