{
  "nodes": [
    {
      "id": "bc_3_2_2_1",
      "label": "传递函数",
      "node_type": "basic_concept",
      "summary": "传递函数是描述线性时不变系统输入输出关系的数学表达式，在频域中表示系统的频率响应特性。对于一阶高通滤波器，传递函数为H(s) = sRC/(1 + sRC)，其中s是复频率变量，R是电阻值，C是电容值。",
      "difficulty": 2,
      "keywords": [
        "传递函数",
        "频域",
        "频率响应"
      ],
      "formulas": [
        "H(s) = sRC/(1 + sRC)"
      ],
      "applications": [
        "滤波器设计",
        "信号处理"
      ],
      "related_sections": [],
      "prerequisites": [
        "拉普拉斯变换",
        "电路理论"
      ],
      "derived_concepts": [],
      "practical_examples": [],
      "technical_details": "传递函数是描述线性时不变系统输入输出关系的数学表达式，在频域中表示系统的频率响应特性。对于一阶高通滤波器，传递函数为H(s) = sRC/(1 + sRC)，其中s是复频率变量，R是电阻值，C是电容值。"
    },
    {
      "id": "bc_3_2_2_2",
      "label": "截止频率",
      "node_type": "basic_concept",
      "summary": "截止频率是滤波器频率响应中信号幅度下降至-3dB（即0.707倍）时的频率点。对于一阶高通滤波器，截止频率fc = 1/(2πRC)，其中R是电阻值，C是电容值。",
      "difficulty": 2,
      "keywords": [
        "截止频率",
        "-3dB",
        "频率响应"
      ],
      "formulas": [
        "fc = 1/(2πRC)"
      ],
      "applications": [
        "滤波器设计",
        "信号处理"
      ],
      "related_sections": [],
      "prerequisites": [
        "频率响应",
        "分贝概念"
      ],
      "derived_concepts": [],
      "practical_examples": [],
      "technical_details": "截止频率是滤波器频率响应中信号幅度下降至-3dB（即0.707倍）时的频率点。对于一阶高通滤波器，截止频率fc = 1/(2πRC)，其中R是电阻值，C是电容值。"
    },
    {
      "id": "ct_3_2_2_1",
      "label": "一阶高通滤波器设计",
      "node_type": "core_technology",
      "summary": "一阶高通滤波器的设计方法基于传递函数H(s) = sRC/(1 + sRC)，通过选择合适的电阻R和电容C值来实现所需的截止频率fc = 1/(2πRC)。设计步骤包括：1) 确定截止频率需求；2) 选择R或C中的一个值；3) 计算另一个元件的值；4) 验证频率响应。",
      "difficulty": 3,
      "keywords": [
        "滤波器设计",
        "RC电路",
        "频率响应"
      ],
      "formulas": [
        "H(s) = sRC/(1 + sRC)",
        "fc = 1/(2πRC)"
      ],
      "applications": [
        "音频处理",
        "信号调理"
      ],
      "related_sections": [],
      "prerequisites": [],
      "derived_concepts": [],
      "practical_examples": [],
      "technical_details": "一阶高通滤波器的设计方法基于传递函数H(s) = sRC/(1 + sRC)，通过选择合适的电阻R和电容C值来实现所需的截止频率fc = 1/(2πRC)。设计步骤包括：1) 确定截止频率需求；2) 选择R或C中的一个值；3) 计算另一个元件的值；4) 验证频率响应。"
    },
    {
      "id": "ca_3_2_2_1",
      "label": "一阶高通滤波器电路",
      "node_type": "circuit_application",
      "summary": "一阶高通滤波器电路由一个电阻R和一个电容C组成，电容串联在信号路径上，电阻并联到地。该电路允许高频信号通过而衰减低频信号，其截止频率由fc = 1/(2πRC)决定。",
      "difficulty": 4,
      "keywords": [
        "RC电路",
        "高通滤波",
        "信号处理"
      ],
      "formulas": [
        "fc = 1/(2πRC)"
      ],
      "applications": [
        "音频处理",
        "直流隔离"
      ],
      "related_sections": [],
      "prerequisites": [],
      "derived_concepts": [],
      "practical_examples": [],
      "technical_details": "一阶高通滤波器电路由一个电阻R和一个电容C组成，电容串联在信号路径上，电阻并联到地。该电路允许高频信号通过而衰减低频信号，其截止频率由fc = 1/(2πRC)决定。"
    }
  ],
  "edges": [
    {
      "source_id": "bc_3_2_2_1",
      "target_id": "ct_3_2_2_1",
      "relationship": "enables",
      "description": "传递函数的概念使能了一阶高通滤波器的设计方法",
      "weight": 0.9,
      "evidence": "传递函数H(s) = sRC/(1 + sRC)是设计滤波器的基础",
      "bidirectional": false
    },
    {
      "source_id": "bc_3_2_2_2",
      "target_id": "ct_3_2_2_1",
      "relationship": "supports",
      "description": "截止频率的概念支撑了一阶高通滤波器的设计方法",
      "weight": 0.8,
      "evidence": "截止频率公式fc = 1/(2πRC)是设计过程中的关键参数",
      "bidirectional": false
    },
    {
      "source_id": "ct_3_2_2_1",
      "target_id": "ca_3_2_2_1",
      "relationship": "implements",
      "description": "一阶高通滤波器设计方法实现了具体的电路应用",
      "weight": 0.9,
      "evidence": "设计方法直接指导了RC电路的实现",
      "bidirectional": false
    },
    {
      "source_id": "bc_3_2_2_1",
      "target_id": "bc_3_2_2_2",
      "relationship": "relates_to",
      "description": "传递函数与截止频率密切相关",
      "weight": 0.7,
      "evidence": "传递函数中的sRC项直接决定了截止频率",
      "bidirectional": true
    }
  ],
  "section_num": "3.2.2",
  "title": "一阶高通滤波器",
  "extraction_timestamp": "2025-07-08T15:30:51.742098",
  "validation_timestamp": "2025-07-08T15:32:54.290654"
}