{
  "nodes": [
    {
      "id": "bc_1_5_1",
      "label": "模拟集成电路分析",
      "node_type": "basic_concept",
      "summary": "模拟集成电路分析是指对模拟电路进行理论分析和性能评估的过程，包括直流分析、交流分析、噪声分析等。Gray等人的著作详细介绍了这些分析方法。",
      "difficulty": 3,
      "keywords": [
        "直流分析",
        "交流分析",
        "噪声分析"
      ],
      "formulas": [
        "小信号模型",
        "噪声功率谱密度"
      ],
      "applications": [
        "放大器设计",
        "滤波器设计"
      ],
      "related_sections": [],
      "prerequisites": [
        "电路理论",
        "半导体物理"
      ],
      "derived_concepts": [],
      "practical_examples": [],
      "technical_details": "模拟集成电路分析是指对模拟电路进行理论分析和性能评估的过程，包括直流分析、交流分析、噪声分析等。Gray等人的著作详细介绍了这些分析方法。"
    },
    {
      "id": "bc_1_5_2",
      "label": "CMOS技术特性",
      "node_type": "basic_concept",
      "summary": "CMOS技术特性描述了CMOS工艺在模拟和射频设计中的关键参数和行为。Razavi的论文详细讨论了这些特性及其对电路设计的影响。",
      "difficulty": 4,
      "keywords": [
        "工艺参数",
        "器件模型",
        "射频特性"
      ],
      "formulas": [
        "BSIM模型",
        "寄生参数提取"
      ],
      "applications": [
        "射频电路设计",
        "低功耗设计"
      ],
      "related_sections": [],
      "prerequisites": [
        "半导体工艺",
        "器件物理"
      ],
      "derived_concepts": [],
      "practical_examples": [],
      "technical_details": "CMOS技术特性描述了CMOS工艺在模拟和射频设计中的关键参数和行为。Razavi的论文详细讨论了这些特性及其对电路设计的影响。"
    },
    {
      "id": "ct_1_5_1",
      "label": "CMOS模拟电路设计方法",
      "node_type": "core_technology",
      "summary": "Allen和Holberg的著作系统介绍了CMOS模拟电路的设计方法，包括偏置技术、增益级设计、频率补偿等核心技术。",
      "difficulty": 4,
      "keywords": [
        "偏置技术",
        "增益级",
        "频率补偿"
      ],
      "formulas": [
        "增益带宽积",
        "相位裕度"
      ],
      "applications": [
        "运算放大器设计",
        "数据转换器"
      ],
      "related_sections": [],
      "prerequisites": [],
      "derived_concepts": [],
      "practical_examples": [],
      "technical_details": "Allen和Holberg的著作系统介绍了CMOS模拟电路的设计方法，包括偏置技术、增益级设计、频率补偿等核心技术。"
    },
    {
      "id": "ct_1_5_2",
      "label": "运算放大器设计技术",
      "node_type": "core_technology",
      "summary": "Huijsing的专著详细阐述了运算放大器的理论和设计技术，包括拓扑选择、稳定性分析和噪声优化等方面。",
      "difficulty": 4,
      "keywords": [
        "拓扑结构",
        "稳定性",
        "噪声优化"
      ],
      "formulas": [
        "开环增益",
        "共模抑制比"
      ],
      "applications": [
        "传感器接口",
        "有源滤波器"
      ],
      "related_sections": [],
      "prerequisites": [],
      "derived_concepts": [],
      "practical_examples": [],
      "technical_details": "Huijsing的专著详细阐述了运算放大器的理论和设计技术，包括拓扑选择、稳定性分析和噪声优化等方面。"
    },
    {
      "id": "ca_1_5_1",
      "label": "CMOS运算放大器",
      "node_type": "circuit_application",
      "summary": "Baker等人的著作提供了CMOS运算放大器的详细设计实例，包括电路结构、版图考虑和性能优化。",
      "difficulty": 5,
      "keywords": [
        "差分对",
        "输出级",
        "补偿网络"
      ],
      "formulas": [
        "转换速率",
        "输入失调电压"
      ],
      "applications": [
        "数据采集系统",
        "模拟信号处理"
      ],
      "related_sections": [],
      "prerequisites": [],
      "derived_concepts": [],
      "practical_examples": [],
      "technical_details": "Baker等人的著作提供了CMOS运算放大器的详细设计实例，包括电路结构、版图考虑和性能优化。"
    },
    {
      "id": "ca_1_5_2",
      "label": "射频CMOS电路",
      "node_type": "circuit_application",
      "summary": "Razavi的著作包含了射频CMOS电路的设计实例，如LNA、混频器和VCO等，重点讨论了高频特性与设计权衡。",
      "difficulty": 5,
      "keywords": [
        "LNA",
        "混频器",
        "VCO"
      ],
      "formulas": [
        "噪声系数",
        "线性度指标"
      ],
      "applications": [
        "无线通信",
        "射频识别"
      ],
      "related_sections": [],
      "prerequisites": [],
      "derived_concepts": [],
      "practical_examples": [],
      "technical_details": "Razavi的著作包含了射频CMOS电路的设计实例，如LNA、混频器和VCO等，重点讨论了高频特性与设计权衡。"
    }
  ],
  "edges": [
    {
      "source_id": "bc_1_5_1",
      "target_id": "ct_1_5_1",
      "relationship": "enables",
      "description": "模拟集成电路分析为CMOS模拟电路设计提供了理论基础和分析方法",
      "weight": 0.9,
      "evidence": "Gray等人的分析方法和Allen的设计方法之间存在明显的理论到实践的过渡",
      "bidirectional": false
    },
    {
      "source_id": "bc_1_5_2",
      "target_id": "ca_1_5_2",
      "relationship": "supports",
      "description": "CMOS技术特性的理解是设计高性能射频CMOS电路的基础",
      "weight": 0.85,
      "evidence": "Razavi的工艺特性研究与射频电路设计之间存在直接关联",
      "bidirectional": false
    },
    {
      "source_id": "ct_1_5_1",
      "target_id": "ca_1_5_1",
      "relationship": "implements",
      "description": "CMOS模拟电路设计方法直接应用于运算放大器的具体实现",
      "weight": 0.95,
      "evidence": "Allen的设计方法与Baker的运算放大器实例之间存在明确的实现关系",
      "bidirectional": false
    },
    {
      "source_id": "ct_1_5_2",
      "target_id": "ca_1_5_1",
      "relationship": "applies_to",
      "description": "运算放大器设计技术直接应用于CMOS运算放大器的优化",
      "weight": 0.9,
      "evidence": "Huijsing的理论与Baker的实践之间存在应用关系",
      "bidirectional": false
    }
  ],
  "section_num": "1.5",
  "title": "参考文献",
  "extraction_timestamp": "2025-07-08T16:32:01.918975"
}