[
  {
    "id": "main_1",
    "section_num": "1.1",
    "label": "模拟集成电路的历史地位",
    "summary": "介绍模拟集成电路在SoC中的核心地位及数字/模拟混合信号处理的必要性",
    "difficulty": 1,
    "knowledge_layer": "基础理论层",
    "key_concepts": [
      "SoC",
      "混合信号处理",
      "数字化趋势"
    ],
    "prerequisites": [],
    "learning_objectives": [
      "理解模拟电路在IC中的角色",
      "掌握数模混合系统特点"
    ]
  },
  {
    "id": "main_2",
    "section_num": "2.2",
    "label": "PN结与晶体管",
    "summary": "深入分析PN结物理特性及BJT/MOS晶体管工作原理",
    "difficulty": 2,
    "knowledge_layer": "器件技术层",
    "key_concepts": [
      "PN结方程",
      "载流子扩散",
      "阈值电压"
    ],
    "prerequisites": [
      "1.3"
    ],
    "learning_objectives": [
      "掌握PN结非线性特性",
      "理解双极型与场效应晶体管差异"
    ]
  },
  {
    "id": "main_3",
    "section_num": "3.4",
    "label": "电流镜互偏结构",
    "summary": "分析基于电流镜的高精度互偏置电路设计与电源抑制原理",
    "difficulty": 3,
    "knowledge_layer": "电路设计层",
    "key_concepts": [
      "电流匹配",
      "输出阻抗",
      "PSRR"
    ],
    "prerequisites": [
      "2.3",
      "3.2"
    ],
    "learning_objectives": [
      "设计抗电源扰动的偏置电路",
      "掌握电流镜匹配技术"
    ]
  },
  {
    "id": "main_4",
    "section_num": "5.4",
    "label": "差分放大电路",
    "summary": "详解差分对结构及其共模抑制特性",
    "difficulty": 3,
    "knowledge_layer": "电路设计层",
    "key_concepts": [
      "CMRR",
      "尾电流源",
      "跨导线性化"
    ],
    "prerequisites": [
      "3.6",
      "5.2"
    ],
    "learning_objectives": [
      "设计全差分放大器",
      "优化共模抑制比"
    ]
  },
  {
    "id": "main_5",
    "section_num": "7.3",
    "label": "系统的频率特性与稳定性",
    "summary": "建立传递函数模型分析极点位置与系统稳定性的关系",
    "difficulty": 4,
    "knowledge_layer": "系统应用层",
    "key_concepts": [
      "相位裕度",
      "极点分离",
      "奈奎斯特判据"
    ],
    "prerequisites": [
      "6.2",
      "7.2"
    ],
    "learning_objectives": [
      "设计稳定闭环系统",
      "补偿多极点系统"
    ]
  },
  {
    "id": "main_6",
    "section_num": "11.4",
    "label": "非本征噪声",
    "summary": "研究电源噪声耦合机制及PSRR优化技术",
    "difficulty": 4,
    "knowledge_layer": "高级优化层",
    "key_concepts": [
      "电源纹波",
      "噪声传输路径",
      "衬底耦合"
    ],
    "prerequisites": [
      "9.3",
      "10.4"
    ],
    "learning_objectives": [
      "抑制电源噪声干扰",
      "设计高PSRR电路"
    ]
  }
]